osm_id,name,kind,lat,lon,water_id
881706799,,launch,45.533362,-78.728434,180739422
916774768,,launch,45.51552,-78.806353,78033439
916775754,,launch,45.500453,-78.849947,2998120
916779036,,launch,45.532413,-78.796642,78033502
916780671,,launch,45.529585,-78.782545,78033175
916781443,,launch,45.520483,-78.778048,78033468
916784016,,launch,45.534022,-78.791043,78033502
916784594,,launch,45.530358,-78.826885,78033181
916786940,,launch,45.53386,-78.815006,78033181
916786951,,launch,45.539826,-78.800805,78032988
916787116,,launch,45.533366,-78.804995,1182170
916787322,,launch,45.52923,-78.828014,78033181
916789416,,launch,45.512886,-78.824406,1152997388
916789646,,launch,45.53022,-78.797624,78033502
916790972,,launch,45.524949,-78.826605,78033402
916794847,,launch,45.528638,-78.800793,1182170
916795364,,launch,45.517771,-78.80333,78033439
916795615,,launch,45.516625,-78.803376,78033439
916796233,,launch,45.522178,-78.768178,78033820
960267320,,launch,45.480342,-78.702483,82510639
960269653,,launch,45.477281,-78.710843,82510367
1911999758,,launch,45.534833,-78.705223,2411726
1912306552,,launch,45.481573,-78.767412,180764868
1912306581,,launch,45.48207,-78.765255,2412306
1912306954,,launch,45.493754,-78.751508,2998118
1914568862,,launch,45.444929,-78.829036,181014547
1914569100,,launch,45.439833,-78.829922,181014547
1914840157,,launch,45.412384,-78.860227,2416076
1914848446,,launch,45.426335,-78.807167,-124
1914848653,,launch,45.427192,-78.805287,-124
1914848832,,launch,45.428394,-78.795729,-125
1917170919,,launch,45.457026,-78.736777,181285887
1917172099,,launch,45.452969,-78.741538,181285918
2422009115,,launch,45.538303,-78.918869,78040067
8092269878,,launch,45.499918,-78.862744,2998116
9029783666,,launch,45.534165,-78.723346,180739422
9029783694,,launch,45.53104,-78.735516,975803919
9029783755,,launch,45.535387,-78.754383,1182171
9029783759,,launch,45.529645,-78.766246,975803921
9029783777,,launch,45.530128,-78.771865,78033175
9029783881,,launch,45.536845,-78.840109,1182168
9920065508,,launch,45.525747,-78.921602,-11
10698180821,,launch,45.480451,-78.696389,82510639
10700906017,,launch,45.454786,-78.740744,181285887
10700906025,,launch,45.465695,-78.723805,82510546
10700906049,,launch,45.473664,-78.714604,82510367
10700906053,,launch,45.47212,-78.720944,82510546
10710040445,,launch,45.536309,-78.920958,78040067
10722350075,,launch,45.537354,-78.821368,1182168
10722350091,,launch,45.534232,-78.82157,78033181
10722350099,,launch,45.529677,-78.827589,78033181
10722350122,,launch,45.518797,-78.791068,78033118
10722350204,,launch,45.519139,-78.785639,78033118
10722350211,,launch,45.528321,-78.76475,975803921
10723998157,,launch,45.523037,-78.803994,78033657
10723998167,,launch,45.515129,-78.811289,1152997388
10724025919,,launch,45.52085,-78.826638,78033402
10854275215,,launch,45.483441,-78.764379,2412306
10854275230,,launch,45.486462,-78.772663,1241113
10854275338,,launch,45.495494,-78.749984,2998118
10899461831,,launch,45.440001,-78.778517,82616409
10899461843,,launch,45.438708,-78.780019,82616409
10899461845,,launch,45.435299,-78.788962,181069954
10899461871,Oxtongue River Access Point,launch,45.413175,-78.860265,181020709
10899462289,,launch,45.439378,-78.829012,181014547
10899462334,,launch,45.443417,-78.827939,181014547
11810017377,,launch,45.515267,-78.723577,2998118
78033355,Mink Creek,launch,45.515129,-78.811289,1152997388
82616815,Gateway Creek,launch,45.450659,-78.748465,181285918
82616902,Gateway Creek,launch,45.44464,-78.768442,82616543
181069958,Gateway Creek,launch,45.442342,-78.777126,82616409
181285921,Gateway Creek,launch,45.452969,-78.741538,181285918
1163707416,,launch,45.571468,-78.719502,2411726
1163746866,Smoke Creek,launch,45.495949,-78.656024,6463477
1167248750,Oxtongue River,launch,45.481835,-78.765303,2412306
1167248753,Oxtongue River,launch,45.489389,-78.754554,2412306
1167248755,,launch,45.512966,-78.72475,2998118
1167248756,,launch,45.533131,-78.729541,74647337
1167248757,,launch,45.53386,-78.722513,180739422
1167248758,,launch,45.539954,-78.71664,2411726
1167248761,,launch,45.533277,-78.701658,6463477
1167248773,Gateway Creek,launch,45.470565,-78.721502,82510546
1167248774,Gateway Creek,launch,45.477011,-78.71146,82510367
1167248775,,launch,45.480633,-78.697139,82510639
1167248778,Smoke Creek,launch,45.522766,-78.70746,6463477
1173065654,Gateway Creek,launch,45.456842,-78.737241,181285887
1173065655,Gateway Creek,launch,45.450659,-78.748465,181285918
1173065656,Gateway Creek,launch,45.44464,-78.768442,82616543
1173065657,Gateway Creek,launch,45.442342,-78.777126,82616409
1173065658,Gateway Creek,launch,45.440001,-78.778517,82616409
1173065659,Gateway Creek,launch,45.438708,-78.780019,82616409
1173065660,Gateway Creek,launch,45.437352,-78.781866,181069954
1173065661,,launch,45.427939,-78.798706,-125
1173065665,,launch,45.423898,-78.812242,-124
1173065668,,launch,45.412384,-78.860227,2416076
1173065669,Gateway Creek,launch,45.422131,-78.821059,2416076
1173065672,,launch,45.413408,-78.860494,181020709
1173065674,Gateway Creek,launch,45.413408,-78.860494,181020709
1173065675,Oxtongue River,launch,45.439161,-78.828927,181014547
1173065677,,launch,45.439378,-78.829012,181014547
1173065678,,launch,45.439697,-78.830282,181014547
1173065679,,launch,45.443417,-78.827939,181014547
1173065680,,launch,45.444965,-78.829163,181014547
1173065681,Oxtongue River,launch,45.4432,-78.828031,181014547
1173065686,Oxtongue River,launch,45.471169,-78.786816,2412306
1173069759,,launch,45.52923,-78.828014,78033181
1173069760,,launch,45.533529,-78.821529,78033181
1173069761,,launch,45.530358,-78.826885,78033181
1173069762,Oak Creek,launch,45.523548,-78.826502,78033402
1173069764,,launch,45.500805,-78.841882,2998120
1173069765,,launch,45.512713,-78.824321,1152997389
1173069766,,launch,45.513445,-78.81654,78033123
1173069768,,launch,45.516692,-78.804277,78033439
1173069769,Mink Creek,launch,45.517125,-78.803898,78033439
1173069770,,launch,45.518797,-78.791068,78033118
1173069771,,launch,45.520343,-78.773632,78033468
1173069772,,launch,45.529884,-78.765235,975803921
1173069773,,launch,45.532028,-78.795682,78033502
1173069774,,launch,45.53022,-78.797624,78033502
1173069777,,launch,45.529482,-78.78217,78033175
1173069778,Tonakela Creek,launch,45.529645,-78.766246,975803921
1173069779,,launch,45.535212,-78.754993,1182171
1178791219,,launch,45.539928,-78.801166,1182168
1178791221,Big East River,launch,45.559774,-78.782865,1182168
1178791222,,launch,45.537933,-78.8217,1182168
1181902903,,launch,45.529877,-78.802936,1182170
1181902904,,launch,45.528261,-78.80285,1182170
1181902905,,launch,45.523622,-78.804008,1182170
1271780716,,launch,45.483441,-78.764379,2412306
1271780717,,launch,45.481835,-78.765303,2412306
1271780718,,launch,45.481573,-78.767412,180764868
1271780719,Oxtongue River,launch,45.483571,-78.76432,2412306
1271780720,,launch,45.493754,-78.751508,2998118
1271780721,,launch,45.495748,-78.749973,2998118
1271780724,,launch,45.534833,-78.705223,2411726
1271780727,,launch,45.515267,-78.723577,2998118
1271780728,,launch,45.515439,-78.717919,180740253
1271780734,,launch,45.541276,-78.693074,180752914
1271780747,,launch,45.538844,-78.700115,6463477
1537679162,,launch,45.535047,-78.706697,338158564
1539411515,Big East River,launch,45.525747,-78.921602,-11
1539412329,,launch,45.536309,-78.920958,78040067
1540380841,,launch,45.500064,-78.862753,2998116
1540380842,,launch,45.499937,-78.863102,2998116
1540380843,,launch,45.489034,-78.878192,2998116
1540380844,,launch,45.498582,-78.867634,2998116
1540380845,,launch,45.494381,-78.885846,2998116
1540987649,,launch,45.536845,-78.840109,1182168
1540987655,,launch,45.537354,-78.821368,1182168
1540987656,,launch,45.539928,-78.801166,1182168
1541276002,Oxtongue River,launch,45.48221,-78.764854,2412306
1541276003,Oxtongue River,launch,45.482641,-78.764378,2412306
1541276007,Oxtongue River,launch,45.49368,-78.751776,2412306
1541276008,Oxtongue River,launch,45.489887,-78.754372,2412306
1541276010,,launch,45.493887,-78.779909,82616813
1541276011,,launch,45.487309,-78.772703,1241113
1541277189,Oxtongue River,launch,45.481145,-78.767668,2412306
1541277190,Oxtongue River,launch,45.471701,-78.785255,2412306
1541277191,Oxtongue River,launch,45.453035,-78.823832,181014547
1541277192,Oxtongue River,launch,45.454524,-78.820306,181014547
1541277193,Oxtongue River,launch,45.453764,-78.820226,181014547
1541277194,Oxtongue River,launch,45.4533,-78.822896,181014547
1541415162,,launch,45.426335,-78.807167,-124
1541415164,Bright Creek,launch,45.422354,-78.825738,2416076
1543056648,,launch,45.466587,-78.684822,6463476
1543056665,,launch,45.480451,-78.696389,82510639
1543056667,,launch,45.480453,-78.701967,82510639
1543056669,,launch,45.477011,-78.71146,82510367
1543056671,,launch,45.473664,-78.714604,82510367
1543056675,,launch,45.47212,-78.720944,82510546
1543056676,,launch,45.465803,-78.723868,82510546
1543056678,,launch,45.471457,-78.721124,82510546
1543056681,,launch,45.456842,-78.737241,181285887
1543056683,,launch,45.454786,-78.740744,181285887
1543056686,,launch,45.435299,-78.788962,181069954
1543056691,,launch,45.427939,-78.798706,-125
1543056692,,launch,45.427203,-78.805075,-124
1543058903,,launch,45.49876,-78.839865,2998120
1543058905,,launch,45.500449,-78.849546,2998120
1543058911,,launch,45.517386,-78.803668,78033439
1543058912,,launch,45.517125,-78.803898,78033439
1543058913,,launch,45.51552,-78.806353,78033439
1543058916,,launch,45.520343,-78.773632,78033468
1543058917,,launch,45.522178,-78.768178,78033820
1543058925,,launch,45.523622,-78.804008,1182170
1543058927,,launch,45.533366,-78.804995,1182170
1543058929,,launch,45.533983,-78.821389,78033181
1543058930,,launch,45.533529,-78.821529,78033181
1543058934,,launch,45.523548,-78.826502,78033402
1543058936,,launch,45.52085,-78.826638,78033402
1543064561,,launch,45.529482,-78.78217,78033175
1543064563,,launch,45.530128,-78.771865,78033175
1543064567,,launch,45.53104,-78.735516,975803919
1543064568,Tonakela Creek,launch,45.531448,-78.733885,975803919
1543064571,,launch,45.533131,-78.729541,74647337
724587220,,launch,45.219815,-78.208814,904316
724698878,,launch,45.217137,-78.223216,904224
724713010,,launch,45.223041,-78.225709,58463743
879855485,,launch,45.534259,-78.679516,6463477
886261995,,launch,45.526532,-78.332773,1152941
886273020,,launch,45.514332,-78.299643,1152943
886280855,,launch,45.519406,-78.306867,75091747
886280903,,launch,45.520783,-78.308419,75091747
886353733,,launch,45.526453,-78.339525,15583758
889729469,,launch,45.493886,-78.655624,180760076
889729502,,launch,45.495202,-78.656085,6463477
889742843,,launch,45.471035,-78.621186,6463476
889742869,,launch,45.466657,-78.617313,2419158
939131244,,launch,45.443859,-78.327091,1182607035
939131419,,launch,45.466654,-78.359564,80504462
939148403,,launch,45.492849,-78.40937,2974053
939148560,,launch,45.460955,-78.37778,6549546
939148872,,launch,45.441382,-78.479452,80505697
939150762,,launch,45.444965,-78.470823,80505697
939163982,,launch,45.406422,-78.468982,80507167
939164302,,launch,45.376295,-78.444949,1209337
939164582,,launch,45.408011,-78.467114,80507167
939165567,,launch,45.428742,-78.469363,1208470
939165569,,launch,45.377705,-78.447525,1209337
939167731,,launch,45.383227,-78.473019,80507159
939172045,,launch,45.42315,-78.317666,80507720
939172960,,launch,45.408887,-78.30919,80507740
939173737,,launch,45.417038,-78.312127,80507687
939174106,,launch,45.391283,-78.297478,1208483
939177821,,launch,45.411882,-78.311157,80507740
939177855,,launch,45.42114,-78.316888,80507720
939178800,,launch,45.405414,-78.307564,80507775
939178849,,launch,45.433669,-78.32104,80507749
939199844,,launch,45.376109,-78.246222,3377987
939200796,,launch,45.381943,-78.241099,3377987
939813841,,launch,45.336274,-78.25738,80561620
939815050,,launch,45.366461,-78.319725,-263
939817096,,launch,45.340505,-78.265487,80561426
939819476,,launch,45.327847,-78.250841,80556585
939824027,,launch,45.356288,-78.267251,80561770
939828930,,launch,45.34673,-78.270618,80561426
939839944,,launch,45.371048,-78.45363,1208476
939841259,,launch,45.371224,-78.452261,1209337
939841346,,launch,45.362972,-78.439584,1209337
939841378,,launch,45.356719,-78.440147,80562564
939843064,,launch,45.36924,-78.452347,1209337
939877078,,launch,45.279655,-78.240484,80565669
939877943,,launch,45.258271,-78.233913,-152
939878423,,launch,45.292307,-78.243536,80565661
939879172,,launch,45.272757,-78.236705,80565669
939879948,,launch,45.309643,-78.244597,80556585
959438656,,launch,45.443559,-78.504833,82422170
959438742,,launch,45.478491,-78.579347,82422972
959445537,,launch,45.490541,-78.512555,82423137
959628433,,launch,45.390475,-78.586505,82450527
959629384,,launch,45.424295,-78.579186,82450765
959629790,,launch,45.397329,-78.56447,82450900
959630507,,launch,45.423601,-78.581294,82450765
959634682,,launch,45.419478,-78.567857,3378612
959634806,,launch,45.436622,-78.542024,3378613
959634888,,launch,45.424619,-78.580653,82450765
959636546,,launch,45.394427,-78.579255,82450900
959636762,,launch,45.394843,-78.574793,82450900
959636782,,launch,45.429909,-78.587163,181376972
959637507,,launch,45.399832,-78.594425,1239545
959646882,,launch,45.359206,-78.570378,82451990
959647613,,launch,45.367978,-78.57554,-385
960257543,,launch,45.48021,-78.670314,82510368
960260664,,launch,45.47765,-78.662522,1240237
960262519,,launch,45.480974,-78.679427,82510394
960262799,,launch,45.481603,-78.655506,82510543
960268114,,launch,45.478224,-78.679424,82510394
1776045320,,launch,45.538518,-78.54572,2213674
1776045690,,launch,45.536511,-78.546154,2213674
1776046410,,launch,45.535601,-78.547359,166122627
1776719789,,launch,45.539378,-78.386955,-195
1777655013,,launch,45.526521,-78.654978,2216566
1777658017,,launch,45.532603,-78.635655,2216566
1777661385,,launch,45.525905,-78.660797,166311275
1777661624,,launch,45.525688,-78.657381,166311275
1777668255,,launch,45.538118,-78.631632,2216568
1777668667,,launch,45.534814,-78.634614,2216568
1906025313,,launch,45.516924,-78.536699,15832252
1906037726,,launch,45.520363,-78.569315,181381374
1906037766,,launch,45.530906,-78.58188,166311092
1912043033,,launch,45.529163,-78.669288,6463477
1916359045,,launch,45.481625,-78.653771,6463476
1917985469,,launch,45.458655,-78.612605,2419158
1917986005,,launch,45.455796,-78.610193,2419158
1917986795,,launch,45.447139,-78.594906,181376771
1917987319,,launch,45.438697,-78.596738,2419158
1918068426,,launch,45.452101,-78.573709,181376976
1918068723,,launch,45.448209,-78.593135,181376771
1918069640,,launch,45.47148,-78.576625,181376796
1918070152,,launch,45.471829,-78.58421,181376796
1918070589,,launch,45.471475,-78.583688,181376796
1918097578,,launch,45.47224,-78.575147,2419627
1918099123,,launch,45.48178,-78.583989,181378796
1918099227,,launch,45.482872,-78.585836,181378796
1918101877,,launch,45.489148,-78.589753,181378842
1918125895,,launch,45.523553,-78.597528,2419654
1918126301,,launch,45.501667,-78.596911,181378869
1918126404,,launch,45.504065,-78.600086,181381342
1918126435,,launch,45.502934,-78.598521,181381342
1918129232,,launch,45.524884,-78.563632,181381374
1918575541,,launch,45.514549,-78.562152,181381374
1918576092,,launch,45.526044,-78.561771,74352078
1919981362,,launch,45.498739,-78.535137,181590616
1919982263,,launch,45.49192,-78.534631,2421874
1919984741,,launch,45.490906,-78.535492,2421874
1919984986,,launch,45.499909,-78.53474,15832252
1920061228,,launch,45.482557,-78.556624,2421926
1920061927,,launch,45.486558,-78.540493,2421926
1920064799,,launch,45.482688,-78.557283,2421926
1920132012,,launch,45.488124,-78.515932,2421989
1920132312,,launch,45.48231,-78.515177,2421989
1920132960,,launch,45.477962,-78.515573,3378611
1920153309,,launch,45.445734,-78.552895,3378612
1920153644,,launch,45.449512,-78.558691,181603114
1920176130,,launch,45.448592,-78.563654,181603114
1920553422,,launch,45.4373,-78.595312,181376972
1921038601,,launch,45.460961,-78.460077,3378611
1921039191,,launch,45.451512,-78.493164,3378611
1921039249,,launch,45.452784,-78.498211,3378611
1921868790,,launch,45.479839,-78.396993,2974053
1921874178,,launch,45.476814,-78.396198,6549546
1921874827,,launch,45.478668,-78.381245,181751994
1922781239,,launch,45.422923,-78.407677,181938475
1923107413,,launch,45.492744,-78.356543,2425117
1923113277,,launch,45.468902,-78.339955,6498256
1923113987,,launch,45.469099,-78.350874,6498256
1923118796,,launch,45.46848,-78.309657,6498256
2407171583,,launch,45.425776,-78.574562,3378612
2407173018,,launch,45.434182,-78.556881,3378612
2407173039,,launch,45.435868,-78.547901,82450421
2407180240,,launch,45.436713,-78.540434,3378613
2407201759,,launch,45.492032,-78.534967,181590616
3918845142,Rock Lake Access Point (#9),launch,45.52511,-78.413178,166189583
9064942714,,launch,45.512208,-78.561243,181381374
9064942715,,launch,45.522928,-78.545508,181381374
9064973549,,launch,45.538962,-78.630853,2216568
9066850013,,launch,45.492786,-78.3553,6498256
9066898680,,launch,45.469183,-78.351966,80504462
9066898907,,launch,45.484882,-78.438735,3378611
9066898930,,launch,45.522817,-78.383599,166189604
9071754563,,launch,45.432225,-78.356094,2427708
9071754589,,launch,45.433366,-78.358433,6549546
9084292990,,launch,45.450561,-78.475185,181686278
9084336508,,launch,45.427189,-78.467091,982266080
9084336543,,launch,45.433439,-78.380658,1208473
9084336556,,launch,45.431417,-78.382986,1208473
9084336559,,launch,45.429958,-78.385976,1208473
9593195031,,launch,45.227034,-78.199494,1042373089
9593195064,,launch,45.222374,-78.201727,904316
9593195112,,launch,45.220916,-78.220478,58463743
9595366235,,launch,45.237612,-78.22492,58461712
9602165540,,launch,45.386591,-78.250338,1208484
10698174712,,launch,45.417373,-78.567695,1239543
10698180822,,launch,45.493628,-78.681775,6463477
10698180866,,launch,45.486851,-78.68273,82510465
10698180867,,launch,45.483048,-78.680075,82510312
10698180883,,launch,45.476134,-78.676549,6463476
10698180909,,launch,45.490835,-78.536147,181590616
10698180971,,launch,45.475678,-78.579515,82422972
10702988114,,launch,45.398003,-78.376714,2427708
10702988147,,launch,45.386314,-78.38981,80507134
10702988149,,launch,45.389796,-78.345975,182190740
10702988190,,launch,45.382601,-78.338483,182190740
10702988216,,launch,45.401882,-78.306673,80507775
10702988254,,launch,45.367114,-78.302936,-263
10702988301,,launch,45.372926,-78.279264,80561493
10702988305,,launch,45.373254,-78.278348,80561493
10702988307,,launch,45.386498,-78.257046,1208484
10702988349,,launch,45.382983,-78.270155,-263
10702988378,,launch,45.331238,-78.25226,80556585
10702988389,,launch,45.280244,-78.240577,80565661
10702988396,,launch,45.239988,-78.215587,904307
10705380009,,launch,45.376748,-78.442789,80507067
10705380019,,launch,45.376196,-78.445035,1209337
10705380042,,launch,45.369178,-78.451056,1209337
10705380044,,launch,45.385348,-78.47019,80507159
10705380049,,launch,45.384708,-78.471946,80507159
10705380055,,launch,45.479412,-78.37402,80504313
10705380077,,launch,45.517916,-78.39929,166189594
10705380078,,launch,45.534576,-78.383581,166189614
10705380304,,launch,45.530602,-78.332774,1152941
10705380314,,launch,45.515912,-78.283723,6498256
10705380366,,launch,45.517406,-78.306206,1152943
10705380370,,launch,45.524315,-78.31662,1152941
10705380402,,launch,45.471629,-78.32026,80504430
10705380556,,launch,45.456247,-78.334339,1208433
10724713786,,launch,45.512207,-78.600022,181381346
10724713787,,launch,45.515477,-78.601946,181381346
10724713793,,launch,45.515128,-78.606118,2419654
10724713821,,launch,45.396039,-78.47207,80506906
10724713829,,launch,45.394061,-78.471537,80506906
10724713845,,launch,45.381636,-78.471922,80507159
10738343483,,launch,45.420425,-78.576107,82450745
10738343491,,launch,45.421619,-78.576227,82450765
10854275462,,launch,45.479,-78.665867,82510368
10854275486,,launch,45.480719,-78.676547,82510394
10854275637,,launch,45.40995,-78.596304,1239545
10854275734,,launch,45.43139,-78.593944,181376972
10882336851,,launch,45.480457,-78.580855,82422972
10882336886,,launch,45.492893,-78.589794,181378842
10882336916,,launch,45.497084,-78.591188,181378869
10882336962,,launch,45.52918,-78.593038,2216561
10981717556,,launch,45.377586,-78.330618,-263
10981717562,,launch,45.376739,-78.329281,-263
10992876166,,launch,45.403717,-78.566586,1239543
10992882922,,launch,45.3789,-78.579304,82450465
10992882924,,launch,45.378741,-78.578993,82450465
10996308489,,launch,45.224295,-78.2277,58464822
10996425453,,launch,45.371868,-78.25289,80561479
11176836061,,launch,45.43172,-78.505911,82450733
11176836070,,launch,45.434129,-78.506126,3378613
13965245914,,launch,45.53878,-78.544376,2213674
13972341468,,launch,45.394667,-78.282733,1208483
14028714993,,launch,45.540065,-78.40472,9379383
14043195187,,launch,45.52224,-78.40871,2974053
75097490,Rock Creek,launch,45.556898,-78.369013,75097434
80504412,,launch,45.437579,-78.335682,80504412
80506940,Galipo River,launch,45.399964,-78.47031,80507167
80507034,Galipo River,launch,45.385495,-78.470318,80507159
80507121,Florence Creek,launch,45.427189,-78.467091,982266080
80507151,Galipo River,launch,45.396039,-78.47207,80506906
80507161,,launch,45.376327,-78.444924,1209337
80507164,Galipo River,launch,45.421668,-78.459162,2424996
80507688,South Madawaska River,launch,45.377586,-78.330618,-263
80507716,South Madawaska River,launch,45.389867,-78.345915,182190740
80561418,Hay Creek,launch,45.36486,-78.259558,80561654
80561440,,launch,45.335445,-78.256253,80561620
80561453,Hay Creek,launch,45.362335,-78.261944,80561654
80562591,,launch,45.374689,-78.433562,80506963
80565653,North York River,launch,45.258271,-78.233913,-152
82450445,,launch,45.407587,-78.600921,1239545
82450576,Hollow River,launch,45.378741,-78.578993,82450465
82450854,Hollow River,launch,45.386667,-78.579263,82450527
82452122,,launch,45.358586,-78.559407,82452166
166122589,Head Creek,launch,45.538731,-78.544315,2213674
166122637,Head Creek,launch,45.536494,-78.546054,2213674
166189593,Rock Creek,launch,45.538834,-78.390746,-195
181426485,Head Creek,launch,45.522928,-78.545508,181381374
181940355,Galipo River,launch,45.422903,-78.45141,181940354
1046371376,South Madawaska River,launch,45.411868,-78.352735,2427708
1047418685,South Madawaska River,launch,45.433568,-78.358521,6549546
1047418686,South Madawaska River,launch,45.480058,-78.396807,2974053
1163746865,,launch,45.529052,-78.670541,6463477
1163746867,Smoke Creek,launch,45.471261,-78.620924,6463476
1167248746,,launch,45.539275,-78.631151,2216559
1167248747,,launch,45.534998,-78.634383,2216568
1167248748,,launch,45.527545,-78.650792,2216566
1167248749,,launch,45.525885,-78.660645,166311275
1167248760,,launch,45.533169,-78.680133,180753051
1167248764,,launch,45.431471,-78.593772,181376972
1167248765,,launch,45.430067,-78.587716,181376972
1167248766,,launch,45.481619,-78.653483,6463476
1167248767,,launch,45.478206,-78.661022,1240237
1167248768,,launch,45.480171,-78.668686,82510368
1167248771,,launch,45.480409,-78.679423,82510394
1167248776,,launch,45.486851,-78.68273,82510465
1167248777,,launch,45.494686,-78.68151,6463477
1167248779,,launch,45.478224,-78.679424,82510394
1167248780,,launch,45.476484,-78.649019,6463476
1167248781,,launch,45.472629,-78.671894,6463476
1167248782,,launch,45.466587,-78.684822,6463476
1167248784,,launch,45.407083,-78.602654,1239545
1167248785,,launch,45.40758,-78.596685,1239545
1167248786,,launch,45.400409,-78.59539,1239545
1167248787,,launch,45.424619,-78.580653,82450765
1167248788,,launch,45.424167,-78.580039,82450765
1167248791,,launch,45.426992,-78.571524,3378612
1167248792,,launch,45.439339,-78.557627,3378612
1167248793,North Lemon Creek,launch,45.44847,-78.563297,181603114
1167248794,,launch,45.471475,-78.583688,181376796
1167248795,,launch,45.464999,-78.588306,181376771
1167248796,Head Creek,launch,45.452518,-78.574358,181376771
1167248797,Head Creek,launch,45.453744,-78.584505,181376771
1167248798,Smoke Creek,launch,45.438838,-78.596733,2419158
1171031265,,launch,45.441849,-78.475041,80505697
1171031266,,launch,45.444466,-78.47137,80505697
1171031267,,launch,45.461279,-78.460148,3378611
1171031268,,launch,45.463137,-78.503827,3378611
1171031269,,launch,45.45303,-78.497842,3378611
1171031270,,launch,45.477375,-78.515375,3378611
1171031271,,launch,45.48593,-78.515833,2421989
1171031273,,launch,45.491386,-78.533908,2421874
1171031274,,launch,45.491614,-78.514168,2421874
1171031275,Head Creek,launch,45.491381,-78.536304,181590616
1171031276,Head Creek,launch,45.492495,-78.536625,181590616
1171031277,Head Creek,launch,45.500343,-78.534511,15832252
1171031279,Head Creek,launch,45.526057,-78.561985,166122627
1171031281,,launch,45.535362,-78.547198,166122627
1171031282,,launch,45.526169,-78.56172,166122627
1171031283,Head Creek,launch,45.526169,-78.56172,166122627
1171031288,,launch,45.516978,-78.56338,181381374
1171031289,Head Creek,launch,45.523442,-78.549536,181381374
1171031291,,launch,45.478491,-78.579347,82422972
1171031292,,launch,45.482872,-78.585836,181378796
1171031295,,launch,45.492734,-78.589823,181378841
1171031297,,launch,45.501667,-78.596911,181378869
1171031298,,launch,45.503591,-78.599737,181381342
1171031299,,launch,45.515477,-78.601946,181381346
1171031300,,launch,45.516393,-78.610824,2419654
1171031304,,launch,45.550437,-78.592479,2216561
1171031306,,launch,45.530478,-78.593059,2216561
1171031310,,launch,45.540617,-78.596211,2216561
1181902901,Head Creek,launch,45.472259,-78.575035,2419627
1181902902,,launch,45.421694,-78.576413,82450765
1181903558,,launch,45.436799,-78.540375,3378613
1181903559,,launch,45.436087,-78.545571,82450421
1181903560,,launch,45.434298,-78.56025,3378612
1182380858,,launch,45.520162,-78.307861,75091747
1182380859,,launch,45.516916,-78.305745,1152943
1182380860,,launch,45.527261,-78.330942,1152941
1182380861,,launch,45.530203,-78.333325,1152941
1182607032,,launch,45.408887,-78.30919,80507740
1182607033,,launch,45.417363,-78.31214,80507687
1182607034,,launch,45.433669,-78.32104,80507749
1182607036,,launch,45.444851,-78.328276,1182607035
1182607037,,launch,45.514004,-78.278507,6498256
1182607038,,launch,45.472922,-78.340856,6498256
1182607039,,launch,45.469092,-78.350511,6498256
1182607040,,launch,45.466912,-78.357668,80504462
1182607041,,launch,45.468653,-78.308891,6498256
1182607042,,launch,45.492455,-78.355157,6498256
1182607043,,launch,45.492744,-78.356543,2425117
1182607044,,launch,45.492455,-78.355157,6498256
1182607048,,launch,45.389796,-78.345975,182190740
1182607050,,launch,45.401781,-78.372682,2427708
1182607051,South Madawaska River,launch,45.432114,-78.355626,2427708
1182607052,,launch,45.432114,-78.355626,2427708
1182607053,,launch,45.433568,-78.358521,6549546
1182607055,Galipo River,launch,45.408011,-78.467114,80507167
1182607058,Galipo River,launch,45.408356,-78.466488,2424996
1182607059,,launch,45.422382,-78.408229,181938475
1182607060,Galipo River,launch,45.426735,-78.422872,181938475
1182607061,Galipo River,launch,45.429958,-78.385976,1208473
1182607062,,launch,45.431362,-78.383332,1208473
1182607063,,launch,45.433922,-78.378855,6549546
1182607064,Galipo River,launch,45.433439,-78.380658,1208473
1182607065,,launch,45.460685,-78.383242,6549546
1182607066,,launch,45.477444,-78.3817,6549546
1182607067,,launch,45.476597,-78.395192,6549546
1182607068,,launch,45.479839,-78.396993,2974053
1182607071,,launch,45.516374,-78.404401,2974053
1182607072,,launch,45.493443,-78.407171,2974053
1182607073,,launch,45.506916,-78.399702,2974053
1182607075,Madaska River,launch,45.560717,-78.444324,166078599
1183777143,Hollow River,launch,45.416967,-78.567655,1239543
1183777144,Hollow River,launch,45.39707,-78.565243,82450900
1183777145,,launch,45.397329,-78.56447,82450900
1183777146,,launch,45.39479,-78.574605,82450900
1183777148,Hollow River,launch,45.396864,-78.565223,82450900
1183777150,Hollow River,launch,45.357678,-78.569287,82451990
1183777151,,launch,45.357615,-78.566686,82451990
1183777152,Hollow River,launch,45.357321,-78.568361,82451990
1183777153,Hollow River,launch,45.359206,-78.570378,82451990
1183777157,,launch,45.378886,-78.579418,82450465
1183777159,,launch,45.394295,-78.579395,82450527
1183777160,,launch,45.390475,-78.586243,82450527
1183777161,Hollow River,launch,45.394338,-78.579171,82450900
1183810826,,launch,45.381578,-78.240728,3377987
1183810830,,launch,45.394081,-78.284014,1208483
1183810831,,launch,45.391179,-78.297056,1208483
1183810832,,launch,45.405414,-78.307564,80507775
1183810833,,launch,45.374689,-78.433562,80506963
1183810834,,launch,45.37459,-78.433912,80506963
1183810840,,launch,45.36927,-78.450653,1209337
1183810841,,launch,45.371078,-78.453873,1208476
1183810842,,launch,45.364195,-78.439575,1209337
1183810843,,launch,45.37514,-78.445828,1209337
1183810844,,launch,45.383227,-78.473019,80507159
1183810845,Galipo River,launch,45.371078,-78.453873,1208476
1183810847,,launch,45.381636,-78.471922,80507159
1183810848,Galipo River,launch,45.383826,-78.473502,1208476
1183810849,,launch,45.385348,-78.47019,80507159
1183810851,,launch,45.393854,-78.471678,80506906
1183810853,Galipo River,launch,45.389885,-78.465452,80506906
1184111661,,launch,45.219815,-78.208814,904316
1184111662,Kingscote Creek,launch,45.222403,-78.224039,58463743
1184111664,Kingscote Creek,launch,45.2166,-78.223334,904224
1184111678,,launch,45.227552,-78.199156,1042373089
1184111680,York River,launch,45.236254,-78.224227,58461712
1184111687,,launch,45.273245,-78.236311,80565669
1184111689,North York River,launch,45.27905,-78.2392,80565669
1184111690,North York River,launch,45.3273,-78.250787,80556585
1184111692,North York River,launch,45.30289,-78.226996,1043308526
1184111693,,launch,45.279655,-78.240484,80565669
1184111694,,launch,45.291496,-78.242872,80565661
1184111695,,launch,45.313409,-78.242836,80556585
1184111696,North York River,launch,45.331238,-78.25226,80556585
1184111697,,launch,45.327847,-78.250841,80556585
1184111698,North York River,launch,45.334875,-78.255716,80561620
1184111699,,launch,45.336124,-78.256913,80561620
1184111700,,launch,45.341884,-78.266489,80561426
1184111701,Hay Creek,launch,45.357432,-78.266225,80561770
1184111702,,launch,45.371764,-78.252791,80561479
1184112082,Head Creek,launch,45.482585,-78.556261,2421926
1184744411,,launch,45.23661,-78.226132,1150566327
1271780729,Smoke Creek,launch,45.494557,-78.654526,180760076
1271780730,,launch,45.495949,-78.656024,6463477
1271780731,,launch,45.493886,-78.655624,180760076
1271780733,,launch,45.471261,-78.620924,6463476
1271780736,,launch,45.466657,-78.617313,2419158
1271780737,,launch,45.4615,-78.615117,2419158
1271780738,,launch,45.455796,-78.610193,2419158
1271780739,,launch,45.438838,-78.596733,2419158
1271780740,,launch,45.446023,-78.602891,2419158
1271780741,,launch,45.43699,-78.594225,181376972
1271780742,,launch,45.4373,-78.595312,181376972
1271780743,,launch,45.429909,-78.587163,181376972
1271780744,,launch,45.431471,-78.593772,181376972
1271780745,,launch,45.424167,-78.580039,82450765
1271780746,,launch,45.423601,-78.581294,82450765
1271780748,,launch,45.533169,-78.680133,180753051
1271780749,,launch,45.534945,-78.673249,180753051
1271780750,,launch,45.529984,-78.668934,6463477
1271780751,,launch,45.529163,-78.669288,6463477
1271780752,,launch,45.538962,-78.630853,2216568
1271780754,,launch,45.534814,-78.634614,2216568
1271780755,,launch,45.537789,-78.632209,2216568
1271780756,,launch,45.537789,-78.632209,2216568
1271780757,,launch,45.537534,-78.63386,2216568
1271780759,,launch,45.532278,-78.635793,2216566
1271780760,,launch,45.532278,-78.635793,2216566
1271780761,,launch,45.536477,-78.627961,2216559
1271780763,,launch,45.54446,-78.61222,2216559
1271780769,Madawaska River,launch,45.539451,-78.611083,2216562
1425129455,,launch,45.482519,-78.256815,6498256
1528891799,York River,launch,45.239795,-78.237154,1150566327
1528891800,York River,launch,45.239436,-78.237291,1150566327
1528891801,York River,launch,45.23274,-78.19981,1042373089
1532311286,,launch,45.434618,-78.505967,3378613
1532311287,,launch,45.436713,-78.540434,3378613
1532311289,,launch,45.443559,-78.504833,82422170
1532311292,,launch,45.434129,-78.506126,3378613
1532311293,,launch,45.426608,-78.510583,82450602
1532311295,,launch,45.43172,-78.505911,82450733
1532311296,,launch,45.443363,-78.506152,3378613
1532313216,,launch,45.536511,-78.546154,2213674
1532313218,,launch,45.53878,-78.544376,2213674
1532321053,,launch,45.52511,-78.413178,166189583
1532428741,,launch,45.522838,-78.383018,166189604
1533223593,Madaska River,launch,45.52157,-78.410362,2974053
1533223594,South Madawaska River,launch,45.400824,-78.350028,182190740
1533232660,,launch,45.401249,-78.269041,1208484
1533232666,,launch,45.376109,-78.246222,3377987
1533232677,,launch,45.391283,-78.297478,1208483
1533232681,,launch,45.336124,-78.256913,80561620
1533232683,,launch,45.356288,-78.267251,80561770
1537949590,,launch,45.460961,-78.460077,3378611
1537949591,,launch,45.485133,-78.439778,3378611
1540060732,,launch,45.227552,-78.199156,1042373089
1540061981,,launch,45.2166,-78.223334,904224
1540061983,,launch,45.197337,-78.22191,904224
1540061986,,launch,45.222403,-78.224039,58463743
1540061987,,launch,45.220916,-78.220478,58463743
1540061991,,launch,45.226717,-78.226036,58464750
1540061992,,launch,45.224295,-78.2277,58464822
1540061994,,launch,45.218856,-78.208831,904316
1540061996,,launch,45.207706,-78.195503,904316
1540062497,,launch,45.340505,-78.265487,80561426
1540062498,,launch,45.346339,-78.269885,80561426
1540378926,,launch,45.382231,-78.393243,80507134
1540378927,,launch,45.386314,-78.38981,80507134
1540378928,Galipo River,launch,45.430993,-78.431789,181938493
1540378930,,launch,45.410819,-78.4245,181938475
1540378931,Florence Creek,launch,45.422391,-78.461706,2424996
1540378932,Florence Creek,launch,45.424427,-78.463755,982266080
1540378933,Florence Creek,launch,45.42613,-78.465197,982266080
1540378934,,launch,45.429002,-78.469391,1208470
1540378935,,launch,45.415012,-78.480734,2424996
1540378937,,launch,45.444466,-78.47137,80505697
1540378938,,launch,45.441382,-78.479452,80505697
1540378939,,launch,45.450561,-78.475185,181686278
1540378940,,launch,45.450553,-78.478739,181686278
1540378942,,launch,45.451779,-78.493162,3378611
1540378943,,launch,45.45303,-78.497842,3378611
1540378945,,launch,45.451779,-78.493162,3378611
1540378951,,launch,45.477962,-78.515573,3378611
1540378958,,launch,45.436662,-78.542429,82450421
1540378960,,launch,45.435868,-78.547901,82450421
1541429023,,launch,45.356719,-78.440147,80562564
1541453258,,launch,45.411681,-78.310889,80507740
1541453263,,launch,45.417363,-78.31214,80507687
1541453264,,launch,45.420861,-78.316839,80507687
1541453269,,launch,45.401781,-78.372682,2427708
1541453273,,launch,45.444851,-78.328276,1182607035
1541453274,,launch,45.455097,-78.333058,1208433
1541453277,,launch,45.455097,-78.333058,1208433
1543056635,,launch,45.494686,-78.68151,6463477
1543056641,,launch,45.481625,-78.653771,6463476
1543056642,,launch,45.469017,-78.637122,6463476
1543056643,,launch,45.476484,-78.649019,6463476
1543056644,,launch,45.471064,-78.648291,6463476
1543056646,,launch,45.46682,-78.653943,6463476
1543056649,,launch,45.478564,-78.661745,1240237
1543056650,,launch,45.481578,-78.655787,1240237
1543056651,,launch,45.481578,-78.655787,1240237
1543056652,,launch,45.47765,-78.662522,1240237
1543056654,,launch,45.48021,-78.670314,82510368
1543056656,,launch,45.479073,-78.666023,82510368
1543056659,,launch,45.484472,-78.681202,82510312
1543056660,,launch,45.483419,-78.680529,82510312
1543063491,,launch,45.530478,-78.593059,2216561
1543063493,,launch,45.536163,-78.587832,2216561
1543063494,,launch,45.531222,-78.581929,2216561
1543063495,,launch,45.534762,-78.58248,2216561
1543063499,,launch,45.531222,-78.581929,2216561
1543063500,,launch,45.536163,-78.587832,2216561
1543068374,,launch,45.446954,-78.59712,2419158
1543068377,,launch,45.420425,-78.576107,82450745
1543068378,,launch,45.420806,-78.575534,82450745
1543068380,,launch,45.419781,-78.567511,3378612
1543068382,,launch,45.426274,-78.573284,3378612
1543068383,,launch,45.426274,-78.573284,3378612
1543068386,,launch,45.445734,-78.552895,3378612
1543068391,,launch,45.471395,-78.577086,181376771
1543068396,,launch,45.448209,-78.593135,181376771
1543068398,,launch,45.452518,-78.574358,181376771
1543068400,,launch,45.464999,-78.588306,181376771
1543068403,,launch,45.480457,-78.580855,82422972
1543068405,,launch,45.480058,-78.579213,82422972
1543068409,,launch,45.492893,-78.589794,181378842
1543068411,,launch,45.489148,-78.589753,181378842
1543331562,,launch,45.525905,-78.660797,166311275
1543331564,,launch,45.526521,-78.654978,2216566
1543331565,,launch,45.526143,-78.649246,2216566
1543331566,,launch,45.526631,-78.636276,2216566
1543331568,,launch,45.526143,-78.649246,2216566
1543331573,Madawaska River,launch,45.545488,-78.618959,2216559
1543331582,,launch,45.515128,-78.606118,2419654
1543331587,Delano Creek,launch,45.511926,-78.600648,181381346
1543331589,,launch,45.504065,-78.600086,181381342
1543331591,,launch,45.503241,-78.598557,181381342
1543331594,,launch,45.516978,-78.56338,181381374
1543331595,,launch,45.520363,-78.569315,181381374
1543331596,,launch,45.524841,-78.563823,181381374
1543331599,,launch,45.519929,-78.552641,181381374
1543331600,,launch,45.504024,-78.56835,74571198
1543331601,,launch,45.512208,-78.561243,181381374
1543331604,Head Creek,launch,45.499134,-78.535646,15832252
1543331605,,launch,45.500343,-78.534511,15832252
1543331606,,launch,45.516924,-78.536699,15832252
1543331607,,launch,45.512153,-78.532731,15832252
1543331608,,launch,45.498605,-78.534955,181590616
1543331610,,launch,45.492032,-78.534967,181590616
1543331611,,launch,45.490906,-78.535492,2421874
1543331614,,launch,45.491381,-78.536304,181590616
1543331617,,launch,45.491614,-78.514168,2421874
1543331621,,launch,45.482557,-78.556624,2421926
1543331622,,launch,45.486337,-78.540418,2421926
1543331625,,launch,45.47224,-78.575147,2419627
1543331626,,launch,45.482706,-78.557415,2419627
1543331628,,launch,45.448267,-78.593039,181376771
1543331630,,launch,45.488124,-78.515932,2421989
1543331631,,launch,45.482529,-78.515327,2421989
1543331636,,launch,45.448592,-78.563654,181603114
1543331638,,launch,45.449632,-78.559021,181603114
1543521370,Madaska River,launch,45.529049,-78.416578,166189657
1543521402,,launch,45.52224,-78.40871,2974053
1543521404,,launch,45.534576,-78.383581,166189614
1543521406,,launch,45.522838,-78.383018,166189604
1543521409,,launch,45.469099,-78.350874,6498256
1543521411,,launch,45.472922,-78.340856,6498256
1543521413,,launch,45.46848,-78.309657,6498256
1543521414,,launch,45.46532,-78.298237,6498256
1543521415,,launch,45.474214,-78.28562,6498256
1543521416,,launch,45.466734,-78.296346,6498256
1543521418,,launch,45.523983,-78.281547,6498256
1543521419,,launch,45.515912,-78.283723,6498256
1543521420,,launch,45.471629,-78.32026,80504430
1543521422,,launch,45.472554,-78.319956,80504430
1543521424,,launch,45.466654,-78.359564,80504462
1543521425,,launch,45.469251,-78.352377,80504462
1543521428,,launch,45.477444,-78.3817,6549546
1543906595,,launch,45.530602,-78.332774,1152941
1543906596,,launch,45.526156,-78.320256,1152941
1543906597,,launch,45.525177,-78.325934,1152941
1543906598,,launch,45.527777,-78.319367,1152941
1543906599,,launch,45.526156,-78.320256,1152941
1543906600,,launch,45.518696,-78.309726,75091747
1543906601,,launch,45.520162,-78.307861,75091747
1543906602,,launch,45.519406,-78.306867,75091747
1543906603,,launch,45.519496,-78.306969,75091747
1543906605,,launch,45.517406,-78.306206,1152943
1543906606,,launch,45.514248,-78.299807,1152943
1543906609,,launch,45.526453,-78.339525,15583758
1543906610,,launch,45.520451,-78.352432,15583758
1543906612,,launch,45.416967,-78.567655,1239543
1543906613,,launch,45.403717,-78.566586,1239543
1543906616,,launch,45.366312,-78.458045,80562249
1543906619,,launch,45.36927,-78.450653,1209337
1543906620,,launch,45.364195,-78.439575,1209337
1543906622,,launch,45.371224,-78.452261,1209337
1543906625,,launch,45.376748,-78.442789,80507067
1543907302,,launch,45.400409,-78.59539,1239545
1543907303,,launch,45.40995,-78.596304,1239545
1546790734,,launch,45.292307,-78.243536,80565661
1546790735,North York River,launch,45.283256,-78.240502,80565661
1546790737,,launch,45.281072,-78.240109,80565661
724544624,,launch,45.215136,-78.170158,58465648
724569467,,launch,45.226386,-78.178185,58461495
724614369,,launch,45.20804,-78.157471,1533232699
724626127,,launch,45.226861,-78.179422,58461495
724687780,,launch,45.20841,-78.158121,1533232699
724726673,,launch,45.208275,-78.160609,58463675
9593194782,,launch,45.212705,-78.168492,58463675
9595366689,,launch,45.220147,-78.171042,58461495
9595366697,,launch,45.218989,-78.171053,58461495
13965605754,,launch,45.203966,-78.151777,1533232699
13972341722,,launch,45.206381,-78.153859,1533232699
13972341725,,launch,45.205885,-78.153657,1533232699
1184111665,York River,launch,45.203907,-78.151588,1533232699
1184111667,York River,launch,45.212534,-78.16825,58463675
1184111669,,launch,45.212705,-78.168492,58463675
1184111670,,launch,45.215252,-78.170219,58465648
1184111671,York River,launch,45.218702,-78.171478,58465648
1184111672,,launch,45.218989,-78.171053,58461495
1184111673,,launch,45.220306,-78.171279,58461495
1184111675,York River,launch,45.226083,-78.177778,58461495
1184111676,,launch,45.226386,-78.178185,58461495
1184111677,,launch,45.22686,-78.181007,1042373090
1528891802,York River,launch,45.227188,-78.185425,1042373090
1532357621,,launch,45.203966,-78.151777,1533232699
1533232695,,launch,45.209049,-78.161375,58463675
739940498,,launch,45.881906,-78.882828,1152504908
739958469,,launch,45.86652,-79.110844,1505916
739985325,,launch,45.866843,-79.11348,1505916
742822311,,launch,45.914401,-79.070386,59847797
742837654,,launch,45.917113,-79.071768,59847797
743652064,,launch,45.912742,-78.861624,59877455
743662472,,launch,45.909372,-79.069996,59877991
743787315,,launch,45.881707,-78.894831,59878691
743799780,,launch,45.92074,-78.856586,59878657
743811708,,launch,45.923053,-78.853702,104217618
744322977,,launch,45.929229,-78.846212,59642893
745231651,,launch,45.931242,-78.931057,1951871
745312863,,launch,45.849281,-79.083965,-535
887358421,,launch,45.673555,-78.706039,1154089
915142631,,launch,45.720797,-78.732896,77847779
915143342,,launch,45.723393,-78.71916,77847779
915145654,,launch,45.724282,-78.706768,77847865
915182287,,launch,45.700466,-78.78828,1184537353
915183746,,launch,45.695311,-78.867041,975803943
915184220,,launch,45.713045,-78.757141,1180411
915184930,,launch,45.714717,-78.815831,77849502
915185928,,launch,45.734179,-78.775862,-618
915186400,,launch,45.690716,-78.816484,1180411
915187215,,launch,45.720447,-78.819755,77849502
915187596,,launch,45.712973,-78.806061,77849357
915188589,,launch,45.699341,-78.787944,1184537353
915188783,,launch,45.733183,-78.871864,-618
915189446,,launch,45.714229,-78.812047,77849357
915189860,,launch,45.69032,-78.830091,1180411
915190453,,launch,45.732503,-78.79652,-618
915544944,,launch,45.673897,-78.867147,1180929
915545742,,launch,45.641747,-78.820893,1180931
915545891,,launch,45.627222,-78.774078,78027791
915547696,,launch,45.679101,-78.759985,77890412
915550642,,launch,45.683512,-78.750594,75195930
915551689,,launch,45.671232,-78.87089,2998020
915552786,,launch,45.664459,-78.780612,1180935
915553255,,launch,45.645227,-78.826593,77890847
915553380,,launch,45.651244,-78.79156,77890445
915554006,,launch,45.676644,-78.857555,1180927
915555271,,launch,45.646372,-78.799731,77890815
915555527,,launch,45.64159,-78.809166,1180931
915556038,,launch,45.625865,-78.77165,78027791
915556841,,launch,45.67981,-78.789968,77890308
915557323,,launch,45.683038,-78.83052,77890575
915557473,,launch,45.643566,-78.808694,1180931
915559456,,launch,45.659505,-78.784,77890445
915560580,,launch,45.679219,-78.842429,77890575
915561088,,launch,45.625778,-78.823486,-629
915561664,,launch,45.678417,-78.852879,1180927
915561776,,launch,45.627737,-78.75373,77890670
915563190,,launch,45.650039,-78.835198,77890847
916693436,,launch,45.615891,-78.778426,1182111
916694348,,launch,45.567856,-78.760435,78027903
916696514,,launch,45.589799,-78.760672,78028908
916698447,,launch,45.599442,-78.750322,78027514
916700220,,launch,45.622313,-78.762904,1182107
916700575,,launch,45.624033,-78.783023,1182111
916700758,,launch,45.618967,-78.770941,1182107
916708654,,launch,45.59383,-78.767031,1182113
916708703,,launch,45.602359,-78.831547,1182110
916710316,,launch,45.567221,-78.867488,1182103
916711820,,launch,45.618444,-78.828755,1182110
916713291,,launch,45.581553,-78.757418,78028908
916714054,,launch,45.624817,-78.758434,77890670
916714279,,launch,45.617854,-78.772915,1182107
916774925,,launch,45.560558,-78.871942,78032839
916775846,,launch,45.54151,-78.797939,78033744
916780424,,launch,45.550122,-78.866743,78033762
916783349,,launch,45.552112,-78.869159,78033762
916785321,,launch,45.554749,-78.871281,78032839
916785477,,launch,45.54351,-78.852225,78032842
916838576,,launch,45.547072,-78.908887,2998117
916899223,,launch,45.618985,-78.930493,1183276
916901184,,launch,45.591783,-78.90419,78046455
916902617,,launch,45.592049,-78.903739,78046455
916908050,,launch,45.600461,-78.892511,78046626
916908964,,launch,45.604852,-78.92803,1151346315
917841939,,launch,45.631028,-78.88856,2998018
917842037,,launch,45.633168,-78.906304,1183276
917842404,,launch,45.669948,-78.943062,1183277
917843076,,launch,45.635162,-78.92185,1183276
917843925,,launch,45.683454,-78.909677,78133026
917844113,,launch,45.667749,-78.982432,78133087
917844680,,launch,45.680467,-78.951032,2990353
917844871,,launch,45.679538,-78.921919,1183277
917844897,,launch,45.673834,-78.88353,2998020
917844904,,launch,45.642154,-78.944885,1183283
917845019,,launch,45.63924,-78.935381,1183283
917845769,,launch,45.630119,-78.894197,2998018
917845843,,launch,45.674797,-78.884566,78133138
917846196,,launch,45.681938,-78.88806,78133138
917847110,,launch,45.648962,-78.953862,1183277
917847524,,launch,45.652974,-78.900841,78133321
917847618,,launch,45.639448,-78.881044,2998018
917848130,,launch,45.667982,-78.972843,78133087
918203833,,launch,45.728967,-78.967653,78168502
918204428,,launch,45.730801,-78.956537,78168188
918207651,,launch,45.72318,-78.877595,77849493
918208654,,launch,45.728105,-78.955789,78168427
918218084,,launch,45.711257,-78.951773,78168527
918225250,,launch,45.700146,-78.952853,2990353
918226863,,launch,45.709403,-78.913701,78168303
918229519,,launch,45.732096,-78.974994,78168502
918230953,,launch,45.731507,-78.987848,78168689
918233058,,launch,45.732855,-78.913711,-618
918234347,,launch,45.72936,-78.955626,78168188
918236043,,launch,45.710322,-78.907623,1183599
918238109,,launch,45.72598,-78.953423,78168427
1169306613,,launch,45.739457,-79.001905,78168493
1201539973,,launch,45.782069,-78.712613,1474864
1201548153,,launch,45.774948,-78.69704,1474864
1201640684,,launch,45.889009,-78.697641,1474978
1201660861,,launch,45.891594,-78.707659,104140549
1202166212,,launch,45.778414,-78.798652,1475586
1202172482,,launch,45.766541,-78.831868,104187168
1202193355,,launch,45.779874,-78.750708,104130939
1202195520,,launch,45.778362,-78.762769,104187034
1202196969,,launch,45.765927,-78.838174,104186627
1202539396,,launch,45.753838,-78.903134,1475590
1202561278,,launch,45.797879,-78.945774,104219930
1202561302,,launch,45.758017,-78.989465,104219916
1203894589,,launch,45.93838,-78.754873,1477514
1203916773,,launch,45.814038,-78.924227,104347818
1214334883,,launch,45.884466,-78.879134,59847283
1214338151,,launch,45.884182,-78.904914,105426471
1214339888,,launch,45.877308,-78.888222,1152504908
1218050801,,launch,45.780521,-79.009923,-763
1218052769,,launch,45.773225,-79.05994,105783288
1218053435,,launch,45.795424,-79.065162,105783364
1218053649,,launch,45.79774,-79.063005,105783364
1218055170,,launch,45.784108,-79.062139,-763
1218055239,,launch,45.778148,-79.019708,105783369
1218056364,,launch,45.782175,-79.002637,104219387
1218058863,,launch,45.776233,-79.060266,105783288
1218059591,,launch,45.77749,-79.019393,105783369
1218061090,,launch,45.764839,-79.045153,105782784
1218264053,,launch,45.832971,-79.065154,59681268
1218267887,,launch,45.868681,-79.108727,1505916
1218290906,,launch,45.934022,-79.068612,2997921
1574122692,,launch,45.923389,-79.078086,143849282
1574129051,,launch,45.934894,-79.109486,2997921
1912217342,,launch,45.571892,-78.719469,2411726
1912221427,,launch,45.591716,-78.707225,2411957
1912226919,,launch,45.585647,-78.733278,-669
1912228838,,launch,45.579282,-78.729586,2411726
1913567562,,launch,45.613213,-78.693472,180902866
1913569173,,launch,45.61558,-78.690348,181009976
1914095141,,launch,45.633755,-78.738536,2415090
1914305193,,launch,45.640395,-78.718957,180991145
1914312616,,launch,45.650589,-78.70526,180991806
1914312779,,launch,45.654188,-78.705652,180991359
2441748775,,launch,45.623725,-78.794848,1182111
2441748782,,launch,45.628609,-78.801304,1180931
3692588911,,launch,45.934414,-79.112681,2997921
5896750094,,launch,45.639497,-78.738506,2415090
5896750193,,launch,45.648547,-78.760153,77890210
6025713585,,launch,45.734265,-78.780963,-618
6025719596,,launch,45.732718,-78.792781,-618
6025724008,,launch,45.729079,-78.818702,-618
6025739477,,launch,45.708729,-78.800554,1180411
8095814418,,launch,45.581118,-78.830881,1151278876
8095815057,,launch,45.576764,-78.815462,1182106
8095817185,,launch,45.570475,-78.861682,1182114
8095817513,,launch,45.556017,-78.882498,78032839
8583973365,,launch,45.906369,-78.71503,104140473
9023294160,,launch,45.940554,-78.961759,1951871
9023294182,,launch,45.926317,-79.076241,143849282
9028873933,,launch,45.626269,-78.773617,78027791
9028873941,,launch,45.62615,-78.780182,77890824
9028874054,,launch,45.659085,-78.860058,77890745
9028874055,,launch,45.653678,-78.867101,77890745
9028874122,,launch,45.642249,-78.903723,78133321
9028874135,,launch,45.639958,-78.906123,1183276
9029783320,,launch,45.644922,-78.711928,180991806
9029783331,,launch,45.64832,-78.704244,180991806
9029783343,,launch,45.659019,-78.702793,1154075
9029783499,,launch,45.623817,-78.69491,2415347
9029783869,,launch,45.541526,-78.797742,78033744
9029783944,,launch,45.544733,-78.8535,1182167
9029783952,,launch,45.545971,-78.853766,78032842
9029783961,,launch,45.549651,-78.856805,78032842
9029784012,,launch,45.594481,-78.897326,78046671
9029784031,,launch,45.593033,-78.901731,78046455
9029784032,,launch,45.595487,-78.895462,78046671
9029784065,,launch,45.656685,-78.902269,78133123
9029784090,,launch,45.660623,-78.886998,78133041
9029784109,,launch,45.66018,-78.8922,78133041
9029784111,,launch,45.661215,-78.884515,78133191
9029784116,,launch,45.661876,-78.882445,78133191
9029784117,,launch,45.666932,-78.865394,77890745
9029784131,,launch,45.668711,-78.869008,2998020
9029784164,,launch,45.679744,-78.838357,77890575
9029784205,,launch,45.693542,-78.84799,1180411
9029784230,,launch,45.694238,-78.859139,975803943
9029784231,,launch,45.709016,-78.877842,77849493
9029784326,,launch,45.684928,-78.904834,-628
9029784347,,launch,45.688105,-78.890623,-628
9029784427,,launch,45.678326,-78.922622,1183277
9029784493,,launch,45.661397,-78.966896,78133060
9029784514,,launch,45.664142,-78.969506,78133060
9029784692,,launch,45.668922,-78.982137,78133087
9029784703,,launch,45.668551,-78.972654,78133087
9029784708,,launch,45.675654,-78.968278,2990353
9029784721,,launch,45.67367,-78.970462,78133087
9033349139,,launch,45.720887,-78.887069,77849493
9033349148,,launch,45.721618,-78.889353,77849493
9033349167,,launch,45.73468,-78.868339,-618
9033349328,,launch,45.752066,-78.902355,1475590
9033349570,Tim River Access Point (#2),launch,45.739794,-79.060103,101298581
10710040485,,launch,45.563844,-78.87451,78046537
10710040496,,launch,45.570932,-78.841103,78026996
10710040497,,launch,45.569233,-78.850522,1182114
10710040543,,launch,45.576658,-78.823701,78026914
10710040544,,launch,45.578316,-78.827872,1151278876
10710040565,,launch,45.564038,-78.768192,1182112
10710040566,,launch,45.570608,-78.756851,78027903
10710040682,,launch,45.583342,-78.751841,74719546
10710040690,,launch,45.600025,-78.731424,2416860
10710040758,,launch,45.599113,-78.749946,78027514
10710040763,,launch,45.604269,-78.756656,1182111
10710040815,,launch,45.590659,-78.757832,78028066
10710040848,,launch,45.601861,-78.776868,1182113
10710040867,,launch,45.607626,-78.781574,78027356
10711001575,,launch,45.771319,-78.727378,77847780
10711008866,,launch,45.779354,-78.786123,1475586
10711008881,,launch,45.777261,-78.803169,104187645
10711008882,,launch,45.775626,-78.817097,104187645
10711008900,,launch,45.773195,-78.821649,104187045
10711008901,,launch,45.771417,-78.827495,104187045
10711008910,,launch,45.771652,-78.828764,104187045
10711008912,,launch,45.765485,-78.843534,104186627
10711008926,,launch,45.765187,-78.845817,104186627
10711009011,,launch,45.77191,-78.930157,104220035
10711009012,,launch,45.766846,-78.926097,15577464
10711009023,,launch,45.768707,-78.928665,104220035
10711009048,,launch,45.710532,-78.951477,1183601
10711009049,,launch,45.705482,-78.954945,1183601
10711009070,,launch,45.652555,-78.983813,1183275
10711009084,,launch,45.655757,-78.983827,1183279
10711009090,,launch,45.604708,-78.925775,1151346315
10717977504,,launch,45.713594,-78.703669,6462741
10717977522,,launch,45.715171,-78.705913,6462741
10717977524,,launch,45.714697,-78.705368,6462741
10717977531,,launch,45.716068,-78.706967,6462741
10717977597,,launch,45.722928,-78.722518,77847779
10717977613,,launch,45.720218,-78.734599,77847779
10717977629,,launch,45.714365,-78.748344,77847625
10717977673,,launch,45.662634,-78.697163,1154075
10717977737,,launch,45.668704,-78.701375,75196215
10717977820,,launch,45.683069,-78.711173,75196311
10717977842,,launch,45.695316,-78.70531,6462741
10717977872,,launch,45.687779,-78.708909,75196311
10717977890,,launch,45.687424,-78.807517,1180932
10717977953,,launch,45.676849,-78.786808,1180935
10717977982,,launch,45.681004,-78.754506,77890412
10717978038,,launch,45.688251,-78.74468,-606
10719714278,,launch,45.779926,-79.027022,105783371
10719715136,,launch,45.908914,-78.870159,59877455
10719715145,,launch,45.907875,-78.871166,931721
10719715174,,launch,45.90636,-78.874733,931721
10719715280,,launch,45.880937,-78.891122,59672245
10719715298,,launch,45.881709,-78.896243,59878691
10719715330,,launch,45.872054,-78.940815,104347857
10719715493,,launch,45.854017,-78.93293,104347856
10719715562,,launch,45.78274,-79.001425,104219387
10719715580,,launch,45.781019,-79.007034,-763
10719715629,,launch,45.780205,-79.025892,105783371
10719715661,,launch,45.758398,-78.990781,104219706
10719715676,,launch,45.777731,-79.057815,105783288
10719715720,,launch,45.767862,-79.055995,105782817
10719715723,,launch,45.767495,-79.054057,105782817
10719715750,,launch,45.763253,-79.03808,105783321
10719715766,,launch,45.76115,-79.037155,105783321
10719715767,,launch,45.756954,-79.038311,105783321
10719715785,,launch,45.754946,-79.035653,2990354
10719715786,,launch,45.748103,-79.021598,101298518
10719715799,,launch,45.747529,-79.024748,101298518
10719715800,,launch,45.747203,-79.017394,101298518
10719715824,,launch,45.744284,-79.013386,101298271
10719715825,,launch,45.741998,-79.007274,101298271
10719715839,,launch,45.740713,-79.004652,78168493
10719715916,,launch,45.731937,-78.984743,78168689
10719716003,,launch,45.722238,-78.951723,78168527
10719716089,,launch,45.75324,-78.931757,15577464
10719978958,,launch,45.799193,-79.065479,105783364
10719978968,,launch,45.814703,-79.024192,-535
10720042446,,launch,45.804649,-79.047025,105783364
10720042469,,launch,45.875531,-79.090959,920339
10720042475,,launch,45.874582,-79.092028,920339
10720042498,,launch,45.896826,-79.050729,59646780
10720042504,,launch,45.895724,-79.052044,59669065
10720042532,,launch,45.900163,-79.045337,59646780
10720042533,,launch,45.902687,-79.05781,59646780
10720042546,,launch,45.903505,-79.066669,59679419
10720042563,,launch,45.905058,-79.068823,59679419
10720042630,,launch,45.921291,-78.915423,-531
10720302566,,launch,45.915198,-78.714235,104140581
10720302841,,launch,45.888927,-78.699202,1474978
10720302848,,launch,45.887256,-78.704765,1474979
10720302866,,launch,45.889823,-78.706521,104140549
10722349965,,launch,45.624237,-78.769013,1182107
10722349984,,launch,45.613429,-78.836185,1182110
10722350003,,launch,45.614928,-78.83968,1182109
10722350004,,launch,45.616117,-78.844078,1182109
10722350023,,launch,45.615672,-78.84825,1182109
10722350212,,launch,45.550937,-78.78564,78033744
10722350221,,launch,45.553283,-78.788777,1182168
10722350222,,launch,45.561899,-78.774664,1182112
10722350249,,launch,45.559996,-78.782187,1182168
10722350250,,launch,45.582621,-78.731377,-669
10722350303,,launch,45.595851,-78.747376,74713872
10722350319,,launch,45.798786,-78.943201,104219930
10733971796,,launch,45.574254,-78.719061,2411957
10769893145,,launch,45.833629,-79.066323,59681268
10769893175,,launch,45.788829,-79.068528,-763
10769893183,,launch,45.794366,-79.06599,105783364
10769893184,,launch,45.791937,-79.066926,105783342
10951794459,,launch,45.610718,-78.783647,78027356
11002022301,Rain Lake Access Point (#4),launch,45.60362,-78.95278,1183276
11002025610,,launch,45.631111,-78.900785,78133211
11002025653,,launch,45.556764,-78.893539,2998117
12726852003,,launch,45.905357,-79.059906,59679419
12726852083,,launch,45.867708,-79.115716,-535
13506963460,,launch,45.938301,-78.715808,-763
13968663197,,launch,45.576276,-78.817449,78026914
13970267934,,launch,45.783346,-79.062558,-763
13972205417,,launch,45.819565,-79.030866,-535
13972205444,,launch,45.820421,-79.032024,-535
13972205556,,launch,45.822991,-79.042484,59775234
13972205603,,launch,45.823231,-79.043227,59775234
14011405583,,launch,45.725422,-78.707657,77847865
14014539595,,launch,45.936363,-79.121676,-875
14014606409,,launch,45.936409,-79.120873,-875
14022086038,,launch,45.558446,-78.715967,2411726
14023980334,,launch,45.781231,-78.70912,1474864
14145492020,,launch,45.589726,-78.719075,2411957
59770145,Winifred Lake,launch,45.806859,-79.004257,59770145
59884135,South River,launch,45.851022,-79.083197,-535
59897233,,launch,45.895635,-79.052033,59669065
59901064,,launch,45.894216,-79.051563,59669065
59948390,Loughrin Creek,launch,45.907644,-78.88086,-531
59950511,Loughrin Creek,launch,45.931242,-78.931057,1951871
77847677,McIntosh Creek,launch,45.688251,-78.74468,-606
77847834,McIntosh Creek,launch,45.688639,-78.744091,6462741
77890209,Potter Creek,launch,45.625778,-78.823486,-629
77890297,McIntosh Creek,launch,45.681004,-78.754506,77890412
77890655,McIntosh Creek,launch,45.650765,-78.767584,77890210
77890730,Little Oxtongue River,launch,45.624817,-78.758434,77890670
77890842,Potter Creek,launch,45.628994,-78.820891,77890851
78027543,Potter Creek,launch,45.599113,-78.749946,78027514
78028584,,launch,45.602359,-78.831547,1182110
78046364,,launch,45.612406,-78.884665,78046626
78133218,,launch,45.664853,-78.878097,2998020
78133264,Jubilee Creek,launch,45.659108,-78.902434,78133297
78168336,David Creek,launch,45.732855,-78.913711,-618
101298268,,launch,45.739937,-79.0598,101298581
101298293,,launch,45.743576,-79.041277,2990354
101298309,,launch,45.74288,-79.04331,2990354
101298339,,launch,45.742247,-79.044544,2990354
101298346,,launch,45.743707,-79.040156,2990354
101298390,,launch,45.742544,-79.05271,101298581
101298449,,launch,45.74288,-79.04331,2990354
101298582,,launch,45.742247,-79.044544,2990354
104219522,Loontail Creek,launch,45.802921,-78.914857,104219933
104219795,Loontail Creek,launch,45.801507,-78.915458,104219933
104219829,Tim River,launch,45.73468,-78.868339,-618
104219861,Latour Creek,launch,45.78714,-78.9085,104219726
104220041,Loontail Creek,launch,45.796033,-78.904583,-763
105426472,Loughrin Creek,launch,45.917154,-78.899978,-531
105782796,Nipissing River,launch,45.794366,-79.06599,105783364
105782819,Nipissing River,launch,45.824847,-78.936416,-763
105783021,Nipissing River,launch,45.783346,-79.062558,-763
105783326,Nipissing River,launch,45.788829,-79.068528,-763
144733042,Birchcliffe Creek,launch,45.938005,-78.838228,59642893
180758161,Potter Creek,launch,45.595851,-78.747376,74713872
180758223,Potter Creek,launch,45.582621,-78.731377,-669
180902909,,launch,45.6141,-78.688395,181009976
180902922,,launch,45.61558,-78.690348,181009976
180990870,,launch,45.633798,-78.725319,180991133
180992911,Little Oxtongue River,launch,45.633676,-78.738424,2415090
181010471,,launch,45.635887,-78.687717,181010290
924907723,Nipissing River,launch,45.883163,-78.80577,-763
1151278868,,launch,45.56639,-78.874797,1182103
1152290232,McIntosh Creek,launch,45.688418,-78.740183,6462741
1152290236,Petawawa River,launch,45.714365,-78.748344,77847625
1152504904,,launch,45.880676,-78.885734,59672245
1163707417,,launch,45.60147,-78.725566,2416860
1163707419,,launch,45.599863,-78.730996,2416860
1163707420,,launch,45.613213,-78.693472,180902866
1167346064,,launch,45.618967,-78.770941,1182107
1167346065,,launch,45.616199,-78.776956,1182111
1167346066,Potter Creek,launch,45.623745,-78.794398,1182111
1167346067,,launch,45.628066,-78.776866,77890824
1167346068,,launch,45.626269,-78.773617,78027791
1167346069,,launch,45.62409,-78.768541,1182107
1167346070,,launch,45.633755,-78.738536,2415090
1167346072,,launch,45.6393,-78.736428,2415090
1167346073,,launch,45.638868,-78.720285,180991133
1167346074,,launch,45.640395,-78.718957,180991145
1167346076,,launch,45.646355,-78.708575,180991806
1167346077,,launch,45.650589,-78.70526,180991806
1167346078,,launch,45.653817,-78.705824,180991359
1167346081,,launch,45.661375,-78.690419,1154075
1167346082,,launch,45.662273,-78.696695,1154075
1167346083,,launch,45.659571,-78.701232,1154075
1178791195,,launch,45.644872,-78.800938,77890815
1178791201,,launch,45.641747,-78.820893,1180931
1178791202,Potter Creek,launch,45.632357,-78.815973,1180931
1178791203,Potter Creek,launch,45.63645,-78.811723,1180931
1178791205,,launch,45.594333,-78.767383,1182113
1178791206,,launch,45.608797,-78.782403,78027356
1178791207,,launch,45.615891,-78.778426,1182111
1178791209,Potter Creek,launch,45.599442,-78.750322,78027514
1178791213,,launch,45.582146,-78.757694,78028908
1178791215,,launch,45.567708,-78.758981,78027903
1178791216,,launch,45.561882,-78.774515,1182112
1178791217,,launch,45.541886,-78.797755,78033744
1178791218,Lupus Creek,launch,45.550279,-78.785641,78033744
1178791220,,launch,45.554458,-78.790366,1182168
1181902895,,launch,45.6402,-78.719992,180991133
1181902896,,launch,45.577764,-78.728369,2411726
1182005031,Petawawa River,launch,45.724282,-78.706768,77847865
1184505565,,launch,45.667021,-78.984653,1183279
1184505566,,launch,45.657381,-78.985676,1183279
1184505567,,launch,45.672125,-78.974043,78133087
1184505568,,launch,45.67367,-78.970462,78133087
1184505569,Hambone Creek,launch,45.667796,-78.972638,78133060
1184505571,Petawawa River,launch,45.669948,-78.943062,1183277
1184505573,,launch,45.655676,-78.959232,1183277
1184505574,,launch,45.649449,-78.954377,1183277
1184505575,Casey Creek,launch,45.639472,-78.939211,1183283
1184505576,,launch,45.63053,-78.896949,78133211
1184505577,,launch,45.634749,-78.920729,1183276
1184505578,,launch,45.619831,-78.932562,1183276
1184505579,,launch,45.633486,-78.909645,1183276
1184505580,,launch,45.639165,-78.906265,1183276
1184505581,McCraney Creek,launch,45.602666,-78.927997,1151346315
1184505582,,launch,45.594481,-78.897326,78046671
1184505583,,launch,45.592049,-78.903739,78046455
1184505584,,launch,45.588366,-78.911018,2998117
1184505585,McCraney Creek,launch,45.572266,-78.906083,2998117
1184505586,,launch,45.549079,-78.904526,2998117
1184505587,,launch,45.56639,-78.874797,1182103
1184505588,,launch,45.565047,-78.875189,78046537
1184505589,,launch,45.555786,-78.872802,78032839
1184505590,,launch,45.556632,-78.872444,78032839
1184505591,,launch,45.550359,-78.867166,78033762
1184505592,,launch,45.548513,-78.853995,78032842
1184505593,,launch,45.544261,-78.853215,1182167
1184537339,Tim River,launch,45.758017,-78.989465,104219916
1184537340,,launch,45.709982,-78.878814,77849493
1184537341,,launch,45.720887,-78.887069,77849493
1184537342,,launch,45.710322,-78.907623,1183599
1184537343,,launch,45.72798,-78.95471,78168427
1184537344,,launch,45.72936,-78.955626,78168188
1184537345,,launch,45.7266,-78.953837,78168427
1184537346,David Creek,launch,45.711613,-78.951785,78168527
1184537347,,launch,45.705482,-78.954945,1183601
1184537348,,launch,45.683432,-78.954286,2990353
1184537349,,launch,45.697725,-78.946772,2990353
1184537350,,launch,45.708936,-78.916679,2990353
1184537351,Timberwolf Creek,launch,45.684731,-78.801248,1180932
1184537352,Timberwolf Creek,launch,45.692124,-78.79341,1184537353
1184537354,,launch,45.659505,-78.784,77890445
1184537355,,launch,45.664708,-78.779933,1180935
1184537356,McIntosh Creek,launch,45.659284,-78.766598,1180935
1184537357,,launch,45.676849,-78.786808,1180935
1184537359,,launch,45.720447,-78.819755,77849502
1184537360,,launch,45.712973,-78.806061,77849357
1184537362,,launch,45.680414,-78.79153,1180932
1184537363,,launch,45.693913,-78.822827,1180411
1184537364,Petawawa River,launch,45.693719,-78.834706,1180411
1184537365,,launch,45.712896,-78.757305,1180411
1184537366,,launch,45.700466,-78.78828,1184537353
1184537367,,launch,45.706932,-78.800268,1180411
1184537368,,launch,45.693596,-78.83176,1180411
1184537369,Wenona Creek,launch,45.679727,-78.837188,77890575
1184537370,,launch,45.678417,-78.852879,1180927
1184537371,,launch,45.67457,-78.863771,1180929
1184537372,,launch,45.693542,-78.84799,1180411
1184537373,,launch,45.693988,-78.860282,975803943
1184537374,,launch,45.694879,-78.866856,975803943
1184537376,Petawawa River,launch,45.684928,-78.904834,-628
1184537378,Petawawa River,launch,45.679538,-78.921919,1183277
1184537379,,launch,45.659298,-78.860137,77890745
1184537380,,launch,45.654285,-78.8673,77890745
1184537381,Cranebill Creek,launch,45.674797,-78.884566,78133138
1184537382,Cranebill Creek,launch,45.6686,-78.869734,2998020
1184537383,,launch,45.670542,-78.87115,2998020
1184537384,,launch,45.665246,-78.877533,2998020
1184537385,,launch,45.661662,-78.881973,78133191
1184537386,,launch,45.660836,-78.886104,78133041
1184537387,,launch,45.662819,-78.898573,78133297
1184537388,Jubilee Creek,launch,45.658897,-78.902432,78133297
1184537389,,launch,45.651713,-78.900993,78133321
1184537391,,launch,45.601729,-78.890234,78046626
1184537392,,launch,45.612748,-78.884214,78046626
1184537393,,launch,45.630755,-78.885194,2998018
1184538685,McIntosh Creek,launch,45.648644,-78.760536,77890210
1184538686,,launch,45.645227,-78.826593,77890847
1184538693,,launch,45.614928,-78.83968,1182109
1184750984,Nipissing River,launch,45.78274,-79.001425,104219387
1184750988,Nipissing River,launch,45.77749,-79.019393,105783369
1184750990,Nipissing River,launch,45.780205,-79.025892,105783371
1184750991,,launch,45.779769,-79.026954,105783371
1184750993,Nipissing River,launch,45.778452,-79.057006,105783288
1184750996,,launch,45.773225,-79.05994,105783288
1184750997,,launch,45.767495,-79.054057,105782817
1184750998,,launch,45.763253,-79.03808,105783321
1184750999,,launch,45.7605,-79.037409,105783321
1184751000,,launch,45.758459,-79.040666,105783321
1184751001,,launch,45.748006,-79.02665,2990354
1184751002,,launch,45.747203,-79.017394,101298518
1184751003,,launch,45.744073,-79.012908,101298271
1184751004,,launch,45.739457,-79.001905,78168493
1184751005,,launch,45.73167,-78.985286,78168689
1184751006,,launch,45.730756,-78.974018,78168502
1184751007,,launch,45.713594,-78.703669,6462741
1184751008,Petawawa River,launch,45.713687,-78.703442,6462741
1184751010,Petawawa River,launch,45.715171,-78.705913,6462741
1184751013,Petawawa River,launch,45.720797,-78.732896,77847779
1184751014,,launch,45.722929,-78.723146,77847779
1184751015,Petawawa River,launch,45.723393,-78.71916,77847779
1184755272,,launch,45.779147,-78.758814,104187034
1184755273,,launch,45.771319,-78.727378,77847780
1184755274,,launch,45.778414,-78.798652,1475586
1184755275,,launch,45.77556,-78.816808,104187645
1184755276,,launch,45.772657,-78.821899,104187045
1184755277,,launch,45.7714,-78.829531,104187168
1184755278,,launch,45.766055,-78.839191,104186627
1184755279,,launch,45.76482,-78.847235,1475590
1184755280,,launch,45.756074,-78.922931,15577464
1184755281,,launch,45.754768,-79.035699,2990354
1184755282,Tim River,launch,45.757254,-79.020646,2990354
1184755283,,launch,45.758433,-78.991157,2990355
1184755287,,launch,45.753929,-78.903586,976130940
1184755288,Tim River,launch,45.752066,-78.902355,1475590
1184822994,,launch,45.777087,-78.698884,1474864
1184822999,Tim River,launch,45.732718,-78.792781,-618
1184823001,Tim River,launch,45.734179,-78.775862,-618
1184823003,Tim River,launch,45.779814,-78.699679,1474864
1184823921,,launch,45.695899,-78.705507,6462741
1184823922,,launch,45.683069,-78.711173,75196311
1184823923,,launch,45.670019,-78.702571,75196215
1218622820,,launch,45.949761,-78.893599,1951871
1218622824,,launch,45.934894,-79.109486,2997921
1218622827,Amable du Fond River,launch,45.934849,-79.108711,2997921
1218622873,,launch,45.944316,-79.079403,2997921
1220560813,,launch,45.946084,-78.766622,1477514
1220560815,Nipissing River,launch,45.915191,-78.714085,104140581
1220560817,Nipissing River,launch,45.906181,-78.725948,104140168
1220560818,,launch,45.891594,-78.707659,104140549
1220560819,,launch,45.887646,-78.703863,1474979
1220560820,,launch,45.888995,-78.696233,1474978
1220560822,Nipissing River,launch,45.894513,-78.759795,-763
1220560824,Nipissing River,launch,45.893124,-78.7714,-763
1220560826,Nipissing River,launch,45.87604,-78.824451,-763
1220560828,Nipissing River,launch,45.867953,-78.863679,-763
1220560830,Nipissing River,launch,45.853341,-78.923335,-763
1220560831,,launch,45.884911,-78.908509,104347857
1220560832,,launch,45.881709,-78.896243,59878691
1220560833,,launch,45.880937,-78.891122,59672245
1220560834,,launch,45.87974,-78.888509,59672245
1220560835,,launch,45.87974,-78.888509,59672245
1220560836,,launch,45.880652,-78.885642,1152504908
1220560837,,launch,45.88676,-78.875786,59847283
1220560838,,launch,45.906455,-78.87162,931721
1220560839,,launch,45.908914,-78.870159,59877455
1220560840,,launch,45.92074,-78.856586,59878657
1220560843,Loughrin Creek,launch,45.921745,-78.901628,-531
1220560844,,launch,45.935538,-78.928132,1951871
1220563394,,launch,45.929229,-78.846212,59642893
1220563395,,launch,45.93036,-78.844805,59642893
1220565665,,launch,45.854017,-78.93293,104347856
1220565666,Nipissing River,launch,45.854139,-78.932487,104347856
1220565668,Nipissing River,launch,45.798786,-78.943201,104219930
1220565670,Nipissing River,launch,45.822252,-78.929304,-763
1220565672,,launch,45.814038,-78.924227,104347818
1220565673,Nipissing River,launch,45.813828,-78.924378,104347818
1220565677,Latour Creek,launch,45.788819,-78.905468,104219726
1220565678,Latour Creek,launch,45.782027,-78.922662,-763
1220565679,,launch,45.77191,-78.930157,104220035
1220565680,,launch,45.765395,-78.924951,15577464
1271780725,,launch,45.571468,-78.719502,2411726
1374524702,,launch,45.934285,-79.112912,2997921
1374524703,,launch,45.934022,-79.068612,2997921
1374524704,,launch,45.922001,-79.085975,143849282
1374524705,,launch,45.922588,-79.081789,143849282
1374524706,,launch,45.923412,-79.077802,143849282
1374524707,,launch,45.923389,-79.078086,143849282
1374524708,,launch,45.926317,-79.076241,143849282
1374524709,,launch,45.914658,-79.075573,59847797
1374524710,,launch,45.917113,-79.071768,59847797
1374524711,,launch,45.905058,-79.068823,59679419
1374524712,,launch,45.903443,-79.06672,59679419
1374524713,,launch,45.903505,-79.066669,59679419
1374524714,,launch,45.903735,-79.061991,59679419
1374524715,,launch,45.905445,-79.059981,59679419
1374524716,,launch,45.907762,-79.033894,59646780
1374524717,,launch,45.906701,-79.048587,59646780
1374524718,,launch,45.906121,-79.044624,59646780
1374524719,,launch,45.897443,-79.054688,59646780
1374524720,,launch,45.896826,-79.050729,59646780
1374524721,,launch,45.900163,-79.045337,59646780
1374524722,,launch,45.90172,-79.058944,59646780
1374524723,,launch,45.902687,-79.05781,59646780
1374524724,,launch,45.895635,-79.052033,59669065
1374524726,,launch,45.881351,-79.109161,920339
1374524727,,launch,45.875473,-79.092242,920339
1374524728,,launch,45.868734,-79.108918,1505916
1374524729,,launch,45.874721,-79.093068,1505916
1374524730,,launch,45.875531,-79.090959,920339
1374524731,,launch,45.866843,-79.11348,1505916
1374524732,,launch,45.868681,-79.108727,1505916
1374524733,,launch,45.867762,-79.11586,-535
1432612326,Petawawa River,launch,45.691109,-78.876803,975803943
1472002641,,launch,45.938301,-78.715808,-763
1472002644,,launch,45.915198,-78.714235,104140581
1472002645,Nipissing River,launch,45.912697,-78.713217,104140581
1528912042,Tim River,launch,45.762965,-78.931977,15577464
1528912043,Tim River,launch,45.754826,-78.913543,976130940
1528912044,Tim River,launch,45.781139,-78.708914,1474864
1532286733,,launch,45.940145,-78.961326,1951871
1532767905,,launch,45.579667,-78.832872,1151278876
1532767910,,launch,45.579609,-78.830574,1151278876
1532767911,,launch,45.576658,-78.823701,78026914
1532767916,,launch,45.575811,-78.815204,1182106
1532767917,,launch,45.576764,-78.815462,1182106
1532767918,,launch,45.606675,-78.832248,1182110
1532966494,Nipissing River,launch,45.784108,-79.062139,-763
1532966504,South River,launch,45.832914,-79.065216,59681268
1533218019,South River,launch,45.822991,-79.042484,59775234
1533218022,South River,launch,45.819565,-79.030866,-535
1533902458,,launch,45.866067,-79.117574,-535
1538501626,,launch,45.706932,-78.800268,1180411
1538501630,,launch,45.680414,-78.79153,1180932
1538501631,,launch,45.684731,-78.801248,1180932
1538501633,,launch,45.725514,-78.707921,77847865
1539051956,Amable du Fond River,launch,45.93645,-79.120826,-875
1539051957,Amable du Fond River,launch,45.936439,-79.121811,-875
1539051958,,launch,45.936439,-79.121811,-875
1539051960,,launch,45.936409,-79.120873,-875
1539448687,,launch,45.770229,-79.080461,105783288
1539448689,,launch,45.763631,-79.045569,105782784
1539448691,,launch,45.756954,-79.038311,105783321
1539448693,,launch,45.739794,-79.060103,101298581
1539448694,,launch,45.743823,-79.038804,2990354
1539448695,,launch,45.749225,-79.031993,2990354
1539448696,,launch,45.747529,-79.024748,101298518
1539448699,,launch,45.751804,-79.03646,2990354
1539448700,,launch,45.754768,-79.035699,2990354
1539448703,,launch,45.744073,-79.012908,101298271
1539448709,,launch,45.728967,-78.967653,78168502
1539448710,,launch,45.730756,-78.974018,78168502
1539756227,,launch,45.777087,-78.698884,1474864
1539756237,,launch,45.835535,-78.690418,6463261
1540002359,,launch,45.587345,-78.707429,2411957
1540002361,,launch,45.591716,-78.707225,2411957
1540002364,,launch,45.62408,-78.695398,2415347
1540002365,Little Oxtongue Rive,launch,45.623858,-78.713628,2415347
1540002367,,launch,45.600025,-78.731424,2416860
1540002369,,launch,45.574423,-78.718843,2411957
1540002371,,launch,45.623725,-78.794848,1182111
1540002372,,launch,45.624033,-78.783023,1182111
1540002373,,launch,45.604481,-78.756707,1182111
1540002375,,launch,45.623793,-78.783345,1182111
1540002378,,launch,45.624237,-78.769013,1182107
1540002381,,launch,45.588214,-78.721792,2411957
1540002383,,launch,45.60255,-78.701231,180902866
1540002392,,launch,45.5499,-78.733127,2411726
1540005384,,launch,45.561036,-78.704442,2411726
1540005386,,launch,45.558446,-78.715967,2411726
1540008969,,launch,45.628609,-78.801304,1180931
1540008971,,launch,45.641143,-78.809589,1180931
1540008972,,launch,45.641143,-78.809589,1180931
1540008973,,launch,45.643566,-78.808694,1180931
1540008976,,launch,45.638354,-78.815878,1180931
1540008978,,launch,45.639235,-78.800083,1180931
1540008982,,launch,45.655375,-78.788636,77890445
1540008983,,launch,45.651548,-78.791177,77890445
1540012416,,launch,45.62408,-78.695398,2415347
1540023478,,launch,45.664459,-78.780612,1180935
1540023479,,launch,45.648644,-78.760536,77890210
1540023480,,launch,45.678472,-78.760798,1180935
1540023482,McIntosh Creek,launch,45.669979,-78.770363,1180935
1540023485,,launch,45.6393,-78.736428,2415090
1540023490,,launch,45.646355,-78.708575,180991806
1540023491,,launch,45.64832,-78.704244,180991806
1540023494,,launch,45.634431,-78.724588,180991133
1540023496,,launch,45.659862,-78.700411,1154075
1540023498,,launch,45.659019,-78.702793,1154075
1540023499,,launch,45.661375,-78.690419,1154075
1540023502,,launch,45.662634,-78.697163,1154075
1540226072,,launch,45.889009,-78.697641,1474978
1540226077,,launch,45.888724,-78.699765,1474979
1540226079,,launch,45.887256,-78.704765,1474979
1540231151,,launch,45.685994,-78.711131,75196311
1540231152,,launch,45.684835,-78.711934,75196311
1540231155,,launch,45.668704,-78.701375,75196215
1540231156,,launch,45.670019,-78.702571,75196215
1540231158,,launch,45.781139,-78.708914,1474864
1540231159,,launch,45.782069,-78.712613,1474864
1540231161,,launch,45.779874,-78.753199,104187034
1540231163,,launch,45.778362,-78.762769,104187034
1540231165,,launch,45.781317,-78.791297,1475586
1540231166,,launch,45.781317,-78.791297,1475586
1540231171,,launch,45.775626,-78.817097,104187645
1540231172,,launch,45.776415,-78.80546,104187645
1540231174,Devine Creek,launch,45.780065,-78.794482,1475586
1540231177,,launch,45.7714,-78.829531,104187168
1540231179,,launch,45.766541,-78.831868,104187168
1540231181,,launch,45.772657,-78.821899,104187045
1540231182,,launch,45.771236,-78.826611,104187045
1540231186,,launch,45.766055,-78.839191,104186627
1540231187,,launch,45.765485,-78.843534,104186627
1540231191,,launch,45.76482,-78.847235,1475590
1540308654,Nipissing River,launch,45.781019,-79.007034,-763
1540308655,,launch,45.777731,-79.057815,105783288
1540311763,,launch,45.748006,-79.02665,2990354
1540311766,David Creek,launch,45.727433,-78.931098,78168527
1540311768,,launch,45.711257,-78.951773,78168527
1540311769,,launch,45.720391,-78.950606,78168527
1540311772,,launch,45.709192,-78.952549,1183601
1540311774,,launch,45.707753,-78.95392,1183601
1540311778,,launch,45.72598,-78.953423,78168427
1540311783,,launch,45.708936,-78.916679,2990353
1540311784,,launch,45.675654,-78.968278,2990353
1540311785,,launch,45.680836,-78.951141,2990353
1540311790,,launch,45.721453,-78.890291,1183599
1540324892,,launch,45.741989,-79.007492,101298271
1540324893,,launch,45.731543,-78.987236,78168689
1540324894,,launch,45.731937,-78.984743,78168689
1540325504,,launch,45.766846,-78.926097,15577464
1540325506,,launch,45.769534,-78.92905,104220035
1540325507,,launch,45.77071,-78.929597,104220035
1540325720,,launch,45.720391,-78.950606,78168527
1540737519,,launch,45.884911,-78.908509,104347857
1540737521,,launch,45.872054,-78.940815,104347857
1540859417,,launch,45.714717,-78.815831,77849502
1540859418,,launch,45.717487,-78.817867,77849502
1540859424,,launch,45.709982,-78.878814,77849493
1540859425,,launch,45.722983,-78.877703,77849493
1540859433,,launch,45.667394,-78.982802,1183279
1540859436,,launch,45.660825,-78.986964,1183279
1540859439,,launch,45.657381,-78.985676,1183279
1540859440,,launch,45.667749,-78.982432,78133087
1540859441,,launch,45.652555,-78.983813,1183275
1540859443,,launch,45.647524,-78.983545,1183275
1540859448,,launch,45.672125,-78.974043,78133087
1540859449,,launch,45.668551,-78.972654,78133087
1540859452,,launch,45.667796,-78.972638,78133060
1540859453,,launch,45.664455,-78.969765,78133060
1540859455,Hambone Creek,launch,45.661397,-78.966896,78133060
1540859459,,launch,45.659816,-78.965355,1183277
1540859460,,launch,45.648962,-78.953862,1183277
1540859462,,launch,45.63924,-78.935381,1183283
1540859463,,launch,45.642113,-78.944535,1183283
1540859465,,launch,45.678221,-78.922629,1183277
1540859468,,launch,45.694879,-78.866856,975803943
1540859469,Petawawa River,launch,45.693272,-78.84708,1180411
1540859471,,launch,45.693913,-78.822827,1180411
1540859472,,launch,45.679744,-78.838357,77890575
1540859473,,launch,45.682928,-78.830411,77890575
1540859480,,launch,45.673897,-78.867147,1180929
1540859481,,launch,45.677225,-78.858981,1180929
1540859483,,launch,45.681415,-78.887701,78133138
1540859485,,launch,45.668711,-78.869008,2998020
1540859486,,launch,45.673927,-78.883338,2998020
1540859488,,launch,45.661876,-78.882445,78133191
1540859491,,launch,45.653678,-78.867101,77890745
1540859492,,launch,45.666556,-78.865484,77890745
1540859495,,launch,45.659298,-78.860137,77890745
1540859498,,launch,45.660623,-78.886998,78133041
1540859499,,launch,45.661113,-78.884943,78133041
1540859504,,launch,45.66511,-78.894051,78133297
1540859505,,launch,45.662819,-78.898573,78133297
1540859507,,launch,45.656685,-78.902269,78133123
1540859509,Jubilee Creek,launch,45.659753,-78.902302,78133297
1540860875,,launch,45.642249,-78.903723,78133321
1540860876,,launch,45.651713,-78.900993,78133321
1540860880,,launch,45.639165,-78.906265,1183276
1540860883,,launch,45.618985,-78.930493,1183276
1540860884,,launch,45.627835,-78.913827,1183276
1540860885,,launch,45.634707,-78.921561,1183276
1540860886,,launch,45.634749,-78.920729,1183276
1540860888,,launch,45.603691,-78.95244,1183276
1540860893,,launch,45.631111,-78.900785,78133211
1540860894,,launch,45.63053,-78.896949,78133211
1540987597,,launch,45.604852,-78.92803,1151346315
1540987602,,launch,45.603522,-78.92801,1151346315
1540987603,,launch,45.589089,-78.909747,2998117
1540987605,,launch,45.560605,-78.900194,2998117
1540987606,,launch,45.556599,-78.894422,2998117
1540987609,,launch,45.556764,-78.893539,2998117
1540987613,,launch,45.589089,-78.909747,2998117
1540987621,,launch,45.554894,-78.871493,78032839
1540987622,,launch,45.556632,-78.872444,78032839
1540987623,,launch,45.556012,-78.882146,78032839
1540987624,,launch,45.554749,-78.871281,78032839
1540987629,,launch,45.550122,-78.866743,78033762
1540987630,,launch,45.551572,-78.868578,78033762
1540987638,,launch,45.639306,-78.881399,2998018
1540987640,,launch,45.631028,-78.88856,2998018
1540987643,,launch,45.601729,-78.890234,78046626
1540987646,Brown Creek,launch,45.602981,-78.850665,77890622
1540987647,,launch,45.615672,-78.84825,1182109
1540987651,,launch,45.559774,-78.782865,1182168
1541010921,,launch,45.618444,-78.828755,1182110
1541010922,,launch,45.613429,-78.836185,1182110
1541010923,,launch,45.61839,-78.829728,1182110
1541010925,,launch,45.612411,-78.832462,1182110
1541010935,Timberwolf Creek,launch,45.649988,-78.834919,77890847
1541010936,,launch,45.649988,-78.834919,77890847
1541010941,,launch,45.646372,-78.799731,77890815
1541010945,,launch,45.627222,-78.774078,78027791
1541010946,,launch,45.626208,-78.780054,77890824
1541010951,,launch,45.610718,-78.783647,78027356
1541010952,,launch,45.608797,-78.782403,78027356
1541010956,,launch,45.594333,-78.767383,1182113
1541010957,,launch,45.601714,-78.776689,1182113
1541011347,,launch,45.565855,-78.874982,78046537
1541052947,,launch,45.548513,-78.853995,78032842
1541052948,,launch,45.545971,-78.853766,78032842
1541052951,,launch,45.54351,-78.852225,78032842
1541052952,,launch,45.544261,-78.853215,1182167
1541332865,,launch,45.581553,-78.757418,78028908
1541332866,,launch,45.589799,-78.760672,78028908
1541332867,,launch,45.588989,-78.759431,78028908
1541332868,,launch,45.582965,-78.753243,78028908
1541332873,,launch,45.567856,-78.760435,78027903
1541332874,,launch,45.570287,-78.756841,78027903
1541332877,,launch,45.561899,-78.774664,1182112
1541332879,,launch,45.563848,-78.769303,1182112
1541332883,,launch,45.550279,-78.785641,78033744
1541332885,,launch,45.54151,-78.797939,78033744
1544026413,,launch,45.906358,-78.874142,931721
1544026414,,launch,45.904256,-78.866829,931721
1544026415,,launch,45.902692,-78.870419,931721
1544026421,,launch,45.884466,-78.879134,59847283
1546789201,,launch,45.653797,-78.894279,78133321
1546790052,,launch,45.937851,-78.755898,1477514
879855528,,launch,45.545925,-78.676084,2214782
879942671,,launch,45.546791,-78.670788,2214782
879942676,,launch,45.548178,-78.666836,2315488
882479364,,launch,45.598129,-78.640981,74163175
882481578,,launch,45.57759,-78.642584,173382476
882481826,,launch,45.587303,-78.649065,74714038
883074068,,launch,45.580369,-78.645168,173382476
883075225,,launch,45.573628,-78.639406,2315488
884438684,,launch,45.600481,-78.381085,74887966
884438744,,launch,45.606226,-78.38482,74887770
884566900,,launch,45.602351,-78.395163,74887966
885166746,,launch,45.564439,-78.349374,1151865
885175118,,launch,45.589479,-78.312892,74954852
885300511,,launch,45.565434,-78.360145,1151865
885392848,,launch,45.565535,-78.297133,75098558
885689170,,launch,45.644691,-78.457803,75032594
885689940,,launch,45.636994,-78.455477,75032594
885690630,,launch,45.627726,-78.443045,75032643
885712926,,launch,45.707684,-78.37752,2974045
885729655,,launch,45.67917,-78.256205,75034677
886265342,,launch,45.543296,-78.32775,1150811651
886265517,,launch,45.550302,-78.327734,1152934
886275285,,launch,45.554634,-78.33635,75091704
886332498,,launch,45.558306,-78.36668,75097699
886334706,,launch,45.556898,-78.369013,75097434
887565039,,launch,45.646909,-78.604943,75204082
888623391,,launch,45.756902,-78.419948,2974045
888625965,,launch,45.781402,-78.466489,75251360
915164621,,launch,45.729175,-78.541036,77848668
915168517,,launch,45.719844,-78.56221,77848598
915169438,,launch,45.723874,-78.554441,77848598
915170208,,launch,45.712194,-78.613531,77848622
915170517,,launch,45.716455,-78.616133,77848622
915171584,,launch,45.731359,-78.524136,1180401
920207463,,launch,45.681861,-78.193709,78413195
920207961,,launch,45.667159,-78.244382,78412661
920208704,,launch,45.666143,-78.193693,78412561
920209969,,launch,45.625766,-78.229686,78412660
920210134,,launch,45.625241,-78.222749,1041319640
920211264,,launch,45.668729,-78.246128,78412661
920211913,,launch,45.670341,-78.247841,78412661
920212110,,launch,45.650257,-78.20155,1186076
920212725,,launch,45.651761,-78.205268,78412486
920218007,,launch,45.735874,-78.199605,1186099
920219175,,launch,45.700879,-78.200533,78413149
920221463,,launch,45.711498,-78.20315,78413087
920330931,,launch,45.617074,-78.227204,78423768
920332491,,launch,45.610511,-78.227425,78423768
920336498,,launch,45.605817,-78.202139,78423716
920342170,,launch,45.607283,-78.199729,78423846
922518749,,launch,45.92432,-78.379779,-1131
1201163406,,launch,45.81223,-78.573085,104081118
1201164940,,launch,45.782774,-78.542888,1474420
1201165740,,launch,45.809197,-78.566458,104081217
1201170024,,launch,45.796604,-78.553222,104081189
1201170584,,launch,45.793524,-78.551761,104081189
1201170603,,launch,45.802264,-78.55305,104081193
1201184424,,launch,45.820439,-78.583587,6529609
1201198094,,launch,45.887565,-78.570162,104082338
1201198442,,launch,45.912482,-78.606603,104082204
1201205621,,launch,45.906449,-78.585657,104082107
1201205910,,launch,45.907772,-78.584763,104082107
1201207676,,launch,45.888535,-78.567402,104082338
1201543197,,launch,45.785018,-78.657023,104130761
1201545522,,launch,45.776525,-78.659852,6462738
1201546566,,launch,45.784248,-78.627413,6462738
1201548128,,launch,45.775767,-78.670006,104130762
1201550876,,launch,45.782976,-78.655048,6462738
1201640231,,launch,45.895366,-78.67631,1474978
1201648361,,launch,45.886414,-78.655078,13125165
1201649989,,launch,45.897795,-78.673332,1474978
1201651475,,launch,45.901052,-78.661903,104140480
1201653093,,launch,45.901043,-78.646303,104140483
1201654919,,launch,45.88477,-78.675493,6463261
1201656296,,launch,45.900101,-78.666929,104140363
1201657494,,launch,45.913364,-78.627632,15577463
1350653687,,launch,45.657449,-78.686438,181029662
1541680385,,launch,45.58521,-78.316643,140792119
1726752174,,launch,45.75943,-78.282319,160624850
1726799670,,launch,45.819654,-78.211302,161484740
1726918885,,launch,45.892563,-78.20136,160652679
1734361662,,launch,45.891837,-78.203317,160652679
1734366356,,launch,45.895342,-78.206029,160652679
1734541286,,launch,45.813898,-78.194572,75364039
1734541522,,launch,45.81898,-78.211205,161484740
1734551745,,launch,45.769747,-78.197136,2163081
1734551911,,launch,45.780361,-78.220029,2163081
1734647627,,launch,45.747561,-78.30335,160624908
1734647641,,launch,45.746313,-78.300852,2148691
1734648469,,launch,45.698822,-78.274702,161496586
1734665453,,launch,45.637225,-78.356591,2974045
1734666128,,launch,45.629645,-78.367109,2974045
1734682952,,launch,45.698546,-78.273739,161496527
1734740267,,launch,45.586627,-78.590377,2163205
1734741457,,launch,45.559663,-78.587135,2163205
1734745680,,launch,45.55525,-78.585748,166310997
1775637207,Lake of Two Rivers Access #A42,launch,45.575661,-78.46029,166079367
1775639250,,launch,45.571587,-78.482813,2212875
1775732983,,launch,45.567816,-78.512405,2212997
1775732994,,launch,45.567447,-78.512396,2212997
1776038374,,launch,45.558276,-78.52031,2213666
1776038476,,launch,45.559262,-78.518062,2213666
1776047247,,launch,45.547678,-78.561986,166125328
1776079595,,launch,45.54768,-78.565024,166125328
1776081856,,launch,45.549291,-78.621336,166125392
1776662440,,launch,45.587652,-78.611306,161500876
1776693392,,launch,45.553425,-78.625339,166125419
1776693478,,launch,45.557092,-78.625953,166187171
1777055474,,launch,45.564932,-78.450671,166078663
1777616220,,launch,45.579583,-78.434849,166307937
1777616299,,launch,45.572522,-78.437516,166307937
1777616339,,launch,45.572997,-78.439776,166307937
1777619052,,launch,45.587085,-78.425828,166307992
1777619760,,launch,45.590625,-78.421948,166308000
1777625318,,launch,45.590145,-78.37556,166308053
1777646663,,launch,45.547741,-78.569008,2216561
1781113842,,launch,45.599489,-78.607483,166665825
1781116117,,launch,45.615938,-78.597381,2221713
1781120208,,launch,45.621881,-78.592342,166665916
1908391930,,launch,45.869563,-78.353335,2406676
1908392086,,launch,45.869984,-78.344808,2406676
1908392145,,launch,45.870394,-78.342912,2406676
1908392190,,launch,45.87057,-78.340206,2406676
1908392242,,launch,45.868174,-78.337048,2406676
1909459050,,launch,45.833563,-78.407757,2408816
1909459666,,launch,45.834235,-78.408833,2408816
1909876515,,launch,45.894614,-78.271988,6529634
1909941620,,launch,45.824317,-78.428399,2409417
1909942505,,launch,45.841772,-78.457806,2409417
1909947952,,launch,45.794516,-78.42927,180569686
1910283305,,launch,45.762664,-78.408281,2974105
1910290464,,launch,45.766617,-78.451953,2409748
1910292235,,launch,45.760022,-78.482525,2409748
1910619328,,launch,45.758377,-78.420117,180625821
1910619509,,launch,45.760091,-78.41906,180625810
1910786153,,launch,45.720654,-78.42873,2974045
1910791161,,launch,45.707535,-78.378906,2974045
1914502198,,launch,45.622926,-78.680271,2415716
1914510686,,launch,45.637633,-78.687248,181010290
1914510857,,launch,45.64079,-78.685809,181010509
1914667505,,launch,45.661938,-78.675862,2415826
1914667795,,launch,45.662658,-78.670543,181023576
1921061551,,launch,45.629298,-78.588946,166665916
1921062414,,launch,45.64796,-78.606095,75204082
1921065711,,launch,45.667786,-78.612443,2415716
1921068142,,launch,45.672757,-78.605671,2973296
1921072916,,launch,45.715797,-78.565451,2423130
2407218462,,launch,45.606487,-78.606464,2221713
2407224267,,launch,45.643729,-78.602006,75204082
2441712558,,launch,45.709843,-78.610315,77848612
9029783374,,launch,45.656901,-78.685184,181029662
9029783381,,launch,45.662838,-78.682045,181023556
9029783399,,launch,45.66286,-78.678824,2415826
9029783407,,launch,45.662849,-78.680267,2415826
9029783428,,launch,45.663181,-78.666232,181023576
9029783429,,launch,45.661525,-78.660633,2415716
9029783445,,launch,45.62252,-78.682477,2415686
9029783500,,launch,45.614773,-78.685939,2415686
9033386212,,launch,45.772869,-78.685594,1474865
9033613028,,launch,45.908708,-78.55854,2973187
9033613039,,launch,45.907039,-78.562943,104082151
9033613076,,launch,45.9101,-78.594762,104082204
9033613093,,launch,45.907908,-78.581939,976161222
9033613095,,launch,45.907866,-78.577106,104082151
9033613110,,launch,45.90269,-78.590376,104082107
9033613122,,launch,45.900601,-78.593749,976161230
9033613173,,launch,45.886436,-78.656944,6463261
9033613212,,launch,45.823824,-78.62618,6529609
9033613232,,launch,45.827111,-78.634099,13125166
10700241457,,launch,45.548089,-78.559966,166125328
10700242418,,launch,45.546505,-78.619003,2216559
10700242531,,launch,45.594967,-78.643222,74163175
10700242541,,launch,45.605449,-78.624113,74163175
10700242550,,launch,45.61056,-78.611002,2221713
10700897288,Canisbay Lake Access Point # 34,launch,45.566327,-78.600367,2163205
10700905348,,launch,45.56448,-78.63232,2315488
10705380141,,launch,45.563589,-78.362854,74954395
10705380221,,launch,45.563522,-78.310491,1152934
10705380239,,launch,45.555877,-78.341159,75091653
10705664661,,launch,45.763047,-78.271419,160624850
10705664662,,launch,45.759106,-78.279295,160624850
10705664663,,launch,45.748198,-78.299,2148691
10705664731,,launch,45.644657,-78.342566,2163172
10705664796,,launch,45.646634,-78.35675,2163174
10705664840,,launch,45.639359,-78.363497,2974045
10705664852,,launch,45.65019,-78.448867,75032570
10705665032,,launch,45.633209,-78.449298,75032643
10707521618,,launch,45.554677,-78.62487,166125419
10710041042,,launch,45.661672,-78.686153,75196391
10711001516,,launch,45.787932,-78.669248,1474867
10711001562,,launch,45.789504,-78.685847,104130874
10717753037,,launch,45.854523,-78.391214,2408816
10717753043,,launch,45.762693,-78.519778,104081114
10717753048,,launch,45.7631,-78.520335,104081114
10717753049,,launch,45.791272,-78.548978,104081189
10717753057,,launch,45.78012,-78.547253,1474420
10717753062,,launch,45.781849,-78.566002,6462738
10717753064,,launch,45.737645,-78.611499,6462738
10717753087,,launch,45.736856,-78.610981,6462738
10717753095,,launch,45.735022,-78.612196,6462738
10717771119,,launch,45.718996,-78.615619,77848622
10717771291,,launch,45.728045,-78.53368,77848668
10717771297,,launch,45.737636,-78.453252,2974045
10717771298,,launch,45.745245,-78.476524,1180401
10717771299,,launch,45.756079,-78.526684,1180401
10717771301,,launch,45.757916,-78.529956,1474420
10717771302,,launch,45.754398,-78.439417,2974045
10717771359,,launch,45.750223,-78.489376,1180401
10717771403,,launch,45.77712,-78.461979,2409748
10717771446,,launch,45.779432,-78.45384,2409748
10717771626,,launch,45.839611,-78.51728,3379405
10717771725,,launch,45.844284,-78.500979,78510082
10717771757,,launch,45.850012,-78.54894,6529609
10717771766,,launch,45.849241,-78.541233,3379405
10717771863,,launch,45.804572,-78.621662,6529609
10719716166,,launch,45.730093,-78.61407,-1160
10720302685,,launch,45.940495,-78.586209,2973185
10720302769,,launch,45.914534,-78.63386,104140693
10720302775,,launch,45.909589,-78.636815,104140693
10722349570,,launch,45.893295,-78.204504,6529634
10722349571,,launch,45.897651,-78.195058,2148867
10722349576,,launch,45.896944,-78.195611,2148867
10722349577,,launch,45.895252,-78.198923,160652731
10722349589,,launch,45.89376,-78.199467,160652731
10722349649,,launch,45.605211,-78.211184,78423716
10722349652,,launch,45.605749,-78.211993,78423969
10722349655,,launch,45.609493,-78.217545,78423969
10722349666,,launch,45.691541,-78.201688,78413195
10722349674,,launch,45.696678,-78.202075,78413298
10722349686,,launch,45.705818,-78.200711,78413015
10722349707,,launch,45.716376,-78.201364,78413095
10722349708,,launch,45.71787,-78.196281,78413095
10722349730,,launch,45.72252,-78.192075,1186099
10724689263,,launch,45.706658,-78.606694,2423130
10724689274,,launch,45.708126,-78.608208,77848612
10724713391,,launch,45.565305,-78.490282,3378614
10724713662,,launch,45.599229,-78.398985,74887966
10724713663,,launch,45.596826,-78.409451,1151256
10724713680,,launch,45.595085,-78.417118,166308000
10724713694,,launch,45.584836,-78.427808,166307992
10731700224,,launch,45.923442,-78.367056,-1131
10731700296,,launch,45.915927,-78.443633,78631316
10731700306,,launch,45.916898,-78.444124,78631316
10731700320,,launch,45.913106,-78.451813,78631202
10731700321,,launch,45.890806,-78.540426,2973187
10731700328,,launch,45.890416,-78.546961,104082338
10731700330,,launch,45.904619,-78.534581,2973187
10731700369,,launch,45.90284,-78.523771,104082231
10731700370,,launch,45.902017,-78.520798,104082231
10731700395,,launch,45.896133,-78.519098,104082112
10731700397,,launch,45.895719,-78.510353,104082053
10731700455,,launch,45.888694,-78.492839,3379405
10731700529,,launch,45.835724,-78.407264,2408816
10731700557,,launch,45.868063,-78.349431,2406676
10731700576,,launch,45.870049,-78.338144,2406676
10977334831,,launch,45.629064,-78.235972,78412487
10977339312,,launch,45.650626,-78.211408,78412486
10977339321,,launch,45.648702,-78.216507,78412622
10977339345,,launch,45.645219,-78.223421,78412622
10977339374,,launch,45.637458,-78.2304,78412438
10977339390,,launch,45.663857,-78.238377,1040595828
10977339438,,launch,45.675387,-78.251868,75034680
10977339442,,launch,45.674476,-78.251383,75034826
10977339459,,launch,45.677082,-78.254886,75034680
10977339485,,launch,45.68148,-78.261523,75034677
10977339530,,launch,45.689337,-78.26558,161496599
10977339712,,launch,45.712665,-78.431364,75033785
10979834202,,launch,45.585962,-78.326115,140792120
10979920735,,launch,45.593725,-78.290476,74954985
10979920787,,launch,45.588602,-78.301997,74954852
10979920907,,launch,45.608755,-78.401356,74887917
10979920917,,launch,45.606527,-78.396413,74887966
10981717641,,launch,45.565873,-78.451923,2212856
11005703277,,launch,45.825611,-78.668134,104136061
11005703278,,launch,45.824842,-78.668153,104136061
11005703280,,launch,45.821245,-78.663996,976161236
11005703281,,launch,45.820815,-78.663449,976161236
11017085635,,launch,45.869054,-78.337417,2406676
11038110109,,launch,45.845698,-78.398396,2408816
11044517439,,launch,45.84348,-78.39971,2408816
11044517451,,launch,45.842343,-78.400318,2408816
11952041720,Sunday Creek Access Point (#10),launch,45.587524,-78.369801,-1296
14011390975,,launch,45.914349,-78.450172,78631202
14011390979,,launch,45.916425,-78.441211,78631316
14011390980,,launch,45.916111,-78.425501,-1131
14015080840,,launch,45.905526,-78.58593,104082107
14017909887,,launch,45.893939,-78.271078,6529634
14040100969,,launch,45.564282,-78.643247,2315488
14183856190,,launch,45.570735,-78.447599,2212857
77848621,Otterslide Creek,launch,45.718996,-78.615619,77848622
77848718,Hailstorm Creek,launch,45.704696,-78.492866,180700567
77848734,Otterslide Creek,launch,45.735022,-78.612196,6462738
78412608,McCarthy Creek,launch,45.627238,-78.220419,1041319640
104081151,Crow River,launch,45.778366,-78.45246,2409748
104081182,,launch,45.781849,-78.566002,6462738
104705675,Sunday Creek,launch,45.589964,-78.374925,166308053
161501000,Canisbay Creek,launch,45.55525,-78.585748,166310997
166310998,,launch,45.551864,-78.587802,166310997
180562672,,launch,45.893622,-78.270845,6529634
181009977,,launch,45.613789,-78.685933,2415686
181010534,,launch,45.648727,-78.682158,181022767
491216456,Sunday Creek,launch,45.587091,-78.36977,-1296
491216457,Sunday Creek,launch,45.587309,-78.369834,-1296
1040595830,,launch,45.657506,-78.227975,1040595830
1040595833,Opeongo River,launch,45.659056,-78.238614,13927973
1151278902,,launch,45.65676,-78.684372,181029662
1163707418,,launch,45.622041,-78.68272,2415686
1167248737,,launch,45.57759,-78.642584,173382476
1167248738,,launch,45.568045,-78.636875,2315488
1167248739,,launch,45.54825,-78.666766,2315488
1167248742,,launch,45.554782,-78.624938,166125419
1167248743,,launch,45.549303,-78.621499,166125392
1167248744,Madawaska River,launch,45.552612,-78.625219,166187140
1167248759,,launch,45.545925,-78.676084,2214782
1167346079,,launch,45.640859,-78.685617,181010509
1167346080,,launch,45.656901,-78.685184,181029662
1167346084,,launch,45.662838,-78.682045,181023556
1167346085,,launch,45.66286,-78.678824,2415826
1167346086,,launch,45.662475,-78.669255,181023576
1167346087,Otterslide Creek,launch,45.708288,-78.608288,77848612
1167346088,,launch,45.702598,-78.603509,2423130
1167346089,,launch,45.715776,-78.566359,2423130
1167346090,,launch,45.644148,-78.602356,75204082
1167346091,,launch,45.64796,-78.606095,75204082
1167346092,,launch,45.661372,-78.660071,2415716
1167346093,,launch,45.667401,-78.612581,2415716
1171031302,,launch,45.554062,-78.585773,166310997
1171031303,,launch,45.551747,-78.58782,2216561
1171031305,,launch,45.551376,-78.592192,2216561
1171031309,,launch,45.547971,-78.56955,2216561
1178504014,,launch,45.58598,-78.589872,2163205
1181902893,,launch,45.640859,-78.685617,181010509
1181902894,,launch,45.657274,-78.685053,181029662
1181902897,Madawaska River,launch,45.556575,-78.625997,166187171
1181902898,,launch,45.564533,-78.632395,2315488
1181902899,,launch,45.556575,-78.625997,166187171
1182005032,,launch,45.779517,-78.64739,6462738
1182005033,,launch,45.776188,-78.658163,6462738
1182005034,,launch,45.778905,-78.624779,6462738
1182005035,,launch,45.779793,-78.569941,6462738
1182005037,,launch,45.796604,-78.553222,104081189
1182005038,,launch,45.791272,-78.548978,104081189
1182005039,,launch,45.763435,-78.521017,1474420
1182005040,,launch,45.778509,-78.541989,1474420
1182005042,,launch,45.748765,-78.489997,1180401
1182005043,,launch,45.745133,-78.520517,1180401
1182005044,,launch,45.745133,-78.520517,1180401
1182005045,,launch,45.729175,-78.541036,77848668
1182005046,,launch,45.723113,-78.558696,77848598
1182005047,,launch,45.723874,-78.554441,77848598
1182005051,,launch,45.595685,-78.610285,21130925
1182005052,,launch,45.621881,-78.592342,166665916
1182005053,,launch,45.609853,-78.607552,2221713
1182005054,,launch,45.61056,-78.611002,2221713
1182005055,,launch,45.601912,-78.634534,74163175
1182005056,,launch,45.593198,-78.646476,74714038
1182073955,,launch,45.637222,-78.231057,78412487
1182073957,,launch,45.625788,-78.223574,78412660
1182073958,,launch,45.62544,-78.228991,78412660
1182073961,McCarthy Creek,launch,45.627355,-78.219896,1041319640
1182073962,,launch,45.648649,-78.198211,1186076
1182073966,,launch,45.66398,-78.196725,1186076
1182073968,Opeongo River,launch,45.668493,-78.246269,1040595828
1182073969,,launch,45.663494,-78.238642,1040595828
1182073970,,launch,45.667185,-78.244817,1040595828
1182073973,,launch,45.668729,-78.246128,78412661
1182073974,,launch,45.670313,-78.248266,78412661
1182073975,Opeongo River,launch,45.674364,-78.251721,75034826
1182073976,,launch,45.675474,-78.252082,75034680
1182073977,,launch,45.674476,-78.251383,75034826
1182073979,Opeongo River,launch,45.676906,-78.255093,75034680
1182073982,Opeongo River,launch,45.681191,-78.261526,75034677
1182073983,,launch,45.676906,-78.255093,75034680
1182073985,,launch,45.68148,-78.261523,75034677
1182073988,,launch,45.698227,-78.273556,161496527
1182073989,Opeongo River,launch,45.698227,-78.273556,161496527
1182073990,,launch,45.689435,-78.265689,161496528
1182073992,,launch,45.635576,-78.359025,2974045
1182073993,,launch,45.758377,-78.420117,180625821
1182073998,,launch,45.759106,-78.279295,160624850
1182073999,,launch,45.631427,-78.366421,2974045
1182074000,,launch,45.638794,-78.36423,2974045
1182074002,,launch,45.720654,-78.42873,2974045
1182074004,,launch,45.750248,-78.437772,2974045
1182074005,,launch,45.756681,-78.419972,2974045
1182074007,,launch,45.738706,-78.306342,2974045
1182074008,Wright Creek,launch,45.759215,-78.286192,2148691
1182074011,,launch,45.703184,-78.391786,2974045
1182074012,Costello Creek,launch,45.616922,-78.34415,74955000
1182074013,,launch,45.635576,-78.359025,2974045
1182380862,,launch,45.589479,-78.312892,74954852
1182380865,,launch,45.558121,-78.309274,1152934
1182380867,,launch,45.555087,-78.338249,75091653
1182380868,,launch,45.56323,-78.363365,75097699
1182380869,,launch,45.566858,-78.353162,1151865
1182380870,,launch,45.57753,-78.368112,74891615
1182380873,,launch,45.590145,-78.37556,166308053
1182380875,,launch,45.604701,-78.386893,74887966
1182380876,,launch,45.603567,-78.393148,74887966
1182380877,,launch,45.600481,-78.381085,74887966
1182380878,,launch,45.59733,-78.404188,1151256
1182380879,,launch,45.590625,-78.421948,166308000
1182380880,,launch,45.586907,-78.426465,166307992
1182380881,,launch,45.579321,-78.435597,166307937
1182380886,,launch,45.562666,-78.438735,2214853
1182607076,,launch,45.567816,-78.512405,2212997
1182607077,,launch,45.567363,-78.512445,2212997
1182607078,Madaska River,launch,45.575018,-78.493866,2212875
1182607080,,launch,45.566061,-78.452142,2212856
1182607082,Madawaska River,launch,45.548078,-78.559889,2213666
1183506159,Madawaska River,launch,45.54768,-78.565024,166125328
1183506160,,launch,45.548089,-78.559966,166125328
1183506162,Madawaska River,launch,45.549476,-78.567317,166125328
1183506163,Madawaska River,launch,45.559158,-78.517423,2213666
1183506165,,launch,45.559262,-78.518062,2213666
1183506166,,launch,45.558186,-78.520132,2213666
1184822975,,launch,45.822091,-78.622116,6529609
1184822977,,launch,45.805619,-78.622151,6529609
1184822978,,launch,45.886648,-78.660039,6463261
1184822979,,launch,45.883883,-78.675022,6463261
1184822980,,launch,45.828695,-78.639541,13125166
1184822981,Petawawa River,launch,45.846022,-78.658912,6463261
1184822982,,launch,45.825611,-78.668134,104136061
1184822983,,launch,45.824758,-78.668325,976161236
1184822985,Petawawa River,launch,45.821237,-78.66433,976161236
1184822986,,launch,45.820815,-78.663449,976161236
1184822987,,launch,45.821237,-78.66433,976161236
1184822989,Petawawa River,launch,45.787001,-78.660092,1474867
1184822990,,launch,45.785018,-78.657023,104130761
1184822992,Petawawa River,launch,45.779517,-78.64739,6462738
1184822993,,launch,45.772869,-78.685594,1474865
1184822995,,launch,45.789619,-78.686091,1474864
1184822996,,launch,45.787932,-78.669248,1474867
1184822997,Tim River,launch,45.787674,-78.667458,1474867
1184826549,Petawawa River,launch,45.902506,-78.590033,104082107
1184826552,Petawawa River,launch,45.886961,-78.651981,13125165
1184826553,,launch,45.907866,-78.577106,104082151
1184826554,,launch,45.907975,-78.582447,104082107
1184826555,,launch,45.907241,-78.583748,104082107
1184826556,,launch,45.912482,-78.606603,104082204
1184826557,,launch,45.914534,-78.63386,104140693
1184826559,,launch,45.886414,-78.655078,13125165
1184826560,,launch,45.90942,-78.636964,104140483
1184826561,,launch,45.900101,-78.666929,104140363
1184826562,,launch,45.895366,-78.67631,1474978
1185965626,,launch,45.811632,-78.207234,2163081
1185965627,,launch,45.782968,-78.212314,2163081
1185965628,,launch,45.784087,-78.174261,2163081
1185965629,,launch,45.769747,-78.197136,2163081
1185965633,,launch,45.781686,-78.218457,2163081
1185965638,,launch,45.728539,-78.190285,1186099
1185965639,,launch,45.716376,-78.201364,78413095
1185965640,,launch,45.710448,-78.203044,78413015
1185965641,,launch,45.696678,-78.202075,78413298
1185965642,,launch,45.691123,-78.20193,78413195
1185965643,,launch,45.645219,-78.223421,78412622
1185965644,Rumley Creek,launch,45.651791,-78.20654,78412486
1185965645,Rumley Creek,launch,45.650626,-78.211408,78412486
1185965647,McCarthy Creek,launch,45.603733,-78.170154,78423846
1185965648,McCarthy Creek,launch,45.605832,-78.204229,78423716
1185965649,McCarthy Creek,launch,45.605838,-78.212283,78423969
1185965650,,launch,45.617074,-78.227204,78423768
1186118489,,launch,45.897754,-78.194651,2148867
1186118490,,launch,45.89696,-78.196188,160652731
1186118492,Crow River,launch,45.895325,-78.199021,160652731
1186118493,,launch,45.895325,-78.199021,160652731
1186118494,,launch,45.893695,-78.199632,160652679
1186118496,Crow River,launch,45.89267,-78.200839,160652679
1186118512,Crow River,launch,45.870305,-78.342669,2406676
1186118514,Crow River,launch,45.867944,-78.349456,2406676
1186118516,,launch,45.869573,-78.353484,2406676
1186118517,,launch,45.867944,-78.349456,2406676
1186118518,,launch,45.869879,-78.344944,2406676
1186118519,,launch,45.870305,-78.342669,2406676
1186118520,,launch,45.870492,-78.340346,2406676
1186118521,,launch,45.869918,-78.338015,2406676
1186118522,,launch,45.869021,-78.337512,2406676
1186118524,Crow River,launch,45.869918,-78.338015,2406676
1186118526,,launch,45.867614,-78.337146,2406676
1186118529,,launch,45.89267,-78.200839,160652679
1186118530,,launch,45.89189,-78.203838,6529634
1186118531,,launch,45.892435,-78.203706,6529634
1186118532,Crow River,launch,45.857738,-78.327692,6529634
1186118534,,launch,45.820092,-78.213061,6529634
1188735200,Little Madawaska River,launch,45.923442,-78.367056,-1131
1188735202,Little Madawaska River,launch,45.921487,-78.414231,78631323
1188735204,,launch,45.915927,-78.443633,78631316
1188735205,,launch,45.916837,-78.444539,78631202
1188735206,Little Madawaska River,launch,45.914364,-78.450052,78631202
1188735207,,launch,45.902146,-78.520922,104082231
1188735208,,launch,45.895849,-78.518107,104082112
1188735209,,launch,45.887607,-78.492541,3379405
1188735210,,launch,45.912414,-78.451987,3379405
1188735212,Little Madawaska River,launch,45.915669,-78.443788,78631316
1188735214,Little Madawaska River,launch,45.852519,-78.527371,3379405
1188735215,,launch,45.866771,-78.51059,3379405
1188735216,,launch,45.839709,-78.517297,3379405
1188735224,,launch,45.764856,-78.335375,1154753
1188735293,,launch,45.841529,-78.453981,2409417
1188735295,,launch,45.825075,-78.427269,2409417
1188735296,,launch,45.854523,-78.391214,2408816
1188735298,,launch,45.845674,-78.398786,2408816
1188735299,Crow River,launch,45.835769,-78.407232,2408816
1188735301,,launch,45.835724,-78.407264,2408816
1188735302,,launch,45.833688,-78.408179,2408816
1188735303,,launch,45.833636,-78.409252,2408816
1188735311,,launch,45.769339,-78.403097,2974105
1188735312,Crow River,launch,45.790522,-78.419372,2974105
1188735313,Crow River,launch,45.854596,-78.391301,2408816
1188735314,,launch,45.794618,-78.4292,180569686
1188735315,Crow River,launch,45.768301,-78.481264,2409748
1188735316,,launch,45.777311,-78.455987,2409748
1188735318,,launch,45.766617,-78.451953,2409748
1188735319,,launch,45.761715,-78.480942,2409748
1188735320,,launch,45.760553,-78.481902,2409748
1188735322,,launch,45.737762,-78.611507,6462738
1188735327,Otterslide Creek,launch,45.712238,-78.613626,77848622
1188919635,,launch,45.915217,-78.629912,15577463
1188919636,,launch,45.90269,-78.590376,104082107
1188919637,,launch,45.900357,-78.593757,976161230
1188919638,,launch,45.940121,-78.586052,2973185
1188919647,Petawawa River,launch,45.912099,-78.552317,2973184
1188919650,,launch,45.941749,-78.56634,2973184
1188919652,Petawawa River,launch,45.907967,-78.576728,104082151
1188919653,,launch,45.902821,-78.540702,2973187
1188919654,,launch,45.890747,-78.539965,2973187
1188960592,,launch,45.887896,-78.563157,104082338
1189444052,Crow River,launch,45.843476,-78.399642,2408816
1189444054,,launch,45.842239,-78.400283,2408816
1189444055,,launch,45.843476,-78.399642,2408816
1189444091,Crow River,launch,45.897754,-78.194651,2148867
1271780762,,launch,45.542757,-78.640404,2216559
1271780764,,launch,45.553134,-78.592104,166310994
1271780765,,launch,45.551885,-78.591932,2216561
1271780766,,launch,45.551842,-78.593184,166310994
1271780767,Madawaska River,launch,45.547971,-78.56955,2216561
1424694141,Madawaska River,launch,45.564932,-78.450671,166078663
1424694142,Madawaska River,launch,45.575713,-78.460466,166079367
1424694143,Madawaska River,launch,45.56792,-78.51248,2212997
1432612312,Petawawa River,launch,45.908663,-78.558329,2973187
1432612314,Petawawa River,launch,45.885207,-78.613601,976161230
1432612317,Petawawa River,launch,45.827397,-78.668924,976161236
1432612318,Petawawa River,launch,45.825646,-78.668217,976161236
1432612319,Petawawa River,launch,45.8125,-78.677497,976161236
1432612321,Petawawa River,launch,45.755385,-78.660048,6462738
1434928756,,launch,45.650383,-78.448396,75032570
1434928757,,launch,45.636586,-78.455358,75032594
1434928758,,launch,45.630224,-78.441823,75032643
1434928759,,launch,45.623561,-78.461971,74894335
1468699221,,launch,45.636994,-78.455477,75032594
1497132581,,launch,45.81223,-78.573085,104081118
1497132582,,launch,45.82083,-78.583963,6529609
1528912045,Tim River,launch,45.788005,-78.669006,1474867
1532314327,,launch,45.575661,-78.46029,166079367
1532321044,,launch,45.619242,-78.464752,74894335
1532321045,,launch,45.633209,-78.449298,75032643
1532321046,,launch,45.630321,-78.443727,75032643
1532321047,,launch,45.641323,-78.460249,75032594
1532321052,North Madawaska River,launch,45.579211,-78.509069,-195
1533220741,,launch,45.563953,-78.479925,3378614
1533220742,,launch,45.565305,-78.490282,3378614
1537678750,,launch,45.566331,-78.591658,2163205
1537968580,,launch,45.888535,-78.567402,104082338
1537968581,,launch,45.88838,-78.566945,104082338
1538404701,,launch,45.698598,-78.275188,2974045
1538404706,,launch,45.74655,-78.303738,2974045
1538404707,,launch,45.744242,-78.304625,2974045
1538404708,,launch,45.74655,-78.303738,2974045
1538404709,,launch,45.751009,-78.349003,2974045
1538404710,,launch,45.724188,-78.337798,2974045
1538404711,,launch,45.707684,-78.37752,2974045
1538404712,Hailstorm Creek,launch,45.696659,-78.511074,77848686
1538404713,,launch,45.723885,-78.451981,2974045
1538404714,,launch,45.736196,-78.45116,2974045
1538404716,,launch,45.737636,-78.453252,2974045
1538404718,,launch,45.750248,-78.437772,2974045
1538404720,,launch,45.756681,-78.419972,2974045
1538404723,,launch,45.72891,-78.436529,2974045
1538404724,,launch,45.635576,-78.359025,2974045
1538404726,,launch,45.629645,-78.367109,2974045
1538404729,,launch,45.648943,-78.340639,75034712
1538404730,,launch,45.644657,-78.342566,2163172
1538404731,,launch,45.649842,-78.351826,2974045
1538404732,,launch,45.646634,-78.35675,2163174
1538404736,,launch,45.760022,-78.482525,2409748
1538404738,,launch,45.762664,-78.408281,2974105
1538404741,,launch,45.780073,-78.37532,180625690
1538404742,,launch,45.789488,-78.46528,75251360
1538404743,,launch,45.781402,-78.466489,75251360
1538404745,,launch,45.746448,-78.478403,1180401
1538404747,,launch,45.729165,-78.489797,1180401
1538405859,,launch,45.650383,-78.448396,75032570
1538418369,,launch,45.712665,-78.431364,75033785
1538418370,,launch,45.711638,-78.43085,75033785
1538445766,,launch,45.841529,-78.453981,2409417
1538445767,Crow River,launch,45.82932,-78.419846,2408816
1538445768,Crow River,launch,45.821517,-78.443962,2409417
1538445769,Crow River,launch,45.817115,-78.45034,180569520
1538445770,Crow River,launch,45.809432,-78.44541,2409423
1538445772,,launch,45.824317,-78.428399,2409417
1538445775,Crow River,launch,45.86787,-78.375236,2408816
1538445778,Crow River,launch,45.869971,-78.346209,2406676
1538481882,Crow River,launch,45.867614,-78.337146,2406676
1538497723,,launch,45.839611,-78.51728,3379405
1538497724,Little Madawaska River,launch,45.849241,-78.541233,3379405
1538497725,,launch,45.914349,-78.450172,78631202
1538497731,Little Madawaska River,launch,45.925477,-78.38893,78631323
1538497735,,launch,45.887607,-78.492541,3379405
1538497737,,launch,45.849844,-78.549262,6529609
1538497738,,launch,45.804572,-78.621662,6529609
1538497742,,launch,45.822091,-78.622116,6529609
1538497743,,launch,45.820439,-78.583587,6529609
1538497748,,launch,45.779462,-78.544974,1474420
1538497750,,launch,45.778509,-78.541989,1474420
1538497751,,launch,45.763435,-78.521017,1474420
1538497752,,launch,45.757916,-78.529956,1474420
1538497754,,launch,45.761263,-78.512342,104081114
1538497756,,launch,45.762693,-78.519778,104081114
1539075576,,launch,45.914525,-78.628491,15577463
1539075577,,launch,45.914525,-78.628491,15577463
1539115745,,launch,45.90942,-78.636964,104140483
1539115747,,launch,45.901043,-78.646303,104140483
1539115749,Petawawa River,launch,45.906421,-78.585082,104082107
1539115750,Petawawa River,launch,45.905331,-78.585882,104082107
1539115751,,launch,45.905331,-78.585882,104082107
1539115752,,launch,45.906449,-78.585657,104082107
1539115753,,launch,45.908708,-78.55854,2973187
1539495483,Farncomb Creek,launch,45.895029,-78.276557,180562713
1539495484,Farncomb Creek,launch,45.894614,-78.271988,6529634
1539495485,,launch,45.893939,-78.271078,6529634
1539495487,,launch,45.897127,-78.289449,180562713
1539495488,,launch,45.886914,-78.29871,180562713
1539495490,,launch,45.818713,-78.211333,2163081
1539495493,,launch,45.819654,-78.211302,161484740
1539532063,,launch,45.759215,-78.286192,2148691
1539532064,,launch,45.753014,-78.296782,2148691
1539756215,,launch,45.737645,-78.611499,6462738
1539756218,,launch,45.778905,-78.624779,6462738
1539756221,,launch,45.776188,-78.658163,6462738
1539756231,Petawawa River,launch,45.817696,-78.664588,976161236
1539756233,,launch,45.828695,-78.639541,13125166
1539756238,,launch,45.848152,-78.680758,6463261
1539756239,,launch,45.860407,-78.686526,6463261
1539756241,,launch,45.860407,-78.686526,6463261
1539756246,,launch,45.883883,-78.675022,6463261
1540002384,,launch,45.613138,-78.686652,2415686
1540002385,,launch,45.6152,-78.685592,2415686
1540002388,,launch,45.614773,-78.685939,2415686
1540002389,,launch,45.62252,-78.682477,2415686
1540012417,,launch,45.637633,-78.687248,181010290
1540012418,,launch,45.650724,-78.681216,181022767
1540023510,,launch,45.662658,-78.670543,181023576
1540023512,,launch,45.663131,-78.666443,181023576
1540023514,,launch,45.661525,-78.660633,2415716
1540023516,,launch,45.622926,-78.680271,2415716
1540023520,,launch,45.667401,-78.612581,2415716
1540023523,,launch,45.646909,-78.604943,75204082
1540023525,,launch,45.643729,-78.602006,75204082
1540094961,Opeongo River,launch,45.663494,-78.238642,1040595828
1540094965,,launch,45.649718,-78.201027,1186076
1540094966,,launch,45.650257,-78.20155,1186076
1540226036,Little Madawaska River,launch,45.916111,-78.425501,-1131
1540226040,,launch,45.895849,-78.518107,104082112
1540226042,,launch,45.895719,-78.510353,104082053
1540226045,,launch,45.902017,-78.520798,104082231
1540226046,,launch,45.902659,-78.523262,104082231
1540226048,,launch,45.890747,-78.539965,2973187
1540226049,,launch,45.903926,-78.538749,2973187
1540226051,,launch,45.903926,-78.538749,2973187
1540226057,,launch,45.940495,-78.586209,2973185
1540226074,,launch,45.898124,-78.674727,1474978
1540231126,,launch,45.687979,-78.58433,77848693
1540231127,,launch,45.693159,-78.591364,2423130
1540231128,,launch,45.689089,-78.596358,2973296
1540231129,,launch,45.675635,-78.602198,2973296
1540231130,,launch,45.675635,-78.602198,2973296
1540231131,,launch,45.687417,-78.605153,2973296
1540231133,,launch,45.715776,-78.566359,2423130
1540231135,,launch,45.693748,-78.606346,2423130
1540231136,,launch,45.71149,-78.583585,2423130
1540231137,,launch,45.706426,-78.606287,2423130
1540231139,,launch,45.708126,-78.608208,77848612
1540231140,,launch,45.709604,-78.610214,77848612
1540231143,,launch,45.712194,-78.613531,77848622
1540231144,,launch,45.716295,-78.616105,77848622
1540231145,,launch,45.719807,-78.561956,77848598
1540314565,,launch,45.638794,-78.36423,2974045
1540314567,,launch,45.657408,-78.367496,2974045
1540314568,,launch,45.6648,-78.360123,2974045
1540314571,,launch,45.657408,-78.367496,2974045
1540314572,,launch,45.671808,-78.359036,2974045
1540314579,,launch,45.751694,-78.422516,2974045
1540350853,,launch,45.781686,-78.218457,2163081
1540350854,,launch,45.774769,-78.181551,2163081
1540353908,,launch,45.734697,-78.199336,1186099
1540353909,,launch,45.723481,-78.212408,1186099
1540353911,,launch,45.734697,-78.199336,1186099
1540353912,,launch,45.728539,-78.190285,1186099
1540353915,,launch,45.72252,-78.192075,1186099
1540353916,,launch,45.726266,-78.189975,1186099
1540353922,,launch,45.710448,-78.203044,78413015
1540353924,,launch,45.705818,-78.200711,78413015
1540353928,,launch,45.700035,-78.201306,78413298
1540353929,,launch,45.700665,-78.200924,78413298
1540353933,,launch,45.691123,-78.20193,78413195
1540353934,,launch,45.683715,-78.194103,78413195
1540353936,,launch,45.683715,-78.194103,78413195
1540353938,,launch,45.650008,-78.218165,78412622
1540353941,,launch,45.637222,-78.231057,78412487
1540353943,,launch,45.630578,-78.237632,78412487
1540353945,,launch,45.627081,-78.220698,1041319640
1540353947,,launch,45.62544,-78.228991,78412660
1540353949,,launch,45.61079,-78.228002,78423768
1540353952,,launch,45.605838,-78.212283,78423969
1540353954,,launch,45.605211,-78.211184,78423716
1540353955,,launch,45.609493,-78.217545,78423969
1540353957,,launch,45.605832,-78.204229,78423716
1540353961,,launch,45.607283,-78.199729,78423846
1540354319,,launch,45.827113,-78.176547,1155573
1540737764,,launch,45.74915,-78.523901,1180401
1540737765,,launch,45.74915,-78.523901,1180401
1543056592,,launch,45.615152,-78.603587,2221713
1543056594,,launch,45.608705,-78.60705,2221713
1543056595,,launch,45.608705,-78.60705,2221713
1543056596,,launch,45.615639,-78.5947,2221713
1543056597,,launch,45.615093,-78.598856,2221713
1543056598,,launch,45.615093,-78.598856,2221713
1543056601,,launch,45.597186,-78.609162,21130925
1543056602,,launch,45.587633,-78.611437,21130925
1543056605,,launch,45.597186,-78.609162,21130925
1543056607,,launch,45.601912,-78.634534,74163175
1543056608,,launch,45.598129,-78.640981,74163175
1543056612,,launch,45.593198,-78.646476,74714038
1543056613,,launch,45.588588,-78.65069,74714038
1543056614,,launch,45.588588,-78.65069,74714038
1543056616,,launch,45.580153,-78.642465,173382476
1543056620,,launch,45.564282,-78.643247,2315488
1543056621,,launch,45.571219,-78.636232,2315488
1543056622,,launch,45.571219,-78.636232,2315488
1543056623,,launch,45.564984,-78.632416,2315488
1543056625,,launch,45.564984,-78.632416,2315488
1543056628,,launch,45.559025,-78.672166,173382493
1543056629,,launch,45.558999,-78.652322,2315488
1543056631,,launch,45.54825,-78.666766,2315488
1543063485,,launch,45.58598,-78.589872,2163205
1543063488,,launch,45.569977,-78.591323,2163205
1543063489,,launch,45.560077,-78.586922,2163205
1543331572,Madawaska River,launch,45.546505,-78.619003,2216559
1543331574,Madawaska River,launch,45.553425,-78.625339,166125419
1543521367,,launch,45.561424,-78.444663,166078599
1543521374,,launch,45.572522,-78.437516,166307937
1543521377,,launch,45.579583,-78.434849,166307937
1543521380,,launch,45.586907,-78.426465,166307992
1543521381,,launch,45.584887,-78.427711,166307992
1543521383,,launch,45.591378,-78.418606,166308000
1543521384,Sunday Creek,launch,45.600182,-78.409451,1151256
1543521385,,launch,45.596826,-78.409451,1151256
1543521386,Sunday Creek,launch,45.59733,-78.404188,1151256
1543521387,Sunday Creek,launch,45.596984,-78.407404,1151256
1543521391,Sunday Creek,launch,45.589985,-78.375134,166308053
1543521393,Sunday Creek,launch,45.580373,-78.365518,74891615
1543521394,,launch,45.575757,-78.376969,74887647
1543521395,,launch,45.572857,-78.34879,1151865
1543521397,,launch,45.558453,-78.366341,75097699
1543521398,,launch,45.563589,-78.362854,74954395
1543906580,,launch,45.608755,-78.401356,74887917
1543906581,,launch,45.609741,-78.403729,74887917
1543906583,,launch,45.549726,-78.308833,1152934
1543906584,,launch,45.558121,-78.309274,1152934
1543906585,,launch,45.547232,-78.324095,1152934
1543906587,,launch,45.543393,-78.327661,1152934
1543906588,,launch,45.563338,-78.310606,1152934
1543906591,,launch,45.555087,-78.338249,75091653
1543906592,,launch,45.555877,-78.341159,75091653
1544026403,,launch,45.719261,-78.39217,2974045
1559196903,,launch,45.570735,-78.447599,2212857
1559196906,,launch,45.572997,-78.439776,166307937
1559196907,,launch,45.573429,-78.437515,166307937
889548330,,launch,45.798835,-78.17995,1155532
889548751,,launch,45.774122,-78.146032,75356040
889548827,,launch,45.768248,-78.130701,75356040
889615914,,launch,45.828967,-78.125792,1155571
889781981,,launch,45.9345,-78.176287,1187447
890314751,,launch,45.901832,-78.181264,75367725
890987497,,launch,45.90625,-78.177751,75367659
920207353,,launch,45.684429,-78.139433,3376432
920208285,,launch,45.652561,-78.152817,78412673
920210112,,launch,45.668136,-78.13468,1186079
920212881,,launch,45.659426,-78.137343,3376430
920213425,,launch,45.65267,-78.160445,1186076
920226965,,launch,45.691122,-78.075487,78414070
920227448,,launch,45.695849,-78.074094,1186131
920228585,,launch,45.699101,-78.071674,1186131
920231194,,launch,45.715426,-78.016242,-1575
920233601,,launch,45.713245,-78.011053,-1575
920237073,,launch,45.644874,-78.04733,251662777
920237438,,launch,45.670303,-78.077114,78415112
920238186,,launch,45.63514,-78.09089,1186182
920238242,,launch,45.66406,-78.07899,78415083
920240510,,launch,45.642001,-78.043991,251662777
920241473,,launch,45.686618,-78.0806,78413960
920241800,,launch,45.678821,-78.110043,3376432
920242207,,launch,45.661072,-78.083612,78415083
920242812,,launch,45.676572,-78.112135,78415097
920336578,,launch,45.601796,-78.168705,78423935
920340731,,launch,45.594945,-78.169449,78423935
921731699,,launch,45.753913,-78.104014,78557855
921732427,,launch,45.750695,-78.097906,78557855
921822206,,launch,45.831501,-78.091459,75364154
921822723,,launch,45.835116,-78.086641,78567852
921826533,,launch,45.82876,-78.116714,75364154
921832054,,launch,45.851613,-78.103886,75364154
921926131,,launch,45.93189,-78.106345,1187948
1208085383,,launch,45.683977,-77.877058,3376458
1208088583,,launch,45.673901,-77.934443,104741690
1208089347,,launch,45.677002,-77.908971,1482896
1208089400,,launch,45.680521,-77.928612,1482896
1208092362,,launch,45.68108,-77.884684,482006162
1208096308,,launch,45.732664,-77.99507,1482891
1208696493,,launch,45.808219,-77.75292,-1780
1208719731,,launch,45.867171,-77.902596,1483648
1208720085,,launch,45.866778,-77.899403,21116144
1208786018,,launch,45.906417,-77.89389,1483774
1208855981,,launch,45.865021,-77.755453,104803341
1208856610,,launch,45.83281,-77.776266,104803403
1208856627,,launch,45.833096,-77.776675,104803403
1208857524,,launch,45.864653,-77.869001,21116144
1208862453,,launch,45.859937,-77.857414,104802793
1208862470,,launch,45.858989,-77.852124,-1848
1208862487,,launch,45.859071,-77.848871,104802922
1208871827,,launch,45.822023,-77.776439,104803232
1208871961,,launch,45.831232,-77.775445,104803403
1208873566,,launch,45.831557,-77.790232,1137099261
1208873918,,launch,45.843318,-77.815799,1483827
1208874110,,launch,45.850898,-77.830077,1483827
1208874299,,launch,45.897357,-77.797437,1483841
1208880130,,launch,45.864074,-77.871359,21116144
1208881406,,launch,45.879022,-77.805256,1483831
1208885213,,launch,45.875899,-77.812206,1483831
1208890496,,launch,45.852859,-77.833454,104802659
1219005433,,launch,45.864088,-77.745354,1507034
1219006372,,launch,45.857506,-77.738465,105868484
1219007840,,launch,45.859656,-77.737513,1507034
1219011476,,launch,45.86561,-77.747399,105868625
1219012568,,launch,45.858889,-77.695171,1190940456
1219013473,,launch,45.85819,-77.694728,1190940456
1219016006,,launch,45.777001,-77.710791,105868753
1219031182,,launch,45.770524,-77.741239,482006193
1219032574,,launch,45.7564,-77.723968,105869861
1219037199,,launch,45.788159,-77.7448,105869852
1219045537,,launch,45.773157,-77.708661,105868753
1734550970,,launch,45.780351,-78.156391,2163081
4829734882,,launch,45.855354,-77.758332,1483831
8419522820,,launch,45.803223,-77.69807,105869927
8908396133,,launch,45.854976,-77.755405,1483831
8908396136,,launch,45.85476,-77.75488,1483831
9581171971,,launch,45.67054,-78.103179,3376432
9581172005,,launch,45.663091,-78.099933,3376429
9581172176,,launch,45.683369,-78.096165,1186190
9581172191,,launch,45.67942,-78.098134,3376432
9583489690,,launch,45.673888,-78.142375,1186079
9583489692,,launch,45.661719,-78.136121,3376430
9780437677,,launch,45.658647,-78.138093,3376430
10600068848,,launch,45.833802,-77.776654,104802694
10600068863,,launch,45.830698,-77.78901,1137099261
10600069089,,launch,45.84296,-77.693402,105868221
10705664108,,launch,45.820871,-78.185997,1155573
10705664116,,launch,45.823724,-78.138556,1155571
10705664144,,launch,45.811072,-78.161336,75363877
10705664166,,launch,45.79392,-78.183796,2163081
10722349439,,launch,45.92075,-78.15388,1187447
10722349477,,launch,45.912834,-78.161653,1155644
10722349484,,launch,45.91044,-78.170878,1155644
10722349521,,launch,45.907105,-78.17582,75367659
10722349522,,launch,45.906455,-78.177473,75367659
10722349525,,launch,45.905451,-78.178484,75367659
10722349534,,launch,45.904669,-78.178819,75367659
10722349535,,launch,45.900186,-78.183127,75367725
10722349539,,launch,45.899686,-78.183798,75367725
10722349540,,launch,45.90366,-78.179616,75367725
10722349602,,launch,45.743209,-78.064132,1186134
10722349616,,launch,45.743812,-78.069828,78414029
10722349622,,launch,45.688124,-78.078772,78413960
10722349637,,launch,45.639202,-78.091361,3376429
10722349638,,launch,45.597749,-78.168827,78423935
10722349648,,launch,45.603455,-78.169715,78423846
10724713108,,launch,45.851343,-77.975618,104794552
10724713121,,launch,45.842861,-77.990184,104794214
10724713122,,launch,45.872525,-77.935089,6463262
10724713129,,launch,45.865415,-77.948562,104794552
10724713242,,launch,45.855271,-77.8391,104802922
10724713274,,launch,45.858381,-77.84697,104802922
10724713279,,launch,45.860188,-77.858107,104802793
10724713280,,launch,45.859522,-77.85125,-1848
10724713285,,launch,45.821223,-77.772455,104803232
10724713301,,launch,45.835212,-77.798393,1483826
10724713395,,launch,45.779553,-77.710563,105869878
10724713417,,launch,45.767963,-77.70914,105869855
10724713428,,launch,45.766961,-77.711277,105869807
10724713432,,launch,45.773439,-77.708445,105868753
10724713434,,launch,45.774709,-77.743999,105870590
10724713445,,launch,45.77413,-77.742346,105870590
10724713475,,launch,45.766565,-77.738434,1507075
10724713487,,launch,45.758235,-77.728396,105869861
10724713488,,launch,45.763047,-77.71479,105869807
10724713500,,launch,45.759251,-77.71883,105870065
10724756197,,launch,45.864311,-77.916905,1483648
10724760454,,launch,45.901844,-77.886495,1483831
10724760542,,launch,45.872793,-77.925067,6463262
10724760655,,launch,45.647571,-77.896164,3375600
10724760656,,launch,45.663824,-77.872541,104746597
10724760683,,launch,45.674685,-77.871001,104746337
10724760701,,launch,45.681565,-77.890603,482006162
10724760734,,launch,45.680068,-77.908528,1482896
10724760770,,launch,45.666271,-77.966012,104741690
10724760783,,launch,45.669396,-77.974902,104741675
10724760784,,launch,45.671373,-77.978741,104741675
10724760794,,launch,45.67451,-77.984023,3376428
10724760795,,launch,45.718006,-77.969707,1482891
10724760805,,launch,45.712489,-77.978874,104742374
10724760806,,launch,45.70947,-77.982415,104742374
10724760838,,launch,45.702029,-77.982991,251662778
10724760839,,launch,45.700515,-77.991445,251662778
10724761034,,launch,45.71725,-78.028654,78413995
10724761180,,launch,45.859768,-77.948757,104794552
10724761181,,launch,45.835991,-78.009081,78567890
10724761343,,launch,45.826037,-78.057141,1187855
10724761346,,launch,45.83389,-78.067808,1187855
10724761376,,launch,45.833692,-78.081103,78567852
10731700810,,launch,45.866525,-78.113732,-1539
10731700966,,launch,45.849482,-78.100499,75364154
10757726841,,launch,45.835721,-77.776232,1483831
11017084813,,launch,45.660858,-78.089442,3376429
11017084900,,launch,45.708889,-78.052152,78413916
11017084901,,launch,45.713105,-78.050966,78413916
11017084902,,launch,45.713313,-78.050794,1186134
11017085239,,launch,45.747218,-78.081138,78414029
11057826129,,launch,45.78729,-77.743742,1483651
11057826178,,launch,45.792274,-77.747674,105869852
11060568136,,launch,45.835537,-77.776367,104802694
11060587130,,launch,45.864798,-77.745587,105868625
11831350063,,launch,45.843336,-77.693771,105868221
14166414991,,launch,45.629201,-78.116153,78412595
75366596,White Partridge Creek,launch,45.869959,-78.119673,-1539
78414000,,launch,45.705075,-78.076442,1186131
78567925,North Bonnechere River,launch,45.823544,-78.058082,1187855
104741014,Aylen River,launch,45.673727,-77.934445,104741690
104746169,,launch,45.6627,-77.874104,104746597
104802415,Carcajou Creek,launch,45.835775,-77.776139,1483831
104802431,,launch,45.830667,-77.786476,1137099261
104802523,,launch,45.822874,-77.765805,104802720
104802563,McDonald Creek,launch,45.810257,-77.755773,482006173
104802586,Carcajou Creek,launch,45.864653,-77.869001,21116144
104802698,Carcajou Creek,launch,45.856733,-77.846053,104802922
105868114,McDonald Creek,launch,45.773439,-77.708445,105868753
105868736,McDonald Creek,launch,45.787435,-77.713477,105869878
1069343319,Opeongo River,launch,45.658731,-78.138178,3376430
1069343320,Opeongo River,launch,45.652996,-78.151873,78412451
1137099281,rapids can be paddled at high water. white,launch,45.84326,-77.694001,105868221
1137099282,,launch,45.84449,-77.696716,105868484
1153093329,,launch,45.864311,-77.916905,1483648
1182073950,,launch,45.650243,-78.099138,3376430
1182073951,Opeongo River,launch,45.659347,-78.137679,3376430
1182073952,,launch,45.659655,-78.137351,3376430
1182073953,,launch,45.658616,-78.138292,78412451
1182073954,,launch,45.65267,-78.160445,1186076
1185965631,Dickson Creek,launch,45.81046,-78.162051,1155532
1185965636,,launch,45.780505,-78.157127,2163081
1185965637,,launch,45.791014,-78.182172,2163081
1185965646,,launch,45.600323,-78.168127,78423935
1186118441,,launch,45.661072,-78.083612,78415083
1186118442,Bridle Creek,launch,45.67286,-78.14206,1186079
1186118443,,launch,45.661248,-78.136148,3376430
1186118447,,launch,45.645323,-78.047487,251662777
1186118451,Opeongo River,launch,45.650551,-78.09845,3376429
1186118453,,launch,45.659437,-78.095648,3376429
1186118454,,launch,45.66296,-78.099576,3376429
1186118455,,launch,45.677461,-78.104446,3376432
1186118456,,launch,45.679351,-78.109486,3376432
1186118457,,launch,45.685528,-78.140107,3376432
1186118458,,launch,45.686618,-78.0806,78413960
1186118459,,launch,45.700082,-78.074321,1186131
1186118460,,launch,45.691122,-78.075487,78414070
1186118461,,launch,45.699101,-78.071674,1186131
1186118462,,launch,45.709885,-78.051735,78413916
1186118463,,launch,45.717574,-78.033849,1186134
1186118464,,launch,45.71376,-78.049786,1186134
1186118482,,launch,45.747218,-78.081138,78414029
1186118484,,launch,45.753913,-78.104014,78557855
1186118486,,launch,45.772053,-78.140633,75356040
1186118487,Crow River,launch,45.900186,-78.183127,75367725
1186118503,White Partridge Creek,launch,45.866525,-78.113732,-1539
1186118507,,launch,45.835116,-78.086641,78567852
1186118508,,launch,45.848074,-78.104618,75364154
1186118509,White Partridge Creek,launch,45.832642,-78.107128,75364154
1186118510,,launch,45.831229,-78.092557,75364154
1186118511,,launch,45.824044,-78.137824,1155571
1189444071,Crow River,launch,45.934457,-78.176382,1187447
1189444073,,launch,45.9345,-78.176287,1187447
1189444074,,launch,45.912601,-78.162135,1155644
1189444075,Crow River,launch,45.911347,-78.169591,1155644
1189444077,,launch,45.91044,-78.170878,1155644
1189444078,,launch,45.907052,-78.175967,75367659
1189444079,,launch,45.906408,-78.177091,75367659
1189444080,,launch,45.906087,-78.177799,75367659
1189444081,Crow River,launch,45.906408,-78.177091,75367659
1189444083,Crow River,launch,45.905451,-78.178484,75367659
1189444084,,launch,45.9047,-78.179015,75367725
1189444086,Crow River,launch,45.903952,-78.179682,75367725
1189444088,,launch,45.90366,-78.179616,75367725
1189444089,,launch,45.89929,-78.184267,2148867
1189496473,,launch,45.83281,-77.776266,104803403
1189496474,,launch,45.822078,-77.776629,104803232
1189496475,Carcajou Creek,launch,45.822078,-77.776629,104803232
1189496477,,launch,45.831087,-77.775698,104803232
1189496479,,launch,45.830698,-77.78901,1137099261
1189496481,Carcajou Creek,launch,45.827411,-77.814234,-1780
1189496482,,launch,45.833625,-77.795897,1483826
1189496484,Carcajou Creek,launch,45.850121,-77.829217,1483827
1189496485,,launch,45.876647,-77.81143,1483831
1189496486,,launch,45.854633,-77.839611,104802922
1189496489,Carcajou Creek,launch,45.859522,-77.85125,-1848
1189496491,Carcajou Creek,launch,45.859937,-77.857414,104802793
1189496492,,launch,45.8602,-77.858353,104802793
1189496495,,launch,45.866778,-77.899403,21116144
1189496496,,launch,45.865043,-77.914565,1483648
1189496497,,launch,45.872525,-77.935089,6463262
1189496498,Greenleaf Creek,launch,45.851521,-77.974734,104794552
1189496501,Greenleaf Creek,launch,45.836442,-78.006964,78567890
1189496502,,launch,45.833898,-78.067018,1187855
1190940412,McDonald Creek,launch,45.808219,-77.75292,-1780
1190940413,,launch,45.766565,-77.738434,1507075
1190940414,,launch,45.771034,-77.741404,105870590
1190940415,,launch,45.78729,-77.743742,1483651
1190940416,Guthrie Creek,launch,45.788895,-77.747388,105869852
1190940419,,launch,45.756451,-77.722738,105869861
1190940420,McDonald Creek,launch,45.763269,-77.714564,105869807
1190940421,McDonald Creek,launch,45.768721,-77.708855,105869855
1190940424,McDonald Creek,launch,45.780174,-77.710927,105869878
1190940425,,launch,45.802664,-77.698624,105869927
1190940465,,launch,45.858097,-77.69542,105868484
1190940466,Barron River,launch,45.854559,-77.754803,1483831
1190940467,,launch,45.843406,-77.694033,105868484
1190940468,,launch,45.846514,-77.701149,105868484
1190940470,,launch,45.854559,-77.754803,1483831
1190940471,,launch,45.854817,-77.755689,1483831
1190940472,,launch,45.90309,-77.883453,1483831
1190940473,Barron River,launch,45.90309,-77.883453,1483831
1190940475,,launch,45.864472,-77.760067,1483831
1190940476,,launch,45.833928,-77.775953,104802694
1191303488,Carcajou Creek,launch,45.833928,-77.775953,104802694
1191303489,,launch,45.835721,-77.776232,1483831
1191303491,,launch,45.8354,-77.776406,104802694
1191303495,,launch,45.864852,-77.756881,1483831
1191303500,,launch,45.865161,-77.745888,105868625
1191303501,,launch,45.861078,-77.737906,1507034
1191303502,,launch,45.853054,-77.739923,105868484
1273956028,Opeongo River,launch,45.652501,-78.160561,1186076
1274227859,,launch,45.843406,-77.694033,105868484
1532736336,Aylen River,launch,45.715426,-78.016242,-1575
1532739954,,launch,45.662528,-77.874355,104746597
1532739958,,launch,45.663453,-77.872726,104746597
1532739960,,launch,45.663824,-77.872541,104746597
1532739961,,launch,45.676319,-77.872624,3376458
1537966717,,launch,45.835991,-78.009081,78567890
1537966718,,launch,45.840792,-77.990259,78567890
1537966720,,launch,45.86004,-77.948942,104794552
1537966721,,launch,45.865557,-77.95229,104794552
1537966722,,launch,45.851343,-77.975618,104794552
1537980049,,launch,45.864798,-77.745587,105868625
1537980050,,launch,45.865731,-77.746949,105868625
1537980054,,launch,45.863865,-77.745186,1507034
1537980055,,launch,45.859656,-77.737513,1507034
1537980061,,launch,45.842305,-77.691735,105868221
1537980062,,launch,45.842619,-77.694167,105868221
1537980063,,launch,45.84296,-77.693402,105868221
1538481878,,launch,45.849286,-78.101472,75364154
1538481879,White Partridge Creek,launch,45.848074,-78.104618,75364154
1538481883,White Partridge Creek,launch,45.814881,-78.105744,75364154
1538481885,,launch,45.831229,-78.092557,75364154
1538481887,,launch,45.832642,-78.107128,75364154
1538481889,,launch,45.774122,-78.146032,75356040
1538481890,,launch,45.768613,-78.131655,75356040
1539482324,,launch,45.709885,-78.051735,78413916
1539482325,,launch,45.712841,-78.051024,78413916
1539482329,,launch,45.71376,-78.049786,1186134
1539482330,,launch,45.741777,-78.061472,1186134
1539482334,,launch,45.717574,-78.033849,1186134
1540034901,,launch,45.864852,-77.756881,1483831
1540034905,,launch,45.835212,-77.798393,1483826
1540034906,,launch,45.831864,-77.790451,1483826
1540034910,,launch,45.850898,-77.830077,1483827
1540034913,,launch,45.844913,-77.819604,1483827
1540034915,Carcajou Creek,launch,45.858381,-77.84697,104802922
1540034919,,launch,45.876647,-77.81143,1483831
1540105164,McDonald Creek,launch,45.792199,-77.708358,105869927
1540105170,,launch,45.802664,-77.698624,105869927
1540105172,,launch,45.780174,-77.710927,105869878
1540105176,,launch,45.768721,-77.708855,105869855
1540105177,,launch,45.766961,-77.711277,105869807
1540105179,,launch,45.763269,-77.714564,105869807
1540105182,,launch,45.756451,-77.722738,105869861
1540105183,,launch,45.75869,-77.719078,105869861
1540105187,,launch,45.758463,-77.728752,1507075
1540330212,,launch,45.92956,-78.120861,78578338
1540330213,,launch,45.93189,-78.106345,1187948
1540343205,,launch,45.771034,-77.741404,105870590
1540343206,,launch,45.759782,-77.73081,1507075
1540343207,,launch,45.77413,-77.742346,105870590
1540343211,,launch,45.776904,-77.744854,1483651
1540343214,,launch,45.776904,-77.744854,1483651
1540343217,,launch,45.788895,-77.747388,105869852
1540343218,,launch,45.792274,-77.747674,105869852
1540346991,,launch,45.86004,-77.948942,104794552
1540346992,,launch,45.865042,-77.915654,1483648
1540346993,,launch,45.867244,-77.903045,1483648
1540346996,,launch,45.863967,-77.872002,21116144
1540347000,Carcajou Creek,launch,45.864377,-77.876095,21116144
1540348978,,launch,45.83389,-78.067808,1187855
1540348979,,launch,45.826235,-78.058167,1187855
1540350844,,launch,45.823724,-78.138556,1155571
1540350845,,launch,45.827838,-78.128941,1155571
1540350848,,launch,45.798835,-78.17995,1155532
1540350850,,launch,45.811072,-78.161336,75363877
1540350859,,launch,45.791014,-78.182172,2163081
1540350861,,launch,45.780505,-78.157127,2163081
1540353960,,launch,45.603733,-78.170154,78423846
1540353966,,launch,45.601796,-78.168705,78423935
1540353968,McCarthy Creek,launch,45.600323,-78.168127,78423935
1540353970,,launch,45.594945,-78.169449,78423935
1540353972,,launch,45.642001,-78.043991,251662777
1540354318,,launch,45.820871,-78.185997,1155573
1540361245,,launch,45.626074,-78.09636,1186182
1540361246,,launch,45.63514,-78.09089,1186182
1540361248,,launch,45.663091,-78.099933,3376429
1540361251,,launch,45.661248,-78.136148,3376430
1540361252,Opeongo River,launch,45.652561,-78.152817,78412673
1540361253,,launch,45.668136,-78.13468,1186079
1540361255,,launch,45.673888,-78.142375,1186079
1540361257,,launch,45.684429,-78.139433,3376432
1540361259,,launch,45.671033,-78.102326,3376432
1540361262,,launch,45.679351,-78.109486,3376432
1540361265,,launch,45.701776,-78.150559,78413093
1540361267,,launch,45.697734,-78.140751,3376432
1540361271,,launch,45.675734,-78.11572,78415097
1540361272,,launch,45.676572,-78.112135,78415097
1540361276,,launch,45.682679,-78.087322,1186190
1540361282,,launch,45.670303,-78.077114,78415112
1540361283,,launch,45.670259,-78.080136,78415182
1540740015,Aylen River,launch,45.649811,-77.906521,3375600
1546791485,,launch,45.68442,-77.87294,3376458
1546791488,,launch,45.674685,-77.871001,104746337
1546791494,,launch,45.68442,-77.87294,3376458
1553485778,Opeongo River,launch,45.641607,-78.042924,251662777
1557596677,Oram Creek,launch,45.631342,-78.119681,78412595
1557596678,,launch,45.632755,-78.126077,78412595
1557596680,,launch,45.629201,-78.116153,78412595
1557596681,,launch,45.630497,-78.115923,78412595
1218948429,,launch,45.881405,-77.683512,105863765
1218948541,,launch,45.879994,-77.666685,105863741
1218950627,,launch,45.887073,-77.659285,105863840
1218950745,,launch,45.886926,-77.657799,105863840
1218955189,,launch,45.884053,-77.682232,105863678
1218956062,,launch,45.88497,-77.650991,105863506
1218957914,,launch,45.876418,-77.674237,105868623
1218958977,,launch,45.885709,-77.66396,105863840
1219004219,,launch,45.834148,-77.651995,105868177
1219004461,,launch,45.874278,-77.654031,105863793
1219004578,,launch,45.861004,-77.687985,105868372
1219008336,,launch,45.871349,-77.647191,105868535
1219008772,,launch,45.874447,-77.683933,105868239
1219011753,,launch,45.855374,-77.678071,105868192
1219012934,,launch,45.852941,-77.686461,105868221
1219013919,,launch,45.856446,-77.688958,105868221
4338447577,Barrron River / Squirrel Rapids Access Point,launch,45.871857,-77.560711,435954589
4338448366,,launch,45.875797,-77.574798,435954589
4338448404,,launch,45.877329,-77.578363,435954589
4338460188,,launch,45.815733,-77.539399,6465253
4338465863,,launch,45.827764,-77.564492,435956867
4338465866,,launch,45.827791,-77.540025,6465254
4338465985,,launch,45.828425,-77.538285,6465254
4338473548,,launch,45.860879,-77.556847,435956857
10600068793,,launch,45.888821,-77.679284,105863965
10600068802,,launch,45.887816,-77.681274,105863965
10600068944,,launch,45.878586,-77.683858,105863765
10600068973,,launch,45.886836,-77.656339,105863506
10600069021,,launch,45.878329,-77.667217,105863793
10600069075,,launch,45.873566,-77.677541,105868623
10600069088,,launch,45.871695,-77.680357,105868239
10724713018,,launch,45.823706,-77.558115,6465253
10724713048,,launch,45.854344,-77.669201,105868501
10724713054,,launch,45.866062,-77.640985,105868535
10728684409,,launch,45.838723,-77.548789,435956855
10728684426,,launch,45.837859,-77.551058,435956855
10728684437,,launch,45.833448,-77.557346,435956867
10728684438,,launch,45.817251,-77.546791,435956523
10728698133,,launch,45.834795,-77.679619,105868460
10728698139,,launch,45.836461,-77.685909,105868221
10728698248,,launch,45.829618,-77.661694,105868460
11057826108,,launch,45.859818,-77.660758,105868501
11057826238,,launch,45.874623,-77.684386,105868239
11057826241,,launch,45.874897,-77.68488,105863750
11057826421,,launch,45.85618,-77.672999,105868192
14008597053,,launch,45.876203,-77.684858,105863750
14008597054,,launch,45.871672,-77.680009,105868623
436101727,McKay Creek,launch,45.833914,-77.5757,435956867
1190940410,Mulock Creek,launch,45.87152,-77.646294,105868535
1190940411,,launch,45.854765,-77.667391,105868501
1190940428,Rogue Creek,launch,45.829485,-77.661865,105868460
1190940429,,launch,45.887742,-77.681311,105863965
1190940431,Barron River,launch,45.884471,-77.681875,105863965
1190940432,,launch,45.884471,-77.681875,105863965
1190940433,,launch,45.881233,-77.683549,105863765
1190940435,Barron River,launch,45.878529,-77.683666,105863765
1190940436,,launch,45.878529,-77.683666,105863765
1190940438,Barron River,launch,45.875138,-77.685313,105863750
1190940444,,launch,45.875138,-77.685313,105863750
1190940445,,launch,45.874623,-77.684386,105868239
1190940448,,launch,45.878918,-77.666699,105863793
1190940449,,launch,45.878329,-77.667217,105863793
1190940450,,launch,45.873566,-77.677541,105868623
1190940452,,launch,45.871149,-77.680244,15429240
1190940457,Barron River,launch,45.862565,-77.687523,15429240
1190940459,,launch,45.861554,-77.687822,15429240
1190940460,,launch,45.855374,-77.678071,105868192
1190940461,,launch,45.842472,-77.688533,105868221
1190940463,,launch,45.837596,-77.685777,105868221
1533889857,Barron River,launch,45.88697,-77.659625,105863840
1537970490,,launch,45.874165,-77.654195,105863793
1537970492,,launch,45.866062,-77.640985,105868535
1537970493,,launch,45.87152,-77.646294,105868535
1537980056,,launch,45.861554,-77.687822,15429240
1537980058,,launch,45.837596,-77.685777,105868221
1537980059,,launch,45.856262,-77.68897,105868221
1537980060,,launch,45.851297,-77.68806,105868221
1537980064,,launch,45.829485,-77.661865,105868460
1537980065,,launch,45.834585,-77.67923,105868460
1537980070,,launch,45.871422,-77.680214,15429240
1540032161,,launch,45.859865,-77.660903,105868501
1540032162,,launch,45.854344,-77.669201,105868501
1540356675,,launch,45.84102,-77.54664,435956855
1540356676,,launch,45.838723,-77.548789,435956855
1540356678,,launch,45.832987,-77.558696,435956867
1540356684,,launch,45.827764,-77.564492,435956867
1540356685,,launch,45.833448,-77.557346,435956867
1540356687,,launch,45.830631,-77.563952,435956867
1540356690,McKay Creek,launch,45.824646,-77.556898,6465253
1540356692,,launch,45.823706,-77.558115,6465253
1540356693,,launch,45.83079,-77.544831,435956333
1540356695,,launch,45.816306,-77.542885,435956523
1540356697,,launch,45.815733,-77.539399,6465253
1540356698,,launch,45.817625,-77.538668,6465253
1540356699,,launch,45.817251,-77.546791,435956523
1540356700,,launch,45.830168,-77.543283,435956333
1540356701,,launch,45.827791,-77.540025,6465254
1540356702,,launch,45.828425,-77.538285,6465254
1540356704,,launch,45.830076,-77.535591,435956698
1548351471,Barron River,launch,45.870372,-77.555089,435954589
1548589245,,launch,45.856066,-77.561662,435956857
1548589246,,launch,45.860879,-77.556847,435956857
1548589247,Barron River,launch,45.871622,-77.560975,435954589
1548589248,Barron River,launch,45.870564,-77.556125,435954589
1548595836,Barron River,launch,45.87088,-77.557778,435954589
1548595837,Barron River,launch,45.870956,-77.558357,435954589
739610829,,launch,46.011223,-78.816687,3210119
739813957,,launch,46.042064,-78.76156,59643359
740310023,,launch,45.992694,-79.106724,59775855
741758816,,launch,46.025351,-79.094149,930579
741924735,,launch,45.993034,-79.101772,59775855
742710020,,launch,45.982396,-78.885401,931647
742831044,,launch,45.998224,-79.112303,931651
742832419,,launch,46.000283,-78.906841,931647
743893995,,launch,45.956795,-78.796319,59644648
744186019,,launch,46.026809,-79.054653,-2148
744452761,,launch,46.026619,-79.052243,-2148
745302609,,launch,45.999429,-78.739441,104145649
745347385,,launch,46.004972,-78.74482,106590797
1201729116,,launch,45.996339,-78.744786,104145649
1201737129,,launch,45.94356,-78.733289,1475065
1203893753,,launch,45.957395,-78.788054,59877399
1203895698,,launch,45.962159,-78.75525,104345878
1203898019,,launch,45.954467,-78.789819,59877399
1215152696,,launch,45.95757,-78.886539,105508649
1215154099,,launch,45.95558,-78.887409,105508649
1226064682,,launch,46.047567,-78.972195,2997936
1226069563,,launch,46.05213,-78.957593,144338617
1226169937,,launch,46.014547,-78.730132,106590943
1575539149,,launch,45.970998,-79.062279,1950325
1575540250,,launch,45.971682,-79.046972,1950325
1575567245,,launch,45.974603,-79.009136,2997936
1575570301,,launch,45.951356,-79.085687,143977805
1576270559,,launch,45.948627,-79.081794,2997921
1576733876,,launch,45.946235,-78.964337,144081838
1576735981,,launch,45.952462,-78.891796,1951871
1576835674,,launch,45.977819,-79.007253,2997936
1579062278,,launch,45.967677,-78.885643,144354555
1579062657,,launch,45.96969,-78.885464,1954671
1579423184,,launch,46.05956,-78.883922,2998019
1579427174,,launch,46.054229,-78.878968,3380585
1579428057,,launch,46.044555,-78.855892,3380585
1579823981,,launch,46.078026,-78.836191,1955720
1581205000,,launch,46.054684,-78.759461,13073534
1581212139,,launch,46.054702,-78.797962,144575514
1581214792,,launch,46.053115,-78.794958,144576727
1582691927,,launch,45.97928,-78.844755,144761381
1582693932,,launch,45.977528,-78.835425,144761561
1582988293,,launch,46.031672,-78.840444,1959549
1582989196,,launch,46.012186,-78.817719,1958958
1582989591,,launch,46.0182,-78.846266,1958958
1582992737,,launch,46.011705,-78.860353,144795284
1729802637,,launch,45.967954,-79.069136,161003231
1729915926,,launch,45.994493,-79.097268,161005620
1729916586,,launch,45.993398,-79.077045,161005620
3692591714,,launch,45.970662,-78.992458,2997921
3692592835,,launch,45.974656,-78.99625,2997936
9012822436,,launch,46.05757,-78.756719,13073534
9012822463,,launch,46.076027,-78.823553,3380586
9012822481,,launch,46.076629,-78.82803,569434068
9012822510,,launch,46.082776,-78.836007,2998019
9018685890,,launch,46.033036,-78.726291,59643359
9018685908,,launch,46.028787,-78.725161,106590943
9018685909,,launch,46.040208,-78.853394,144843176
9018685949,,launch,46.048941,-78.93025,144338724
9018685973,,launch,46.049814,-78.920424,2998019
9018685985,,launch,46.04894,-78.923227,144338724
9018686048,,launch,46.06801,-78.823893,144575514
9018686082,,launch,46.044005,-78.764627,59643359
9018686083,,launch,46.044106,-78.750452,59643359
9023293962,,launch,46.005994,-78.930857,931647
9023293992,,launch,46.012828,-78.958887,2997936
9023294026,,launch,46.003932,-78.9032,59877433
9023294091,,launch,45.973052,-78.885159,1954671
9023294107,,launch,45.965797,-78.88572,144354555
9023294162,,launch,45.941383,-78.962515,144081845
9023294169,,launch,45.948586,-78.963145,144048550
9023294196,,launch,45.963023,-79.028219,2997921
9023294239,,launch,45.983635,-79.066411,1950325
9023294635,,launch,46.010227,-79.102893,930579
9023294656,,launch,46.032346,-79.089317,932764
9028874200,,launch,45.997617,-78.738911,104145649
9028874241,,launch,45.993759,-78.761555,3210119
9028874791,,launch,45.953476,-79.086714,143977805
9028874803,,launch,45.951543,-79.086215,143977805
9028874807,,launch,45.964099,-79.078205,2152737
9581544938,,launch,46.039142,-78.848871,144843176
9581544965,,launch,46.03411,-78.845149,1959549
9581544966,,launch,46.032547,-78.841111,1959549
9581544976,,launch,46.018901,-78.842499,1958958
10719714627,,launch,45.943567,-78.726409,1475065
10719714667,,launch,45.946596,-78.766365,1477514
10719714683,,launch,45.951851,-78.76229,104345963
10719714684,,launch,45.960923,-78.755297,104345878
10719714712,,launch,45.954142,-78.759051,104345963
10719714770,,launch,45.969207,-78.763133,1958558
10719714782,,launch,45.971812,-78.878148,1954671
10719714808,,launch,45.966904,-78.871319,1958321
10719714809,,launch,45.9747,-78.854516,1958551
10719714843,,launch,45.9692,-78.860563,1958321
10719714883,,launch,45.976899,-78.821412,144761561
10719714885,,launch,45.973585,-78.796271,-2409
10719714899,,launch,45.97473,-78.799876,-2409
10719714927,,launch,45.966206,-78.791747,104346013
10719714928,,launch,45.964338,-78.782509,104345892
10719714936,,launch,45.962239,-78.781342,59877399
10719714976,,launch,45.957462,-78.804577,59842912
10719714977,,launch,45.956656,-78.811577,-2152
10719715010,,launch,45.95289,-78.816328,59672364
10719715011,,launch,45.951267,-78.819531,59672364
10719715023,,launch,45.949623,-78.820753,59672364
10720042640,,launch,45.942967,-78.964817,144081845
10720042644,,launch,45.943434,-78.964773,144081838
10720283592,,launch,46.031605,-79.066646,59773399
10720302433,,launch,45.992524,-79.104151,59775855
10720302441,,launch,46.034716,-79.071774,932764
10720302450,,launch,46.033949,-79.070166,932764
10720302514,,launch,46.026076,-79.049809,-2148
10720302533,,launch,46.02832,-79.028564,921135746
10720302542,,launch,46.02713,-79.030001,921135746
10720302559,,launch,45.965253,-78.75793,1958558
10733866266,,launch,46.051508,-78.757511,106582549
11175760294,,launch,46.008657,-78.87726,59770027
11175760310,,launch,46.006007,-78.878832,59770027
11175760311,,launch,46.003781,-78.886291,106580248
11303469707,,launch,46.047242,-78.927521,144338724
11310031109,,launch,46.046416,-78.863022,3380585
11310031110,,launch,46.047474,-78.863644,3380585
11310031115,,launch,46.049193,-78.864395,3380585
11310031116,,launch,46.050018,-78.86651,3380585
12747970743,,launch,45.976914,-78.815052,-2409
12747970783,,launch,45.973261,-78.793707,-2409
13181116922,,launch,46.065327,-78.793987,3380586
13181116923,,launch,46.065306,-78.793845,3380586
59900899,Fassett Creek,launch,46.031605,-79.066646,59773399
59903954,Fassett Creek,launch,46.026619,-79.052243,-2148
59907777,,launch,45.992948,-79.110985,59679785
59948344,Mink Creek,launch,45.999429,-78.739441,104145649
59949412,Fassett Creek,launch,46.034716,-79.071774,932764
106590821,Mink Creek,launch,46.033036,-78.726291,59643359
144352290,Birchcliffe Creek,launch,45.949787,-78.875188,144352315
144352312,Birchcliffe Creek,launch,45.948621,-78.87442,144352315
144733039,Birchcliffe Creek,launch,45.942251,-78.838579,59642893
144761657,Maple Creek,launch,45.97696,-78.815025,-2409
144762132,Maple Creek,launch,45.971642,-78.772237,-2409
144762249,Maple Creek,launch,45.977062,-78.764945,-2409
144762329,Maple Creek,launch,45.98138,-78.770361,3210119
1152573253,Fassett Creek,launch,46.027085,-79.02996,921135746
1218622795,,launch,46.088325,-78.854509,2998019
1218622797,,launch,46.052335,-78.761217,3380586
1218622802,,launch,46.04134,-78.759921,59643359
1218622803,,launch,46.053115,-78.794958,144576727
1218622804,,launch,46.055102,-78.798841,144575514
1218622805,Maple Creek,launch,46.032623,-78.841329,1959549
1218622806,Maple Creek,launch,46.012272,-78.818041,1958958
1218622807,,launch,46.013609,-78.856717,144795284
1218622808,,launch,46.008657,-78.87726,59770027
1218622809,,launch,46.006189,-78.901358,59877433
1218622810,North Sylvia Creek,launch,45.987054,-78.891287,931647
1218622811,,launch,46.000283,-78.906841,931647
1218622813,,launch,45.973052,-78.885159,1954671
1218622814,,launch,45.971013,-78.882917,1954671
1218622815,,launch,45.971013,-78.882917,1954671
1218622816,,launch,45.967677,-78.885643,144354555
1218622817,,launch,45.95757,-78.886539,105508649
1218622818,,launch,45.949761,-78.893599,1951871
1218622819,,launch,45.952253,-78.891936,1951871
1218622821,,launch,45.941401,-78.963033,144081845
1218622822,,launch,45.943843,-78.964709,144081838
1218622823,,launch,45.948708,-78.963252,144048550
1218622826,,launch,45.970662,-78.992458,2997921
1218622828,,launch,45.974603,-79.009136,2997936
1218622829,,launch,46.047567,-78.972195,2997936
1218622830,Amable du Fond River,launch,45.975461,-78.995982,2997936
1218622831,,launch,45.974656,-78.99625,2997936
1218622833,,launch,45.977819,-79.007253,2997936
1218622834,,launch,46.01332,-78.963033,2997936
1218622835,,launch,46.05213,-78.957593,144338617
1218622837,,launch,46.048941,-78.93025,144338724
1218622838,Amable du Fond River,launch,46.052059,-78.956208,144338617
1218622840,,launch,46.088777,-78.876169,2998019
1218622842,Amable du Fond River,launch,46.050078,-78.919795,2998019
1218622843,Amable du Fond River,launch,46.048859,-78.92868,144338724
1218622844,,launch,46.049814,-78.920424,2998019
1218622848,,launch,45.997617,-78.738911,104145649
1218622849,,launch,45.983285,-78.771615,3210119
1218622850,,launch,46.019071,-78.842138,1958958
1218622853,,launch,46.02832,-79.028564,921135746
1218622860,,launch,46.025351,-79.094149,930579
1218622861,,launch,46.011385,-79.102526,930579
1218622862,,launch,46.016877,-79.100786,930579
1218622863,,launch,45.997871,-79.112529,931651
1218622864,,launch,45.992694,-79.106724,59775855
1218622865,,launch,45.992524,-79.104151,59775855
1218622866,,launch,45.99313,-79.086211,161005620
1218622867,,launch,45.983635,-79.066411,1950325
1218622868,,launch,45.971194,-79.061447,1950325
1218622869,,launch,45.975997,-79.05452,1950325
1218622870,,launch,45.963023,-79.028219,2997921
1218622871,,launch,45.967954,-79.069136,161003231
1218624018,Cauchon Creek,launch,46.060721,-78.71297,13073534
1219892179,,launch,46.04894,-78.923227,144338724
1219892180,Amable du Fond River,launch,46.049981,-78.924024,144338724
1219892183,Amable du Fond River,launch,46.047807,-78.926371,144338724
1220553289,Maple Creek,launch,46.039225,-78.849109,144843176
1220553290,Maple Creek,launch,46.050073,-78.866586,3380585
1220553292,Maple Creeek,launch,46.044792,-78.855927,3380585
1220553293,Maple Creek,launch,46.04757,-78.863643,3380585
1220560807,Maple Creek,launch,45.97938,-78.764309,-2409
1220560808,Maple Creek,launch,45.97666,-78.765129,-2409
1220560810,,launch,45.969207,-78.763133,1958558
1220560811,,launch,45.962159,-78.75525,104345878
1220560812,,launch,45.954142,-78.759051,104345963
1220560814,,launch,45.94356,-78.733289,1475065
1376742794,,launch,45.966718,-78.85784,144733207
1376742795,,launch,45.967839,-78.864354,1958321
1376742796,,launch,45.969308,-78.861083,1958321
1376742797,,launch,45.968424,-78.860472,1958321
1376742799,,launch,45.966904,-78.871319,1958321
1376742800,,launch,45.9692,-78.860563,1958321
1376742802,,launch,45.980387,-78.84621,144761381
1376742803,,launch,45.979759,-78.853942,1958551
1376742804,,launch,45.980289,-78.852953,104345865
1376742806,,launch,45.9747,-78.854516,1958551
1376742807,,launch,45.97928,-78.844755,144761381
1376742808,,launch,45.977311,-78.836337,144761561
1376742809,,launch,45.975577,-78.835527,144733234
1376742810,,launch,45.977661,-78.831496,144761561
1376742811,,launch,45.978288,-78.822344,144761561
1376742812,,launch,45.977528,-78.835425,144761561
1376742813,,launch,45.976899,-78.821412,144761561
1376742816,Maple Creek,launch,45.973583,-78.796195,-2409
1376742818,,launch,45.974879,-78.799964,-2409
1376742820,,launch,45.973261,-78.793707,-2409
1376742821,,launch,45.973585,-78.796271,-2409
1376742822,,launch,45.976914,-78.815052,-2409
1434138760,,launch,46.065878,-78.796272,3380586
1434138761,,launch,46.064359,-78.794722,3380586
1434138762,,launch,46.065094,-78.79412,3380586
1446610551,,launch,46.05757,-78.756719,13073534
1532286732,,launch,45.952462,-78.891796,1951871
1532286736,,launch,45.941383,-78.962515,144081845
1532286737,,launch,45.942801,-78.964871,144081845
1532286740,,launch,45.943434,-78.964773,144081838
1532286741,,launch,45.945904,-78.964543,144081838
1533218024,,launch,46.033459,-79.086563,932764
1533218026,,launch,46.04733,-78.927292,144338724
1533218033,,launch,46.078026,-78.836191,1955720
1533218036,,launch,46.051543,-78.757683,3380586
1533218039,,launch,46.076027,-78.823553,3380586
1537672571,,launch,46.044106,-78.750452,59643359
1537672572,,launch,46.028787,-78.725161,106590943
1537672574,,launch,46.017171,-78.729685,106590943
1537999919,Lauder Creek,launch,46.104706,-78.839438,2998019
1537999921,,launch,46.082978,-78.836742,2998019
1537999922,,launch,46.082978,-78.836742,2998019
1537999923,,launch,46.059478,-78.884763,2998019
1537999924,,launch,46.054095,-78.878931,3380585
1537999925,,launch,46.050018,-78.86651,3380585
1537999926,,launch,46.047474,-78.863644,3380585
1537999927,,launch,46.049108,-78.864391,3380585
1537999928,,launch,46.044555,-78.855892,3380585
1537999929,,launch,46.046331,-78.86288,3380585
1537999930,Maple Creek,launch,46.046331,-78.86288,3380585
1537999931,Maple Creek,launch,46.049108,-78.864391,3380585
1537999932,,launch,46.040169,-78.85334,144843176
1537999933,,launch,46.039142,-78.848871,144843176
1537999935,,launch,46.03411,-78.845149,1959549
1537999936,,launch,46.032623,-78.841329,1959549
1537999937,,launch,46.031672,-78.840444,1959549
1537999938,,launch,46.019071,-78.842138,1958958
1537999939,,launch,46.012272,-78.818041,1958958
1537999940,,launch,46.010959,-78.816646,3210119
1537999941,,launch,45.992673,-78.763676,3210119
1537999942,,launch,45.993759,-78.761555,3210119
1537999946,Amable du Fond River,launch,46.048723,-78.933635,144338617
1537999947,Amable du Fond River,launch,46.048627,-78.932628,144338617
1537999948,Amable du Fond River,launch,46.045351,-78.963597,144338617
1537999950,,launch,46.012828,-78.958887,2997936
1537999951,,launch,46.006638,-78.928387,931647
1537999953,,launch,45.982612,-78.885396,931647
1537999955,,launch,45.982396,-78.885401,931647
1537999956,,launch,45.969797,-78.88524,1954671
1539045372,,launch,45.953533,-79.087174,143977857
1539045373,,launch,45.953476,-79.086714,143977805
1539045376,,launch,45.948627,-79.081794,2997921
1539045379,,launch,45.971194,-79.061447,1950325
1539045380,,launch,45.972666,-79.050645,1950325
1539045382,,launch,45.979253,-79.059589,1950325
1539045386,,launch,45.994493,-79.097268,161005620
1539045387,,launch,45.993724,-79.09472,161005620
1539045394,,launch,45.992809,-79.111443,59679785
1539045397,,launch,45.998224,-79.112303,931651
1539045403,,launch,46.010227,-79.102893,930579
1540736234,,launch,46.013609,-78.856717,144795284
1540736235,,launch,46.01857,-78.847389,1958959
1540736404,,launch,45.948586,-78.963145,144048550
1540736797,,launch,46.054702,-78.797962,144575514
1540736799,,launch,46.064002,-78.819884,144575514
1540736802,,launch,46.044005,-78.764627,59643359
1540736804,,launch,46.045686,-78.772806,144576727
1540736806,,launch,46.04134,-78.759921,59643359
1540737089,,launch,46.006189,-78.901358,59877433
1540737090,,launch,46.003781,-78.886291,106580248
1546790053,,launch,45.946596,-78.766365,1477514
921369115,,launch,45.965947,-78.436409,78517125
921457522,,launch,45.979491,-78.235125,13140332
921458578,,launch,45.961872,-78.194976,977578620
921470812,,launch,45.979332,-78.236365,78528624
921488872,,launch,45.961461,-78.197355,977578620
922220574,,launch,45.992424,-78.262181,222042188
922230723,,launch,45.992927,-78.257658,222042186
1201235107,,launch,45.962073,-78.509518,13125164
1201236542,,launch,45.94544,-78.575986,2973184
1201239572,,launch,45.997625,-78.539811,2973186
1201245709,,launch,45.972845,-78.596917,2973186
1201245777,,launch,45.94538,-78.570873,2973184
1226063161,,launch,46.000781,-78.583172,104083545
1226064671,,launch,46.025209,-78.549535,106579990
1226068999,,launch,46.053771,-78.622277,1519741
1226071822,,launch,46.039028,-78.600323,106580012
1226075525,,launch,46.023755,-78.573675,21091548
1226075609,,launch,46.024335,-78.561951,106579844
1226076203,,launch,46.000521,-78.528035,2973186
1226078268,,launch,46.046839,-78.613643,1519668
1226127195,,launch,46.003095,-78.483855,13125163
1226128257,,launch,46.03264,-78.448649,2973149
1226130363,,launch,46.057736,-78.460038,106584071
1226132372,,launch,46.030182,-78.391284,2973149
1226328136,,launch,46.015757,-78.286015,8485316
1226328146,,launch,46.011468,-78.296065,1519903
1226328152,,launch,46.011939,-78.295241,1519903
1226328305,,launch,46.050565,-78.2839,16086962
1226328441,,launch,46.021439,-78.280604,106602369
1226328519,,launch,46.044806,-78.284879,-2569
1226329078,,launch,46.048464,-78.369749,106602605
1226329271,,launch,46.016512,-78.306099,106602608
1226329303,,launch,46.007775,-78.301572,1519903
1226330328,,launch,46.032809,-78.327529,1519902
1226330423,,launch,46.033521,-78.315136,106602606
1226330440,,launch,46.018125,-78.313926,106602608
1226330507,,launch,46.031354,-78.305916,106602606
1226331483,,launch,46.046368,-78.262454,1519900
1226333283,,launch,46.027635,-78.345619,1519902
1226334135,,launch,46.060045,-78.348216,106602546
1226335910,,launch,46.044297,-78.370328,106602605
6372477291,,launch,46.091205,-78.35212,9445136
6372478675,,launch,46.102828,-78.300752,9445136
6372486396,,launch,46.069282,-78.365842,680569504
6372487372,,launch,46.088727,-78.278091,680569320
6372488713,,launch,46.110602,-78.283549,680569605
6372489383,,launch,46.112152,-78.283991,9445138
6372492962,,launch,46.10224,-78.285409,9445138
6372493134,,launch,46.091236,-78.35345,9445136
6374733886,,launch,46.116245,-78.671161,680795786
6374735008,,launch,46.095744,-78.631855,21089651
6374736266,,launch,46.090083,-78.630998,13158857
6374737750,,launch,46.120644,-78.664452,680795655
6374739080,,launch,46.120402,-78.663168,680795655
6374739691,,launch,46.121075,-78.664395,680795655
6374740557,,launch,46.112287,-78.681888,9448577
6374745680,,launch,46.066383,-78.647051,680795603
6374746559,,launch,46.087291,-78.627896,9843627
6374746929,,launch,46.110104,-78.644258,680795616
6374750245,,launch,46.066565,-78.629742,680795603
6374751595,,launch,46.087606,-78.628737,13158857
6578437278,,launch,46.084543,-78.380546,9733292
6578439412,,launch,46.083949,-78.379384,9733292
6647651712,,launch,46.069307,-78.455946,9839701
6647655277,,launch,46.085546,-78.486501,28820855
6647801441,North River Access Point (#26),launch,46.098327,-78.423068,-2675
6651236824,,launch,46.083774,-78.200896,707845207
6651240303,,launch,46.084586,-78.202834,707845207
6651250412,,launch,46.075774,-78.223092,707845664
6651293513,,launch,46.080911,-78.219303,9843472
6651301731,,launch,46.082215,-78.192829,707845207
6651499135,,launch,46.066814,-78.512322,106579734
6651511736,,launch,46.06272,-78.601629,707859637
6651512478,,launch,46.067399,-78.606899,9843627
6651512669,,launch,46.066603,-78.607943,9843627
6651513024,,launch,46.066016,-78.599573,13736910
9012822208,,launch,46.058076,-78.620504,9843628
9012822221,,launch,46.057118,-78.621404,106590822
9018685986,,launch,46.054055,-78.579361,13125162
9018686010,,launch,46.04909,-78.585616,106580052
9018686011,,launch,46.062798,-78.597321,13736908
9021155476,,launch,45.96487,-78.509942,104083634
9021155478,,launch,45.963619,-78.510538,104083634
9021259938,,launch,45.9801,-78.494047,13125163
9021259946,,launch,45.992536,-78.47744,13125163
9021259955,,launch,45.994676,-78.477013,13125163
9021259962,,launch,46.009335,-78.355057,1519904
9021259998,,launch,46.012734,-78.362965,1519904
9021260004,,launch,46.012024,-78.376525,1519904
9021260021,,launch,46.010069,-78.383133,13140333
9021260028,,launch,46.008921,-78.402791,106583011
9021260064,,launch,46.005013,-78.412016,2973149
9021260124,,launch,46.046577,-78.590387,106580052
9021260147,,launch,46.04125,-78.593523,106580012
9033612716,Cedar Lake - Brent Access Point (#27),launch,46.025372,-78.485837,2973149
9033612785,,launch,46.005573,-78.520586,2973186
9033612856,,launch,46.002866,-78.508249,2973149
9033612901,,launch,45.992863,-78.516629,104083468
9033612920,,launch,46.009046,-78.482321,2973149
9043549967,,launch,46.024401,-78.542426,2973149
9043550686,,launch,46.063012,-78.430622,106584184
9043550704,,launch,46.059609,-78.464844,106583940
9043550842,,launch,46.073435,-78.465551,28821262
9045596236,,launch,45.977926,-78.226637,13140332
9045596253,,launch,45.979625,-78.231977,13140332
9045596276,,launch,45.984088,-78.247971,13140332
9045596306,,launch,45.989371,-78.251869,18050393
9061082552,,launch,46.037214,-78.60451,106580012
10720302606,,launch,45.968929,-78.626757,2973186
10720302621,,launch,45.969604,-78.630446,2973186
10720302627,,launch,45.970659,-78.619802,2973186
10720302637,,launch,45.97109,-78.621691,2973186
10720302641,,launch,45.969349,-78.606795,2973186
10720302652,,launch,45.967656,-78.607707,2973186
10720302677,,launch,45.949739,-78.589326,104083486
10720302678,,launch,45.944436,-78.585522,104083486
10722349788,,launch,46.101814,-78.293376,9445136
10722349802,,launch,46.086487,-78.277949,680569320
10722349803,,launch,46.075179,-78.380588,9733292
10722349878,,launch,46.064962,-78.363547,680569504
10722349905,,launch,46.058238,-78.368035,106602600
10722349907,,launch,46.061938,-78.619789,9843628
10722349956,,launch,46.001153,-78.586417,1519668
10731684734,,launch,45.976897,-78.316613,-1131
10731700223,,launch,45.950979,-78.332205,78602603
10733866288,,launch,46.047062,-78.658627,106590850
10733868712,,launch,46.051012,-78.66373,1519741
10733868713,,launch,46.050683,-78.665739,106590781
10733868728,,launch,46.048762,-78.665771,106590781
10733868798,,launch,46.058653,-78.66683,1519741
10733868859,,launch,46.101137,-78.313292,9445136
10733868877,,launch,46.062038,-78.345378,106602546
10733868890,,launch,46.057869,-78.352972,106602575
10733868912,,launch,46.055173,-78.362675,106602600
10733869049,,launch,45.987557,-78.523209,104083468
10733869058,,launch,45.982486,-78.524008,104083669
10733869064,,launch,46.030486,-78.53117,2973149
10733869081,,launch,46.020968,-78.577265,106580015
10733869082,,launch,46.018593,-78.570623,106580065
10733869096,,launch,46.019502,-78.574721,106580065
10733869097,,launch,46.014877,-78.561349,106580065
10733869104,,launch,46.006019,-78.569178,104083545
10733869113,,launch,46.11149,-78.682889,9448577
10733869151,,launch,46.108207,-78.643112,680795616
10733869181,,launch,46.096156,-78.63324,21089651
10733869191,,launch,46.090999,-78.631808,21089651
10733869201,,launch,46.066127,-78.599965,13736910
10733869202,,launch,46.066814,-78.601875,9843627
10733869204,,launch,46.066713,-78.601866,13736910
10733869205,,launch,46.065131,-78.598073,13736908
10733869210,,launch,46.064573,-78.596794,13736908
10733869211,,launch,46.058681,-78.521788,106580246
10733869272,,launch,46.050773,-78.539772,2973149
10733869273,,launch,46.068156,-78.511589,9843624
10733869283,,launch,46.084756,-78.480541,28821262
11039715205,,launch,45.996526,-78.541843,2973186
11039715463,,launch,45.957422,-78.534296,13125164
11039715464,,launch,45.956901,-78.535152,2973184
11040502943,,launch,45.986751,-78.430409,2973149
11040502964,,launch,46.026464,-78.278798,106602511
11040502976,,launch,46.024803,-78.279252,106602511
11040502977,,launch,46.023514,-78.279255,106602511
11040502989,,launch,46.015715,-78.284202,106602369
11040503132,,launch,46.014574,-78.367546,1519904
11042294141,,launch,46.053345,-78.363768,106602600
11042694721,,launch,46.058281,-78.452335,106584071
11042694724,,launch,46.057657,-78.459199,106584071
11043195202,,launch,46.033747,-78.276228,-2569
11043195213,,launch,46.03122,-78.277762,-2569
14007206484,,launch,46.029839,-78.47944,2973149
106602388,North River,launch,46.021026,-78.280301,106602369
106602453,North River,launch,46.039016,-78.281826,-2569
106602508,North River,launch,46.044806,-78.284879,-2569
106602510,North River,launch,46.03122,-78.277762,-2569
680569369,North River,launch,46.091048,-78.351915,9445136
680795690,Hurdman Creek,launch,46.120402,-78.663168,680795655
680795754,Brain Creek,launch,46.114469,-78.675002,680795706
707418140,North River,launch,46.098047,-78.423042,-2675
707844345,North Bissett Creek,launch,46.083774,-78.200896,707845207
707845493,North Bissett Creek,launch,46.073967,-78.225756,707845664
707859527,Gilmour Creek,launch,46.062307,-78.516537,106579734
952007404,Nipissing River,launch,46.005633,-78.52065,2973149
974825080,Cauchon Creek,launch,46.063141,-78.595097,13736908
974825081,,launch,46.056955,-78.58404,974825081
977578621,Mudcat Lake,launch,45.989191,-78.255762,18050393
1095035839,Little Madawaska River,launch,45.984193,-78.312478,2937418
1188735198,Little Madawaska River,launch,45.976897,-78.316613,-1131
1188735199,,launch,45.951034,-78.332509,78602603
1188919621,,launch,46.005633,-78.52065,2973149
1188919623,,launch,45.972899,-78.597187,2973186
1188919624,,launch,45.967656,-78.607707,2973186
1188919626,,launch,45.997625,-78.539811,2973186
1188919627,,launch,45.996619,-78.542129,2973186
1188919628,Nipissing River,launch,45.997644,-78.539634,2973186
1188919630,,launch,46.000681,-78.528197,2973186
1188919631,Nipissing River,launch,45.967658,-78.608171,2973186
1188919634,,launch,45.94606,-78.584156,104083486
1188919639,,launch,45.94544,-78.575986,2973184
1188919640,Petawawa River,launch,45.957326,-78.533363,13125164
1188919642,,launch,45.957422,-78.534296,13125164
1188919643,,launch,45.956774,-78.53522,2973184
1188919645,,launch,45.9801,-78.494047,13125163
1188919648,,launch,45.963619,-78.510538,104083634
1188919649,,launch,45.960894,-78.509739,13125164
1189008537,,launch,46.046577,-78.590387,106580052
1189008538,,launch,46.039028,-78.600323,106580012
1189008539,,launch,46.037001,-78.605933,1519668
1189008540,,launch,46.00162,-78.587372,1519668
1189008541,,launch,46.005756,-78.569198,104083545
1189008542,,launch,46.018593,-78.570623,106580065
1189008543,,launch,46.019502,-78.574721,106580065
1189008544,,launch,46.024554,-78.569487,21091548
1189008545,,launch,46.025381,-78.54877,106579990
1189008546,,launch,46.00311,-78.508354,2973149
1189008547,,launch,46.0094,-78.482793,2973149
1189008548,,launch,46.00282,-78.484375,13125163
1189008549,Petawawa River,launch,45.994809,-78.476782,13125163
1189008550,,launch,45.994809,-78.476782,13125163
1189008551,,launch,45.99221,-78.477367,13125163
1189008553,Petawawa River,launch,45.980532,-78.493452,13125163
1189008554,,launch,46.047662,-78.539237,2973149
1189008555,,launch,46.03092,-78.530505,2973149
1189008556,,launch,46.054453,-78.578896,13125162
1189008557,,launch,46.054544,-78.580116,13125162
1189008558,,launch,46.025372,-78.485837,2973149
1189008561,,launch,46.03145,-78.449644,2973149
1189008562,,launch,46.004265,-78.412728,2973149
1189008563,,launch,46.008655,-78.402375,13140333
1189008564,Petawawa River,launch,46.008655,-78.402375,13140333
1189008565,Petawawa River,launch,46.0094,-78.482793,2973149
1189008567,,launch,46.02775,-78.395627,2973149
1189008568,,launch,46.026583,-78.411908,2973149
1189008569,,launch,46.024688,-78.279117,106602511
1189008570,,launch,46.023549,-78.279085,106602511
1189008572,North River,launch,46.024688,-78.279117,106602511
1189008576,,launch,46.012024,-78.376525,1519904
1189008577,,launch,46.009806,-78.383498,13140333
1189008578,Petawawa River,launch,46.012902,-78.374464,1519904
1189008581,,launch,46.021026,-78.280301,106602369
1189008583,,launch,46.014145,-78.367667,1519904
1189008584,,launch,46.030648,-78.338048,1519902
1189008585,,launch,46.032937,-78.310343,106602606
1189008586,Menona Creek,launch,46.017021,-78.313632,106602608
1189008587,North River,launch,46.015568,-78.286246,8485316
1189008588,North River,launch,46.011225,-78.295956,1519903
1189008589,North River,launch,46.005651,-78.301771,1519903
1189008591,,launch,46.013846,-78.364181,1519904
1189008592,,launch,46.009335,-78.355057,1519904
1189008594,Petawawa River,launch,45.993429,-78.25716,222042186
1189008595,Petawawa River,launch,46.008694,-78.352204,1519904
1189008596,,launch,45.992927,-78.257658,222042186
1189008597,,launch,45.992698,-78.262224,222042188
1189147639,,launch,46.102828,-78.300752,9445136
1189147640,North River,launch,46.086296,-78.278008,680569320
1189147641,,launch,46.101618,-78.293585,9445136
1189147642,North River,launch,46.102813,-78.300633,9445136
1189147643,,launch,46.101081,-78.31339,9445136
1189147644,,launch,46.091205,-78.35212,9445136
1189147647,North River,launch,46.091422,-78.405498,9733294
1189147648,,launch,46.084747,-78.380641,9733294
1189147649,,launch,46.076057,-78.380446,9733292
1189147650,,launch,46.066547,-78.364329,680569504
1189147651,,launch,46.057869,-78.352972,106602575
1189147652,,launch,46.054665,-78.364094,106602600
1189147653,,launch,46.053345,-78.363768,106602600
1189147654,,launch,46.044297,-78.370328,106602605
1189206972,,launch,46.063643,-78.608916,9843628
1189206973,Cauchon Creek,launch,46.058599,-78.619741,9843628
1189206974,Cauchon Creek,launch,46.061038,-78.618679,9843628
1189206975,Hurdman Creek,launch,46.064217,-78.596372,13736908
1189206976,,launch,46.063141,-78.595097,13736908
1189206978,,launch,46.057734,-78.454648,106584071
1189206979,,launch,46.057651,-78.461123,106583940
1189206980,Gilmour Creek,launch,46.073543,-78.466091,28821262
1189206981,Gilmour Creek,launch,46.082319,-78.49326,28820855
1189206982,,launch,46.068202,-78.510758,9843624
1189206984,Gilmour Creek,launch,46.074702,-78.506883,707859451
1189206993,North River,launch,46.098327,-78.423068,-2675
1189277565,North Bissett Creek,launch,46.081176,-78.219041,9843472
1189277585,,launch,46.050715,-78.284052,16086962
1189277586,,launch,46.10224,-78.285409,9445138
1189277587,North River,launch,46.100943,-78.284404,9445138
1189277589,North River,launch,46.09987,-78.282051,9445138
1189277590,,launch,46.088773,-78.27828,9445138
1189277591,,launch,46.086296,-78.278008,680569320
1189277595,,launch,46.110394,-78.283533,9445138
1189277600,,launch,46.007775,-78.301572,1519903
1189277601,,launch,46.011736,-78.295033,1519903
1189277602,,launch,46.011468,-78.296065,1519903
1189277605,,launch,46.015568,-78.286246,8485316
1189444130,,launch,45.98918,-78.252525,18050393
1189444131,,launch,45.999786,-78.252735,1188242
1189444132,,launch,45.984088,-78.247971,13140332
1189444133,Petawawa River,launch,45.979467,-78.234369,13140332
1189444135,,launch,45.978774,-78.23689,13140332
1189444136,,launch,45.979491,-78.235125,13140332
1189444137,,launch,45.977926,-78.226637,13140332
1189444138,,launch,45.979854,-78.232596,13140332
1189444140,Petawawa River,launch,45.982556,-78.248084,13140332
1189444142,,launch,45.962711,-78.191307,977578620
1189444143,Petawawa River,launch,45.961846,-78.19445,977578620
1189444145,,launch,45.961846,-78.19445,977578620
1189444146,,launch,45.960489,-78.197903,977578619
1189444169,Petawawa River,launch,45.972729,-78.212353,977578619
1218624019,Cauchon Creek,launch,46.053899,-78.623805,1519741
1218624020,,launch,46.05379,-78.622511,1519741
1432612307,Petawawa River,launch,45.997512,-78.263199,222042188
1432612308,Petawawa River,launch,45.995092,-78.310497,2937418
1446610547,,launch,46.058599,-78.619741,9843628
1446610548,,launch,46.061038,-78.618679,9843628
1446610549,,launch,46.06272,-78.601629,707859637
1446610553,,launch,46.057118,-78.621404,106590822
1472002628,,launch,45.969604,-78.630446,2973186
1472002629,,launch,45.968929,-78.626757,2973186
1472002630,Nipissing River,launch,45.969547,-78.62953,2973186
1472002633,Nipissing River,launch,45.970747,-78.619236,2973186
1472002634,Nipissing River,launch,45.969589,-78.607194,2973186
1472002635,Nipissing River,launch,45.969044,-78.626687,2973186
1472002636,Nipissing River,launch,45.97118,-78.621553,104083821
1472002637,,launch,45.971227,-78.621716,2973186
1472002638,,launch,45.970747,-78.619236,2973186
1472002642,,launch,45.969589,-78.607194,2973186
1528912046,Petawawa River,launch,45.977766,-78.225564,13140332
1533233466,North River,launch,46.023185,-78.27907,106602511
1533233468,,launch,46.015715,-78.284202,106602369
1537672535,,launch,46.064217,-78.596372,13736908
1537672536,Cauchon Creek,launch,46.057099,-78.584084,13736908
1537672537,Hurdman Creek,launch,46.066835,-78.601961,9843627
1537672542,Hurdman Creek,launch,46.066301,-78.599593,13736910
1537672548,,launch,46.046636,-78.613496,1519668
1537672550,,launch,46.001153,-78.586417,1519668
1537672552,,launch,46.006019,-78.569178,104083545
1537672553,,launch,46.000794,-78.582949,104083545
1537672555,,launch,46.020968,-78.577265,106580015
1537672559,,launch,46.024554,-78.569487,21091548
1537672560,,launch,46.024335,-78.561951,106579844
1537672562,,launch,46.025381,-78.54877,106579990
1537672563,,launch,46.024401,-78.542426,2973149
1537672565,,launch,46.03092,-78.530505,2973149
1537672569,,launch,46.05379,-78.622511,1519741
1537675607,,launch,46.080911,-78.219303,9843472
1537675608,,launch,46.084725,-78.203103,9843472
1537675618,,launch,46.110602,-78.283549,680569605
1537675621,,launch,46.112287,-78.284045,680569605
1537675624,,launch,46.084543,-78.380546,9733292
1537675625,,launch,46.075179,-78.380588,9733292
1537675626,,launch,46.083638,-78.37933,9733292
1537675627,,launch,46.064962,-78.363547,680569504
1537675628,,launch,46.068961,-78.365519,680569504
1537675630,,launch,46.062134,-78.346051,106602546
1537675631,,launch,46.062038,-78.345378,106602546
1537675632,,launch,46.062523,-78.337112,106602546
1537796491,,launch,46.029839,-78.47944,2973149
1537948514,Petawawa River,launch,45.973043,-78.212878,13140332
1539063005,,launch,46.067454,-78.45479,9839701
1539063006,,launch,46.069307,-78.455946,9839701
1539063008,,launch,46.08447,-78.47915,28821262
1539063010,,launch,46.073543,-78.466091,28821262
1539063014,,launch,46.085546,-78.486501,28820855
1539063015,,launch,46.083724,-78.490963,28820855
1539063020,Gilmour Creek,launch,46.077101,-78.502031,28820855
1539063021,Gilmour Creek,launch,46.066814,-78.512322,106579734
1539063022,Gilmour Creek,launch,46.065151,-78.51436,106579734
1539063023,,launch,46.047662,-78.539237,2973149
1539063027,,launch,46.03145,-78.449644,2973149
1539063030,,launch,46.026583,-78.411908,2973149
1539063031,,launch,46.028454,-78.394184,2973149
1539063033,,launch,45.990733,-78.430762,2973149
1539063035,,launch,45.986751,-78.430409,2973149
1539466719,North River,launch,46.091254,-78.353948,9733294
1539789268,,launch,46.015687,-78.418203,2973149
1539790934,,launch,45.995754,-78.253955,1188242
1540027299,,launch,46.044482,-78.259788,1519900
1540078521,,launch,46.057417,-78.457116,106584071
1540078522,,launch,46.057657,-78.459199,106584071
1540078525,,launch,46.057734,-78.454648,106584071
1540078527,,launch,46.057651,-78.461123,106583940
1540078529,,launch,46.059609,-78.464844,106583940
1540078531,,launch,46.084756,-78.480541,28821262
1540226060,,launch,45.941749,-78.56634,2973184
1540226063,,launch,45.944436,-78.585522,104083486
1540226065,,launch,45.94606,-78.584156,104083486
1540326846,,launch,46.032949,-78.332648,1519902
1540326847,George Creek,launch,46.032949,-78.332648,1519902
1540326850,,launch,46.031354,-78.305916,106602606
1540326851,George Creek,launch,46.032724,-78.307973,106602606
1540326854,,launch,46.016152,-78.310322,106602608
1540326856,,launch,46.018125,-78.313926,106602608
921457077,,launch,45.948529,-78.187277,1187447
921457790,,launch,45.960959,-78.185909,1187447
921486481,,launch,45.949374,-78.129624,78528192
922029545,,launch,45.959515,-78.071694,1187447
922029648,,launch,45.949869,-78.08672,1187447
922036200,,launch,45.957327,-78.078198,78588153
922037319,,launch,45.948275,-78.104114,1187447
922040616,,launch,45.949277,-78.092375,78588911
1218894547,,launch,45.999131,-77.713578,13145153
5726389715,,launch,46.042563,-77.790082,8415371
5726390993,,launch,46.042915,-77.819159,8415371
5726391338,,launch,46.042907,-77.815008,8415371
5726391386,,launch,46.044967,-77.832938,8415371
5726392200,,launch,46.02436,-77.757039,13145152
5726395682,,launch,46.042922,-77.820684,8415371
5726396254,,launch,46.033305,-77.771932,13145152
5726396505,,launch,46.045814,-77.834273,8415371
5726403067,,launch,46.041027,-77.786779,8415371
6181624602,,launch,46.037318,-77.996651,9181364
6181625220,,launch,46.036814,-77.99788,9181364
6181649037,,launch,46.049107,-77.87693,9181388
6181649593,,launch,46.048145,-77.885078,9181388
6181650347,,launch,46.061501,-77.904685,9181388
6182165127,,launch,46.064911,-77.90686,9181902
6182168467,Crooked Chute,launch,46.066741,-77.912927,9181902
6182168719,,launch,46.066326,-77.92788,9181902
6182169080,,launch,46.063572,-77.919395,9181902
6182174480,,launch,46.064197,-77.923485,9181902
6184679737,,launch,46.049172,-77.871116,9186024
6184679949,,launch,46.049518,-77.869079,9186024
6184680357,,launch,46.050884,-77.865981,9186024
6651224066,,launch,46.059301,-78.185468,9843476
6651251108,,launch,46.044739,-78.168758,707844621
6651253227,,launch,46.035089,-78.16867,707844454
6651256023,,launch,46.076078,-78.18252,-2726
6651258715,,launch,46.041233,-78.170734,707844454
6651290439,,launch,46.049671,-78.17528,707844621
6651294940,,launch,46.057891,-78.183742,9843476
6651298622,,launch,46.050719,-78.175407,707844621
9045596202,,launch,45.961794,-78.18763,977578620
9046433692,,launch,46.049336,-77.894284,9181388
9046433787,,launch,46.034425,-78.004671,707844449
9046433797,,launch,46.03234,-78.007054,707844449
9046433998,,launch,45.950283,-78.083096,1187447
9046434186,,launch,45.952256,-78.153807,1187447
9046434208,,launch,45.954255,-78.15588,1187447
10722317804,,launch,45.956526,-78.184943,1187447
10722349317,,launch,45.955418,-78.186314,1187447
10722349319,,launch,45.952528,-78.185643,78528134
10722349342,,launch,45.946263,-78.188128,1187447
10722349350,,launch,45.944865,-78.189052,1187447
10731700780,,launch,46.052367,-77.863524,9186024
11043187394,,launch,46.026774,-78.090589,707845082
11044535847,,launch,45.948346,-78.112966,78588801
11044535857,,launch,45.948687,-78.102044,1187447
11044535877,,launch,45.949578,-78.094107,1187447
11044535888,,launch,45.948815,-78.096567,1187447
707844713,Bissett Creek,launch,46.059301,-78.185468,9843476
1186118533,Crow River,launch,45.956065,-78.184789,1187447
1189277560,,launch,46.03569,-78.170707,707844454
1189277561,Bissett Creek,launch,46.045975,-78.169055,707844621
1189277562,Bissett Creek,launch,46.05097,-78.175641,9843476
1189444060,,launch,45.956065,-78.184789,1187447
1189444061,,launch,45.955249,-78.186178,1187447
1189444063,Crow River,launch,45.952725,-78.185764,1187447
1189444064,,launch,45.952528,-78.185643,78528134
1189444065,,launch,45.948496,-78.187372,1187447
1189444067,Crow River,launch,45.946345,-78.188057,1187447
1189444069,,launch,45.946263,-78.188128,1187447
1189444070,,launch,45.944748,-78.189064,1187447
1189444092,,launch,46.042915,-77.819159,8415371
1189444093,,launch,46.042426,-77.821782,8415371
1189444094,,launch,46.046313,-77.834489,8415371
1189444095,,launch,46.04509,-77.831725,8415371
1189444097,Petawawa River,launch,46.046313,-77.834489,8415371
1189444098,Petawawa River,launch,46.042426,-77.821782,8415371
1189444100,,launch,46.051959,-77.863468,9186024
1189444101,,launch,46.050884,-77.865981,9186024
1189444102,,launch,46.049281,-77.869136,9186024
1189444103,,launch,46.048254,-77.884988,9181388
1189444104,,launch,46.049172,-77.871116,9186024
1189444107,,launch,46.048879,-77.877172,9181388
1189444109,,launch,46.048254,-77.884988,9181388
1189444110,Petawawa River,launch,46.049625,-77.894661,9181388
1189444111,,launch,46.049625,-77.894661,9181388
1189444113,,launch,46.061501,-77.904685,9181388
1189444114,,launch,46.063713,-77.920018,9181902
1189444115,Petawawa River,launch,46.063713,-77.920018,9181902
1189444117,,launch,46.066911,-77.928541,9181902
1189444118,,launch,46.064021,-77.922581,9181902
1189444119,Petawawa River,launch,46.066187,-77.926142,9181902
1189444121,,launch,46.037318,-77.996651,9181364
1189444122,,launch,46.03667,-77.997919,9181364
1189444124,Petawawa River,launch,46.034586,-78.004635,707844449
1189444125,,launch,46.034425,-78.004671,707844449
1189444126,,launch,46.032337,-78.007651,380125922
1189444127,,launch,45.96051,-78.06288,9843439
1189444128,Petawawa River,launch,46.033037,-78.006974,380125922
1189444141,,launch,45.960959,-78.185909,1187447
1189444147,Petawawa River,launch,45.960578,-78.185299,1187447
1189444149,,launch,45.954428,-78.156041,1187447
1189444151,Petawawa River,launch,45.951754,-78.148432,1187447
1189444152,Petawa River,launch,45.95171,-78.153221,1187447
1189444154,,launch,45.950071,-78.131702,1187447
1189444155,,launch,45.948346,-78.112966,78588801
1189444156,Petawawa River,launch,45.948477,-78.113201,1187447
1189444157,,launch,45.949053,-78.107954,1187447
1189444159,Petawawa River,launch,45.949074,-78.101466,1187447
1189444160,,launch,45.948609,-78.096713,1187447
1189444161,,launch,45.948687,-78.102044,1187447
1189444163,,launch,45.949578,-78.094107,1187447
1189444165,,launch,45.949869,-78.08672,1187447
1189444167,Petawawa River,launch,45.957736,-78.077865,1187447
1189444168,Petawawa River,launch,45.959698,-78.072431,1187447
1189444170,,launch,45.959698,-78.072431,1187447
1189444184,Bissett Creek,launch,46.117422,-78.12939,9843188
1189496503,,launch,45.957736,-78.077865,1187447
1528912049,Petawawa River,launch,45.960526,-78.063706,9843439
1528912063,Petawawa River,launch,46.042312,-77.81363,8415371
1532714766,,launch,46.065066,-77.906907,9181902
1532714767,Petawawa River,launch,46.066911,-77.928541,9181902
1532714768,Petawawa River,launch,46.032337,-78.007651,380125922
1537675609,,launch,46.05097,-78.175641,9843476
1537675610,,launch,46.049671,-78.17528,707844621
1537675611,,launch,46.056772,-78.182341,9843476
1537675613,,launch,46.045975,-78.169055,707844621
1537675615,,launch,46.041068,-78.170365,707844454
1537675616,,launch,46.038178,-78.171759,707844454
1539790936,Petawa River,launch,45.952626,-78.153143,1187447
1539790937,,launch,45.952256,-78.153807,1187447
1540031681,,launch,46.13563,-78.117022,9843188
1540031689,,launch,46.035089,-78.16867,707844454
1218894374,,launch,45.984425,-77.687032,1506903
9046433652,McManus Lake Access Point (#21),launch,45.945108,-77.606336,6474973
10731700585,,launch,45.959575,-77.643176,435953829
10731700593,,launch,45.960268,-77.644667,977660225
10731700601,,launch,45.982407,-77.682674,105855573
1537558849,,launch,45.984425,-77.687032,1506903
1537558850,,launch,45.982407,-77.682674,105855573
