edge_kind,edge_id,obstacle_id,type
portage,975803927,916783048,dam
river,-156066147999999990,916785951,dam
river,19921966926,916785951,dam
river,-156066673999999990,916785951,dam
river,19921966663,916785951,dam
river,-5996239999999990,916785951,dam
river,19997001880,916785951,dam
portage,1173065684,1914569532,waterfall
river,-165232233999999941,1914569532,waterfall
river,117917383883,1914569532,waterfall
river,-165232699999999941,1914569532,waterfall
river,117917383650,1914569532,waterfall
river,-361529585999999941,1914569532,waterfall
river,117819235207,1914569532,waterfall
river,-361529711999999941,1914569532,waterfall
river,117819235144,1914569532,waterfall
river,-361529735999999941,1914569532,waterfall
river,117819235132,1914569532,waterfall
river,-362029093999999941,1914569532,waterfall
river,117818985453,1914569532,waterfall
river,-362041407999999941,1914569532,waterfall
river,117818979296,1914569532,waterfall
river,-362041417999999941,1914569532,waterfall
river,117818979291,1914569532,waterfall
river,-362066547999999941,1914569532,waterfall
river,117818966726,1914569532,waterfall
river,-362067309999999941,1914569532,waterfall
river,117818966345,1914569532,waterfall
river,-362067433999999941,1914569532,waterfall
river,117818966283,1914569532,waterfall
river,-362067899999999941,1914569532,waterfall
river,117818966050,1914569532,waterfall
river,-362069579999999941,1914569532,waterfall
river,117818965210,1914569532,waterfall
river,-362069583999999941,1914569532,waterfall
river,117818965208,1914569532,waterfall
river,-4824611999999941,1914569532,waterfall
river,117997587694,1914569532,waterfall
river,-4832151999999941,1914569532,waterfall
river,117997583924,1914569532,waterfall
portage,1173065684,1914796706,waterfall
river,-165232233999999941,1914796706,waterfall
river,117917383883,1914796706,waterfall
river,-165232699999999941,1914796706,waterfall
river,117917383650,1914796706,waterfall
river,-361529585999999941,1914796706,waterfall
river,117819235207,1914796706,waterfall
river,-361529711999999941,1914796706,waterfall
river,117819235144,1914796706,waterfall
river,-361529735999999941,1914796706,waterfall
river,117819235132,1914796706,waterfall
river,-362029093999999941,1914796706,waterfall
river,117818985453,1914796706,waterfall
river,-362041407999999941,1914796706,waterfall
river,117818979296,1914796706,waterfall
river,-362041417999999941,1914796706,waterfall
river,117818979291,1914796706,waterfall
river,-362066547999999941,1914796706,waterfall
river,117818966726,1914796706,waterfall
river,-362067309999999941,1914796706,waterfall
river,117818966345,1914796706,waterfall
river,-362067433999999941,1914796706,waterfall
river,117818966283,1914796706,waterfall
river,-362067899999999941,1914796706,waterfall
river,117818966050,1914796706,waterfall
river,-362069579999999941,1914796706,waterfall
river,117818965210,1914796706,waterfall
river,-362069583999999941,1914796706,waterfall
river,117818965208,1914796706,waterfall
river,-4824611999999941,1914796706,waterfall
river,117997587694,1914796706,waterfall
river,-4832151999999941,1914796706,waterfall
river,117997583924,1914796706,waterfall
river,-165232233999999941,10854275314,rapids
river,117917383883,10854275314,rapids
river,-165232699999999941,10854275314,rapids
river,117917383650,10854275314,rapids
river,-361529585999999941,10854275314,rapids
river,117819235207,10854275314,rapids
river,-361529711999999941,10854275314,rapids
river,117819235144,10854275314,rapids
river,-361529735999999941,10854275314,rapids
river,117819235132,10854275314,rapids
river,-362029093999999941,10854275314,rapids
river,117818985453,10854275314,rapids
river,-362041407999999941,10854275314,rapids
river,117818979296,10854275314,rapids
river,-362041417999999941,10854275314,rapids
river,117818979291,10854275314,rapids
river,-362066547999999941,10854275314,rapids
river,117818966726,10854275314,rapids
river,-362067309999999941,10854275314,rapids
river,117818966345,10854275314,rapids
river,-362067433999999941,10854275314,rapids
river,117818966283,10854275314,rapids
river,-362067899999999941,10854275314,rapids
river,117818966050,10854275314,rapids
river,-362069579999999941,10854275314,rapids
river,117818965210,10854275314,rapids
river,-362069583999999941,10854275314,rapids
river,117818965208,10854275314,rapids
river,-4824611999999941,10854275314,rapids
river,117997587694,10854275314,rapids
river,-4832151999999941,10854275314,rapids
river,117997583924,10854275314,rapids
portage,1150326570,10899461705,waterfall
river,-362571773999999864,10899461705,waterfall
river,271818714113,10899461705,waterfall
river,-362571835999999864,10899461705,waterfall
river,271818714082,10899461705,waterfall
portage,1167248754,180764851,dam
river,-165232233999999941,180764851,dam
river,117917383883,180764851,dam
river,-165232699999999941,180764851,dam
river,117917383650,180764851,dam
river,-361529585999999941,180764851,dam
river,117819235207,180764851,dam
river,-361529711999999941,180764851,dam
river,117819235144,180764851,dam
river,-361529735999999941,180764851,dam
river,117819235132,180764851,dam
river,-362029093999999941,180764851,dam
river,117818985453,180764851,dam
river,-362041407999999941,180764851,dam
river,117818979296,180764851,dam
river,-362041417999999941,180764851,dam
river,117818979291,180764851,dam
river,-362066547999999941,180764851,dam
river,117818966726,180764851,dam
river,-362067309999999941,180764851,dam
river,117818966345,180764851,dam
river,-362067433999999941,180764851,dam
river,117818966283,180764851,dam
river,-362067899999999941,180764851,dam
river,117818966050,180764851,dam
river,-362069579999999941,180764851,dam
river,117818965210,180764851,dam
river,-362069583999999941,180764851,dam
river,117818965208,180764851,dam
river,-4824611999999941,180764851,dam
river,117997587694,180764851,dam
river,-4832151999999941,180764851,dam
river,117997583924,180764851,dam
river,-161014093999999748,939163334,rapids
river,503919492953,939163334,rapids
river,-363876949999999748,939163334,rapids
river,503818061525,939163334,rapids
river,-2416945999999748,939163334,rapids
river,503998791527,939163334,rapids
portage,1150811637,939847577,dam
portage,1183777158,959637986,dam
river,-164900929999999616,959637986,dam
river,767917549535,959637986,dam
river,-164901053999999616,959637986,dam
river,767917549473,959637986,dam
river,-164903929999999616,959637986,dam
river,767917548035,959637986,dam
river,-164903979999999616,959637986,dam
river,767917548010,959637986,dam
portage,1183777155,959648841,dam
river,-164900929999999616,959648841,dam
river,767917549535,959648841,dam
river,-164901053999999616,959648841,dam
river,767917549473,959648841,dam
river,-164903929999999616,959648841,dam
river,767917548035,959648841,dam
river,-164903979999999616,959648841,dam
river,767917548010,959648841,dam
portage,1206158044,1776045326,waterfall
river,-332245253999999580,1776045326,waterfall
river,839833877373,1776045326,waterfall
river,-4427347999999580,1776045326,waterfall
river,839997786326,1776045326,waterfall
river,-4433121999999580,1776045326,waterfall
river,839997783439,1776045326,waterfall
river,-332152435999999580,1776045326,waterfall
river,839833923782,1776045326,waterfall
river,-332179985999999580,1776045326,waterfall
river,839833910007,1776045326,waterfall
river,-332180019999999580,1776045326,waterfall
river,839833909990,1776045326,waterfall
river,-332245153999999580,1776045326,waterfall
river,839833877423,1776045326,waterfall
river,-332245175999999580,1776045326,waterfall
river,839833877412,1776045326,waterfall
river,-332245507999999580,1776045326,waterfall
river,839833877246,1776045326,waterfall
river,-332245581999999580,1776045326,waterfall
river,839833877209,1776045326,waterfall
river,-332245585999999580,1776045326,waterfall
river,839833877207,1776045326,waterfall
river,-332250655999999580,1776045326,waterfall
river,839833874672,1776045326,waterfall
river,-332250675999999580,1776045326,waterfall
river,839833874662,1776045326,waterfall
river,-332366283999999580,1776045326,waterfall
river,839833816858,1776045326,waterfall
river,-2492921095999999580,1776045326,waterfall
river,838753539452,1776045326,waterfall
river,-4425749999999580,1776045326,waterfall
river,839997787125,1776045326,waterfall
river,-4425993999999580,1776045326,waterfall
river,839997787003,1776045326,waterfall
river,-4427331999999580,1776045326,waterfall
river,839997786334,1776045326,waterfall
river,-7083967999999580,1776045326,waterfall
river,839996458016,1776045326,waterfall
river,-12318879999999580,1776045326,waterfall
river,839993840560,1776045326,waterfall
river,-18758703999999580,1776045326,waterfall
river,839990620648,1776045326,waterfall
portage,1153088372,1776047226,waterfall
river,-332245253999999580,1776047226,waterfall
river,839833877373,1776047226,waterfall
river,-4427347999999580,1776047226,waterfall
river,839997786326,1776047226,waterfall
river,-4433121999999580,1776047226,waterfall
river,839997783439,1776047226,waterfall
river,-332152435999999580,1776047226,waterfall
river,839833923782,1776047226,waterfall
river,-332179985999999580,1776047226,waterfall
river,839833910007,1776047226,waterfall
river,-332180019999999580,1776047226,waterfall
river,839833909990,1776047226,waterfall
river,-332245153999999580,1776047226,waterfall
river,839833877423,1776047226,waterfall
river,-332245175999999580,1776047226,waterfall
river,839833877412,1776047226,waterfall
river,-332245507999999580,1776047226,waterfall
river,839833877246,1776047226,waterfall
river,-332245581999999580,1776047226,waterfall
river,839833877209,1776047226,waterfall
river,-332245585999999580,1776047226,waterfall
river,839833877207,1776047226,waterfall
river,-332250655999999580,1776047226,waterfall
river,839833874672,1776047226,waterfall
river,-332250675999999580,1776047226,waterfall
river,839833874662,1776047226,waterfall
river,-332366283999999580,1776047226,waterfall
river,839833816858,1776047226,waterfall
river,-2492921095999999580,1776047226,waterfall
river,838753539452,1776047226,waterfall
river,-4425749999999580,1776047226,waterfall
river,839997787125,1776047226,waterfall
river,-4425993999999580,1776047226,waterfall
river,839997787003,1776047226,waterfall
river,-4427331999999580,1776047226,waterfall
river,839997786334,1776047226,waterfall
river,-7083967999999580,1776047226,waterfall
river,839996458016,1776047226,waterfall
river,-12318879999999580,1776047226,waterfall
river,839993840560,1776047226,waterfall
river,-18758703999999580,1776047226,waterfall
river,839990620648,1776047226,waterfall
portage,979914839,1777670714,dam
portage,75366384,1912251736,dam
portage,75366701,1918079025,rapids
portage,1150243884,1918079025,rapids
river,-12926951999999540,1918079025,rapids
river,919993536524,1918079025,rapids
river,-4838315999999540,1918079025,rapids
river,919997580842,1918079025,rapids
river,-12926951999999540,1918079033,rapids
river,919993536524,1918079033,rapids
river,-4838315999999540,1918079033,rapids
river,919997580842,1918079033,rapids
portage,232367265,1919985031,waterfall
river,-2416945999999502,1922029730,waterfall
river,995998791527,1922029730,waterfall
river,-13099091999999502,1922029730,waterfall
river,995993450454,1922029730,waterfall
portage,1044542324,9611385342,waterfall
river,-161008585999999781,9611385342,waterfall
river,437919495707,9611385342,waterfall
river,-161015707999999781,9611385342,waterfall
river,437919492146,9611385342,waterfall
river,-12996511999999781,9611385342,waterfall
river,437993501744,9611385342,waterfall
river,-164900937999999627,82450532,dam
river,745917549531,82450532,dam
river,-164900975999999627,82450532,dam
river,745917549512,82450532,dam
river,-164901319999999627,82450532,dam
river,745917549340,82450532,dam
portage,980130749,181962225,dam
portage,1150011239,1171031272,dam
portage,1150011240,1171031272,dam
portage,1150011241,1171031272,dam
river,-116923423999999848,9593180211,waterfall
river,303941538288,9593180211,waterfall
river,-116924167999999848,9593180211,waterfall
river,303941537916,9593180211,waterfall
river,-116929561999999848,9593180211,waterfall
river,303941535219,9593180211,waterfall
river,-161131143999999848,9593180211,waterfall
river,303919434428,9593180211,waterfall
river,-161131173999999848,9593180211,waterfall
river,303919434413,9593180211,waterfall
river,-161131839999999848,9593180211,waterfall
river,303919434080,9593180211,waterfall
river,-161132027999999848,9593180211,waterfall
river,303919433986,9593180211,waterfall
river,-161132095999999848,9593180211,waterfall
river,303919433952,9593180211,waterfall
river,-161132147999999848,9593180211,waterfall
river,303919433926,9593180211,waterfall
river,-2084746177999999848,9593180211,waterfall
river,302957626911,9593180211,waterfall
river,-2301132653999999848,9593180211,waterfall
river,302849433673,9593180211,waterfall
river,-116922989999999848,9593180211,waterfall
river,303941538505,9593180211,waterfall
river,-116927349999999848,9593180211,waterfall
river,303941536325,9593180211,waterfall
river,-116931295999999848,9593180211,waterfall
river,303941534352,9593180211,waterfall
river,-2084746179999999848,9593180211,waterfall
river,302957626910,9593180211,waterfall
river,-3066465397999999848,9593180211,waterfall
river,302466767301,9593180211,waterfall
river,-7713099999999848,9593180211,waterfall
river,303996143450,9593180211,waterfall
portage,1152290237,915143939,rapids
river,-155695507999999385,915143939,rapids
river,1229922152246,915143939,rapids
river,-155695557999999385,915143939,rapids
river,1229922152221,915143939,rapids
river,-155695661999999385,915143939,rapids
river,1229922152169,915143939,rapids
river,-155695729999999385,915143939,rapids
river,1229922152135,915143939,rapids
river,-155695879999999385,915143939,rapids
river,1229922152060,915143939,rapids
river,-2360821999999385,915143939,rapids
river,1229998819589,915143939,rapids
river,-12925481999999385,915143939,rapids
river,1229993537259,915143939,rapids
portage,976130933,915180087,waterfall
river,-155695559999999382,915180087,waterfall
river,1235922152220,915180087,waterfall
river,-155698475999999382,915180087,waterfall
river,1235922150762,915180087,waterfall
river,-155698983999999382,915180087,waterfall
river,1235922150508,915180087,waterfall
river,-155698985999999382,915180087,waterfall
river,1235922150507,915180087,waterfall
river,-155699097999999382,915180087,waterfall
river,1235922150451,915180087,waterfall
river,-155699129999999382,915180087,waterfall
river,1235922150435,915180087,waterfall
river,-156336375999999382,915180087,waterfall
river,1235921831812,915180087,waterfall
river,-208372895999999382,915180087,waterfall
river,1235895813552,915180087,waterfall
river,-208374749999999382,915180087,waterfall
river,1235895812625,915180087,waterfall
river,-208374997999999382,915180087,waterfall
river,1235895812501,915180087,waterfall
river,-208439521999999382,915180087,waterfall
river,1235895780239,915180087,waterfall
river,-1952261879999999382,915180087,waterfall
river,1235023869060,915180087,waterfall
river,-2949727999999382,915180087,waterfall
river,1235998525136,915180087,waterfall
portage,976130939,915180297,waterfall
portage,1152782984,915183026,rapids
river,-2369074705999999374,915183026,rapids
river,1250815462647,915183026,rapids
river,-2360821999999374,915183026,rapids
river,1251998819589,915183026,rapids
river,-2361863999999374,915183026,rapids
river,1251998819068,915183026,rapids
river,-156066499999999989,916822065,dam
river,21921966750,916822065,dam
river,-156079601999999989,916822065,dam
river,21921960199,916822065,dam
river,-156080107999999989,916822065,dam
river,21921959946,916822065,dam
river,-156080133999999989,916822065,dam
river,21921959933,916822065,dam
river,-156080617999999989,916822065,dam
river,21921959691,916822065,dam
river,-2364333999999989,916822065,dam
river,21998817833,916822065,dam
river,-5996233999999989,916822065,dam
river,21997001883,916822065,dam
river,-208280805999999237,1201648597,waterfall
river,1525895859597,1201648597,waterfall
river,-208281161999999237,1201648597,waterfall
river,1525895859419,1201648597,waterfall
river,-208397637999999237,1201648597,waterfall
river,1525895801181,1201648597,waterfall
river,-208438863999999237,1201648597,waterfall
river,1525895780568,1201648597,waterfall
river,-208439959999999237,1201648597,waterfall
river,1525895780020,1201648597,waterfall
river,-208695457999999237,1201648597,waterfall
river,1525895652271,1201648597,waterfall
river,-208695711999999237,1201648597,waterfall
river,1525895652144,1201648597,waterfall
river,-208695877999999237,1201648597,waterfall
river,1525895652061,1201648597,waterfall
river,-208695895999999237,1201648597,waterfall
river,1525895652052,1201648597,waterfall
river,-211566741999999237,1201648597,waterfall
river,1525894216629,1201648597,waterfall
river,-208167641999999237,1201648597,waterfall
river,1525895916179,1201648597,waterfall
river,-208291049999999237,1201648597,waterfall
river,1525895854475,1201648597,waterfall
river,-5946371999999237,1201648597,waterfall
river,1525997026814,1201648597,waterfall
river,-208280805999999237,1202244547,rapids
river,1525895859597,1202244547,rapids
river,-208281161999999237,1202244547,rapids
river,1525895859419,1202244547,rapids
river,-208397637999999237,1202244547,rapids
river,1525895801181,1202244547,rapids
river,-208438863999999237,1202244547,rapids
river,1525895780568,1202244547,rapids
river,-208439959999999237,1202244547,rapids
river,1525895780020,1202244547,rapids
river,-208695457999999237,1202244547,rapids
river,1525895652271,1202244547,rapids
river,-208695711999999237,1202244547,rapids
river,1525895652144,1202244547,rapids
river,-208695877999999237,1202244547,rapids
river,1525895652061,1202244547,rapids
river,-208695895999999237,1202244547,rapids
river,1525895652052,1202244547,rapids
river,-211566741999999237,1202244547,rapids
river,1525894216629,1202244547,rapids
river,-208167641999999237,1202244547,rapids
river,1525895916179,1202244547,rapids
river,-208291049999999237,1202244547,rapids
river,1525895854475,1202244547,rapids
river,-5946371999999237,1202244547,rapids
river,1525997026814,1202244547,rapids
portage,1152504921,1218049774,rapids
portage,1152504919,1218058326,rapids
river,-208280805999999237,1218058326,rapids
river,1525895859597,1218058326,rapids
river,-208281161999999237,1218058326,rapids
river,1525895859419,1218058326,rapids
river,-208397637999999237,1218058326,rapids
river,1525895801181,1218058326,rapids
river,-208438863999999237,1218058326,rapids
river,1525895780568,1218058326,rapids
river,-208439959999999237,1218058326,rapids
river,1525895780020,1218058326,rapids
river,-208695457999999237,1218058326,rapids
river,1525895652271,1218058326,rapids
river,-208695711999999237,1218058326,rapids
river,1525895652144,1218058326,rapids
river,-208695877999999237,1218058326,rapids
river,1525895652061,1218058326,rapids
river,-208695895999999237,1218058326,rapids
river,1525895652052,1218058326,rapids
river,-211566741999999237,1218058326,rapids
river,1525894216629,1218058326,rapids
river,-208167641999999237,1218058326,rapids
river,1525895916179,1218058326,rapids
river,-208291049999999237,1218058326,rapids
river,1525895854475,1218058326,rapids
river,-5946371999999237,1218058326,rapids
river,1525997026814,1218058326,rapids
portage,1152504921,1218059701,rapids
portage,1158061699,13970267961,dam
river,-119362535999999466,13970267961,dam
river,1067940318732,13970267961,dam
river,-119545527999999466,13970267961,dam
river,1067940227236,13970267961,dam
river,-119550467999999466,13970267961,dam
river,1067940224766,13970267961,dam
river,-119677917999999466,13970267961,dam
river,1067940161041,13970267961,dam
river,-119686183999999466,13970267961,dam
river,1067940156908,13970267961,dam
river,-119754839999999466,13970267961,dam
river,1067940122580,13970267961,dam
river,-211613219999999466,13970267961,dam
river,1067894193390,13970267961,dam
river,-211613657999999466,13970267961,dam
river,1067894193171,13970267961,dam
portage,1152290238,77847703,rapids
river,-155695507999999385,77847703,rapids
river,1229922152246,77847703,rapids
river,-155695557999999385,77847703,rapids
river,1229922152221,77847703,rapids
river,-155695661999999385,77847703,rapids
river,1229922152169,77847703,rapids
river,-155695729999999385,77847703,rapids
river,1229922152135,77847703,rapids
river,-155695879999999385,77847703,rapids
river,1229922152060,77847703,rapids
river,-2360821999999385,77847703,rapids
river,1229998819589,77847703,rapids
river,-12925481999999385,77847703,rapids
river,1229993537259,77847703,rapids
portage,1152573274,104217830,rapids
portage,1152504945,104219402,dam
river,-119540289999999415,105783278,dam
river,1169940229855,105783278,dam
river,-119694935999999415,105783278,dam
river,1169940152532,105783278,dam
river,-211565717999999415,105783278,dam
river,1169894217141,105783278,dam
portage,365211295,105808732,weir
river,-5995841999999125,105808732,weir
river,1749997002079,105808732,weir
portage,74719541,1151278909,dam
river,-155695507999999385,1152290240,dam
river,1229922152246,1152290240,dam
river,-155695557999999385,1152290240,dam
river,1229922152221,1152290240,dam
river,-155695661999999385,1152290240,dam
river,1229922152169,1152290240,dam
river,-155695729999999385,1152290240,dam
river,1229922152135,1152290240,dam
river,-155695879999999385,1152290240,dam
river,1229922152060,1152290240,dam
river,-2360821999999385,1152290240,dam
river,1229998819589,1152290240,dam
river,-12925481999999385,1152290240,dam
river,1229993537259,1152290240,dam
portage,1152504921,1152504920,dam
portage,1097136420,1152504922,dam
river,-208439009999999170,1152504922,dam
river,1659895780495,1152504922,dam
river,-208439383999999170,1152504922,dam
river,1659895780308,1152504922,dam
river,-208439621999999170,1152504922,dam
river,1659895780189,1152504922,dam
river,-208439787999999170,1152504922,dam
river,1659895780106,1152504922,dam
river,-208439831999999170,1152504922,dam
river,1659895780084,1152504922,dam
river,-5980709999999170,1152504922,dam
river,1659997009645,1152504922,dam
river,-31154927999999170,1152504922,dam
river,1659984422536,1152504922,dam
river,-281584235999999009,885180263,dam
river,1981859207882,885180263,dam
river,-150806123999998884,890396777,rapids
river,2231924596938,890396777,rapids
river,-150806353999998884,890396777,rapids
river,2231924596823,890396777,rapids
river,-150806355999998884,890396777,rapids
river,2231924596822,890396777,rapids
river,-150806483999998884,890396777,rapids
river,2231924596758,890396777,rapids
river,-150806713999998884,890396777,rapids
river,2231924596643,890396777,rapids
river,-157204781999998884,890396777,rapids
river,2231921397609,890396777,rapids
river,-157262437999998884,890396777,rapids
river,2231921368781,890396777,rapids
river,-2312075999998884,890396777,rapids
river,2231998843962,890396777,rapids
river,-157204537999998884,890396777,rapids
river,2231921397731,890396777,rapids
river,-157204679999998884,890396777,rapids
river,2231921397660,890396777,rapids
river,-157204763999998884,890396777,rapids
river,2231921397618,890396777,rapids
river,-157204859999998884,890396777,rapids
river,2231921397570,890396777,rapids
river,-157205027999998884,890396777,rapids
river,2231921397486,890396777,rapids
river,-157205205999998884,890396777,rapids
river,2231921397397,890396777,rapids
river,-157205569999998884,890396777,rapids
river,2231921397215,890396777,rapids
river,-150806123999998884,922500113,rapids
river,2231924596938,922500113,rapids
river,-150806353999998884,922500113,rapids
river,2231924596823,922500113,rapids
river,-150806355999998884,922500113,rapids
river,2231924596822,922500113,rapids
river,-150806483999998884,922500113,rapids
river,2231924596758,922500113,rapids
river,-150806713999998884,922500113,rapids
river,2231924596643,922500113,rapids
river,-157204781999998884,922500113,rapids
river,2231921397609,922500113,rapids
river,-157262437999998884,922500113,rapids
river,2231921368781,922500113,rapids
river,-2312075999998884,922500113,rapids
river,2231998843962,922500113,rapids
river,-157204537999998884,922500113,rapids
river,2231921397731,922500113,rapids
river,-157204679999998884,922500113,rapids
river,2231921397660,922500113,rapids
river,-157204763999998884,922500113,rapids
river,2231921397618,922500113,rapids
river,-157204859999998884,922500113,rapids
river,2231921397570,922500113,rapids
river,-157205027999998884,922500113,rapids
river,2231921397486,922500113,rapids
river,-157205205999998884,922500113,rapids
river,2231921397397,922500113,rapids
river,-157205569999998884,922500113,rapids
river,2231921397215,922500113,rapids
river,-157262403999998789,922514222,dam
river,2421921368798,922514222,dam
river,-157262631999998789,922514222,dam
river,2421921368684,922514222,dam
river,-157262645999998789,922514222,dam
river,2421921368677,922514222,dam
river,-6758809999998789,922514222,dam
river,2421996620595,922514222,dam
portage,976161225,1201197446,rapids
river,-208164155999998755,1201197446,rapids
river,2489895917922,1201197446,rapids
river,-208164213999998755,1201197446,rapids
river,2489895917893,1201197446,rapids
river,-208164301999998755,1201197446,rapids
river,2489895917849,1201197446,rapids
river,-208164375999998755,1201197446,rapids
river,2489895917812,1201197446,rapids
river,-208164407999998755,1201197446,rapids
river,2489895917796,1201197446,rapids
river,-208164579999998755,1201197446,rapids
river,2489895917710,1201197446,rapids
river,-1952322443999998755,1201197446,rapids
river,2489023838778,1201197446,rapids
river,-1952322451999998755,1201197446,rapids
river,2489023838774,1201197446,rapids
river,-1952322459999998755,1201197446,rapids
river,2489023838770,1201197446,rapids
river,-5946373999998755,1201197446,rapids
river,2489997026813,1201197446,rapids
river,-26250329999998755,1201197446,rapids
river,2489986874835,1201197446,rapids
river,-208164155999998755,1201203825,rapids
river,2489895917922,1201203825,rapids
river,-208164213999998755,1201203825,rapids
river,2489895917893,1201203825,rapids
river,-208164301999998755,1201203825,rapids
river,2489895917849,1201203825,rapids
river,-208164375999998755,1201203825,rapids
river,2489895917812,1201203825,rapids
river,-208164407999998755,1201203825,rapids
river,2489895917796,1201203825,rapids
river,-208164579999998755,1201203825,rapids
river,2489895917710,1201203825,rapids
river,-1952322443999998755,1201203825,rapids
river,2489023838778,1201203825,rapids
river,-1952322451999998755,1201203825,rapids
river,2489023838774,1201203825,rapids
river,-1952322459999998755,1201203825,rapids
river,2489023838770,1201203825,rapids
river,-5946373999998755,1201203825,rapids
river,2489997026813,1201203825,rapids
river,-26250329999998755,1201203825,rapids
river,2489986874835,1201203825,rapids
river,-208164155999998755,1201207177,rapids
river,2489895917922,1201207177,rapids
river,-208164213999998755,1201207177,rapids
river,2489895917893,1201207177,rapids
river,-208164301999998755,1201207177,rapids
river,2489895917849,1201207177,rapids
river,-208164375999998755,1201207177,rapids
river,2489895917812,1201207177,rapids
river,-208164407999998755,1201207177,rapids
river,2489895917796,1201207177,rapids
river,-208164579999998755,1201207177,rapids
river,2489895917710,1201207177,rapids
river,-1952322443999998755,1201207177,rapids
river,2489023838778,1201207177,rapids
river,-1952322451999998755,1201207177,rapids
river,2489023838774,1201207177,rapids
river,-1952322459999998755,1201207177,rapids
river,2489023838770,1201207177,rapids
river,-5946373999998755,1201207177,rapids
river,2489997026813,1201207177,rapids
river,-26250329999998755,1201207177,rapids
river,2489986874835,1201207177,rapids
river,-208261521999998507,1201534445,rapids
river,2985895869239,1201534445,rapids
river,-2949733999998507,1201534445,rapids
river,2985998525133,1201534445,rapids
river,-12925475999998507,1201534445,rapids
river,2985993537262,1201534445,rapids
river,-208261521999998507,1201540412,dam
river,2985895869239,1201540412,dam
river,-2949733999998507,1201540412,dam
river,2985998525133,1201540412,dam
river,-12925475999998507,1201540412,dam
river,2985993537262,1201540412,dam
river,-208261521999998507,1201544644,rapids
river,2985895869239,1201544644,rapids
river,-2949733999998507,1201544644,rapids
river,2985998525133,1201544644,rapids
river,-12925475999998507,1201544644,rapids
river,2985993537262,1201544644,rapids
river,-208261521999998507,1201545711,rapids
river,2985895869239,1201545711,rapids
river,-2949733999998507,1201545711,rapids
river,2985998525133,1201545711,rapids
river,-12925475999998507,1201545711,rapids
river,2985993537262,1201545711,rapids
river,-208261521999998507,1201547110,rapids
river,2985895869239,1201547110,rapids
river,-2949733999998507,1201547110,rapids
river,2985998525133,1201547110,rapids
river,-12925475999998507,1201547110,rapids
river,2985993537262,1201547110,rapids
portage,1150243877,1776047243,rapids
portage,1150243878,1776047243,rapids
portage,1444087306,1776047243,rapids
river,-332245253999999580,1776047243,rapids
river,839833877373,1776047243,rapids
river,-4427347999999580,1776047243,rapids
river,839997786326,1776047243,rapids
river,-4433121999999580,1776047243,rapids
river,839997783439,1776047243,rapids
river,-332152435999999580,1776047243,rapids
river,839833923782,1776047243,rapids
river,-332179985999999580,1776047243,rapids
river,839833910007,1776047243,rapids
river,-332180019999999580,1776047243,rapids
river,839833909990,1776047243,rapids
river,-332245153999999580,1776047243,rapids
river,839833877423,1776047243,rapids
river,-332245175999999580,1776047243,rapids
river,839833877412,1776047243,rapids
river,-332245507999999580,1776047243,rapids
river,839833877246,1776047243,rapids
river,-332245581999999580,1776047243,rapids
river,839833877209,1776047243,rapids
river,-332245585999999580,1776047243,rapids
river,839833877207,1776047243,rapids
river,-332250655999999580,1776047243,rapids
river,839833874672,1776047243,rapids
river,-332250675999999580,1776047243,rapids
river,839833874662,1776047243,rapids
river,-332366283999999580,1776047243,rapids
river,839833816858,1776047243,rapids
river,-2492921095999999580,1776047243,rapids
river,838753539452,1776047243,rapids
river,-4425749999999580,1776047243,rapids
river,839997787125,1776047243,rapids
river,-4425993999999580,1776047243,rapids
river,839997787003,1776047243,rapids
river,-4427331999999580,1776047243,rapids
river,839997786334,1776047243,rapids
river,-7083967999999580,1776047243,rapids
river,839996458016,1776047243,rapids
river,-12318879999999580,1776047243,rapids
river,839993840560,1776047243,rapids
river,-18758703999999580,1776047243,rapids
river,839990620648,1776047243,rapids
portage,1150243877,1776047258,rapids
portage,1150243878,1776047258,rapids
portage,1444087306,1776047258,rapids
river,-332245253999999580,1776047258,rapids
river,839833877373,1776047258,rapids
river,-4427347999999580,1776047258,rapids
river,839997786326,1776047258,rapids
river,-4433121999999580,1776047258,rapids
river,839997783439,1776047258,rapids
river,-332152435999999580,1776047258,rapids
river,839833923782,1776047258,rapids
river,-332179985999999580,1776047258,rapids
river,839833910007,1776047258,rapids
river,-332180019999999580,1776047258,rapids
river,839833909990,1776047258,rapids
river,-332245153999999580,1776047258,rapids
river,839833877423,1776047258,rapids
river,-332245175999999580,1776047258,rapids
river,839833877412,1776047258,rapids
river,-332245507999999580,1776047258,rapids
river,839833877246,1776047258,rapids
river,-332245581999999580,1776047258,rapids
river,839833877209,1776047258,rapids
river,-332245585999999580,1776047258,rapids
river,839833877207,1776047258,rapids
river,-332250655999999580,1776047258,rapids
river,839833874672,1776047258,rapids
river,-332250675999999580,1776047258,rapids
river,839833874662,1776047258,rapids
river,-332366283999999580,1776047258,rapids
river,839833816858,1776047258,rapids
river,-2492921095999999580,1776047258,rapids
river,838753539452,1776047258,rapids
river,-4425749999999580,1776047258,rapids
river,839997787125,1776047258,rapids
river,-4425993999999580,1776047258,rapids
river,839997787003,1776047258,rapids
river,-4427331999999580,1776047258,rapids
river,839997786334,1776047258,rapids
river,-7083967999999580,1776047258,rapids
river,839996458016,1776047258,rapids
river,-12318879999999580,1776047258,rapids
river,839993840560,1776047258,rapids
river,-18758703999999580,1776047258,rapids
river,839990620648,1776047258,rapids
portage,1150243877,1776047263,rapids
portage,1150243878,1776047263,rapids
portage,1444087306,1776047263,rapids
river,-332245253999999580,1776047263,rapids
river,839833877373,1776047263,rapids
river,-4427347999999580,1776047263,rapids
river,839997786326,1776047263,rapids
river,-4433121999999580,1776047263,rapids
river,839997783439,1776047263,rapids
river,-332152435999999580,1776047263,rapids
river,839833923782,1776047263,rapids
river,-332179985999999580,1776047263,rapids
river,839833910007,1776047263,rapids
river,-332180019999999580,1776047263,rapids
river,839833909990,1776047263,rapids
river,-332245153999999580,1776047263,rapids
river,839833877423,1776047263,rapids
river,-332245175999999580,1776047263,rapids
river,839833877412,1776047263,rapids
river,-332245507999999580,1776047263,rapids
river,839833877246,1776047263,rapids
river,-332245581999999580,1776047263,rapids
river,839833877209,1776047263,rapids
river,-332245585999999580,1776047263,rapids
river,839833877207,1776047263,rapids
river,-332250655999999580,1776047263,rapids
river,839833874672,1776047263,rapids
river,-332250675999999580,1776047263,rapids
river,839833874662,1776047263,rapids
river,-332366283999999580,1776047263,rapids
river,839833816858,1776047263,rapids
river,-2492921095999999580,1776047263,rapids
river,838753539452,1776047263,rapids
river,-4425749999999580,1776047263,rapids
river,839997787125,1776047263,rapids
river,-4425993999999580,1776047263,rapids
river,839997787003,1776047263,rapids
river,-4427331999999580,1776047263,rapids
river,839997786334,1776047263,rapids
river,-7083967999999580,1776047263,rapids
river,839996458016,1776047263,rapids
river,-12318879999999580,1776047263,rapids
river,839993840560,1776047263,rapids
river,-18758703999999580,1776047263,rapids
river,839990620648,1776047263,rapids
portage,1150243877,1776047267,waterfall
portage,1150243878,1776047267,waterfall
portage,1444087306,1776047267,waterfall
river,-332245253999999580,1776047267,waterfall
river,839833877373,1776047267,waterfall
river,-4427347999999580,1776047267,waterfall
river,839997786326,1776047267,waterfall
river,-4433121999999580,1776047267,waterfall
river,839997783439,1776047267,waterfall
river,-332152435999999580,1776047267,waterfall
river,839833923782,1776047267,waterfall
river,-332179985999999580,1776047267,waterfall
river,839833910007,1776047267,waterfall
river,-332180019999999580,1776047267,waterfall
river,839833909990,1776047267,waterfall
river,-332245153999999580,1776047267,waterfall
river,839833877423,1776047267,waterfall
river,-332245175999999580,1776047267,waterfall
river,839833877412,1776047267,waterfall
river,-332245507999999580,1776047267,waterfall
river,839833877246,1776047267,waterfall
river,-332245581999999580,1776047267,waterfall
river,839833877209,1776047267,waterfall
river,-332245585999999580,1776047267,waterfall
river,839833877207,1776047267,waterfall
river,-332250655999999580,1776047267,waterfall
river,839833874672,1776047267,waterfall
river,-332250675999999580,1776047267,waterfall
river,839833874662,1776047267,waterfall
river,-332366283999999580,1776047267,waterfall
river,839833816858,1776047267,waterfall
river,-2492921095999999580,1776047267,waterfall
river,838753539452,1776047267,waterfall
river,-4425749999999580,1776047267,waterfall
river,839997787125,1776047267,waterfall
river,-4425993999999580,1776047267,waterfall
river,839997787003,1776047267,waterfall
river,-4427331999999580,1776047267,waterfall
river,839997786334,1776047267,waterfall
river,-7083967999999580,1776047267,waterfall
river,839996458016,1776047267,waterfall
river,-12318879999999580,1776047267,waterfall
river,839993840560,1776047267,waterfall
river,-18758703999999580,1776047267,waterfall
river,839990620648,1776047267,waterfall
portage,1150243878,1776047271,rapids
portage,1444087306,1776047271,rapids
river,-332245253999999580,1776047271,rapids
river,839833877373,1776047271,rapids
river,-4427347999999580,1776047271,rapids
river,839997786326,1776047271,rapids
river,-4433121999999580,1776047271,rapids
river,839997783439,1776047271,rapids
river,-332152435999999580,1776047271,rapids
river,839833923782,1776047271,rapids
river,-332179985999999580,1776047271,rapids
river,839833910007,1776047271,rapids
river,-332180019999999580,1776047271,rapids
river,839833909990,1776047271,rapids
river,-332245153999999580,1776047271,rapids
river,839833877423,1776047271,rapids
river,-332245175999999580,1776047271,rapids
river,839833877412,1776047271,rapids
river,-332245507999999580,1776047271,rapids
river,839833877246,1776047271,rapids
river,-332245581999999580,1776047271,rapids
river,839833877209,1776047271,rapids
river,-332245585999999580,1776047271,rapids
river,839833877207,1776047271,rapids
river,-332250655999999580,1776047271,rapids
river,839833874672,1776047271,rapids
river,-332250675999999580,1776047271,rapids
river,839833874662,1776047271,rapids
river,-332366283999999580,1776047271,rapids
river,839833816858,1776047271,rapids
river,-2492921095999999580,1776047271,rapids
river,838753539452,1776047271,rapids
river,-4425749999999580,1776047271,rapids
river,839997787125,1776047271,rapids
river,-4425993999999580,1776047271,rapids
river,839997787003,1776047271,rapids
river,-4427331999999580,1776047271,rapids
river,839997786334,1776047271,rapids
river,-7083967999999580,1776047271,rapids
river,839996458016,1776047271,rapids
river,-12318879999999580,1776047271,rapids
river,839993840560,1776047271,rapids
river,-18758703999999580,1776047271,rapids
river,839990620648,1776047271,rapids
portage,1150243878,1776047276,rapids
portage,1444087306,1776047276,rapids
river,-332245253999999580,1776047276,rapids
river,839833877373,1776047276,rapids
river,-4427347999999580,1776047276,rapids
river,839997786326,1776047276,rapids
river,-4433121999999580,1776047276,rapids
river,839997783439,1776047276,rapids
river,-332152435999999580,1776047276,rapids
river,839833923782,1776047276,rapids
river,-332179985999999580,1776047276,rapids
river,839833910007,1776047276,rapids
river,-332180019999999580,1776047276,rapids
river,839833909990,1776047276,rapids
river,-332245153999999580,1776047276,rapids
river,839833877423,1776047276,rapids
river,-332245175999999580,1776047276,rapids
river,839833877412,1776047276,rapids
river,-332245507999999580,1776047276,rapids
river,839833877246,1776047276,rapids
river,-332245581999999580,1776047276,rapids
river,839833877209,1776047276,rapids
river,-332245585999999580,1776047276,rapids
river,839833877207,1776047276,rapids
river,-332250655999999580,1776047276,rapids
river,839833874672,1776047276,rapids
river,-332250675999999580,1776047276,rapids
river,839833874662,1776047276,rapids
river,-332366283999999580,1776047276,rapids
river,839833816858,1776047276,rapids
river,-2492921095999999580,1776047276,rapids
river,838753539452,1776047276,rapids
river,-4425749999999580,1776047276,rapids
river,839997787125,1776047276,rapids
river,-4425993999999580,1776047276,rapids
river,839997787003,1776047276,rapids
river,-4427331999999580,1776047276,rapids
river,839997786334,1776047276,rapids
river,-7083967999999580,1776047276,rapids
river,839996458016,1776047276,rapids
river,-12318879999999580,1776047276,rapids
river,839993840560,1776047276,rapids
river,-18758703999999580,1776047276,rapids
river,839990620648,1776047276,rapids
portage,1153088353,7999535397,waterfall
portage,1153088355,7999535397,waterfall
river,-332245253999999580,7999535397,waterfall
river,839833877373,7999535397,waterfall
river,-4427347999999580,7999535397,waterfall
river,839997786326,7999535397,waterfall
river,-4433121999999580,7999535397,waterfall
river,839997783439,7999535397,waterfall
river,-332152435999999580,7999535397,waterfall
river,839833923782,7999535397,waterfall
river,-332179985999999580,7999535397,waterfall
river,839833910007,7999535397,waterfall
river,-332180019999999580,7999535397,waterfall
river,839833909990,7999535397,waterfall
river,-332245153999999580,7999535397,waterfall
river,839833877423,7999535397,waterfall
river,-332245175999999580,7999535397,waterfall
river,839833877412,7999535397,waterfall
river,-332245507999999580,7999535397,waterfall
river,839833877246,7999535397,waterfall
river,-332245581999999580,7999535397,waterfall
river,839833877209,7999535397,waterfall
river,-332245585999999580,7999535397,waterfall
river,839833877207,7999535397,waterfall
river,-332250655999999580,7999535397,waterfall
river,839833874672,7999535397,waterfall
river,-332250675999999580,7999535397,waterfall
river,839833874662,7999535397,waterfall
river,-332366283999999580,7999535397,waterfall
river,839833816858,7999535397,waterfall
river,-2492921095999999580,7999535397,waterfall
river,838753539452,7999535397,waterfall
river,-4425749999999580,7999535397,waterfall
river,839997787125,7999535397,waterfall
river,-4425993999999580,7999535397,waterfall
river,839997787003,7999535397,waterfall
river,-4427331999999580,7999535397,waterfall
river,839997786334,7999535397,waterfall
river,-7083967999999580,7999535397,waterfall
river,839996458016,7999535397,waterfall
river,-12318879999999580,7999535397,waterfall
river,839993840560,7999535397,waterfall
river,-18758703999999580,7999535397,waterfall
river,839990620648,7999535397,waterfall
portage,1182380887,7999535433,waterfall
river,-332245253999999580,7999535433,waterfall
river,839833877373,7999535433,waterfall
river,-4427347999999580,7999535433,waterfall
river,839997786326,7999535433,waterfall
river,-4433121999999580,7999535433,waterfall
river,839997783439,7999535433,waterfall
river,-332152435999999580,7999535433,waterfall
river,839833923782,7999535433,waterfall
river,-332179985999999580,7999535433,waterfall
river,839833910007,7999535433,waterfall
river,-332180019999999580,7999535433,waterfall
river,839833909990,7999535433,waterfall
river,-332245153999999580,7999535433,waterfall
river,839833877423,7999535433,waterfall
river,-332245175999999580,7999535433,waterfall
river,839833877412,7999535433,waterfall
river,-332245507999999580,7999535433,waterfall
river,839833877246,7999535433,waterfall
river,-332245581999999580,7999535433,waterfall
river,839833877209,7999535433,waterfall
river,-332245585999999580,7999535433,waterfall
river,839833877207,7999535433,waterfall
river,-332250655999999580,7999535433,waterfall
river,839833874672,7999535433,waterfall
river,-332250675999999580,7999535433,waterfall
river,839833874662,7999535433,waterfall
river,-332366283999999580,7999535433,waterfall
river,839833816858,7999535433,waterfall
river,-2492921095999999580,7999535433,waterfall
river,838753539452,7999535433,waterfall
river,-4425749999999580,7999535433,waterfall
river,839997787125,7999535433,waterfall
river,-4425993999999580,7999535433,waterfall
river,839997787003,7999535433,waterfall
river,-4427331999999580,7999535433,waterfall
river,839997786334,7999535433,waterfall
river,-7083967999999580,7999535433,waterfall
river,839996458016,7999535433,waterfall
river,-12318879999999580,7999535433,waterfall
river,839993840560,7999535433,waterfall
river,-18758703999999580,7999535433,waterfall
river,839990620648,7999535433,waterfall
portage,1152782939,8781161696,rapids
river,-321305357999998713,8781161696,rapids
river,2573839347321,8781161696,rapids
river,-321305461999998713,8781161696,rapids
river,2573839347269,8781161696,rapids
river,-4297733999998713,8781161696,rapids
river,2573997851133,8781161696,rapids
river,-13059267999998713,8781161696,rapids
river,2573993470366,8781161696,rapids
portage,1152782939,8781161697,rapids
river,-321305357999998713,8781161697,rapids
river,2573839347321,8781161697,rapids
river,-321305461999998713,8781161697,rapids
river,2573839347269,8781161697,rapids
river,-4297733999998713,8781161697,rapids
river,2573997851133,8781161697,rapids
river,-13059267999998713,8781161697,rapids
river,2573993470366,8781161697,rapids
portage,1189444056,8781218167,rapids
river,-150806989999998863,8781218167,rapids
river,2273924596505,8781218167,rapids
river,-150807051999998863,8781218167,rapids
river,2273924596474,8781218167,rapids
river,-150861801999998863,8781218167,rapids
river,2273924569099,8781218167,rapids
river,-157019725999998863,8781218167,rapids
river,2273921490137,8781218167,rapids
river,-157020079999998863,8781218167,rapids
river,2273921489960,8781218167,rapids
river,-157020113999998863,8781218167,rapids
river,2273921489943,8781218167,rapids
river,-157020923999998863,8781218167,rapids
river,2273921489538,8781218167,rapids
river,-360777639999998863,8781218167,rapids
river,2273819611180,8781218167,rapids
river,-360777955999998863,8781218167,rapids
river,2273819611022,8781218167,rapids
river,-4813351999998863,8781218167,rapids
river,2273997593324,8781218167,rapids
river,-4817631999998863,8781218167,rapids
river,2273997591184,8781218167,rapids
river,-4818833999998863,8781218167,rapids
river,2273997590583,8781218167,rapids
portage,1152782961,11005703279,rapids
river,-208272121999998505,11005703279,rapids
river,2989895863939,11005703279,rapids
river,-1952322471999998505,11005703279,rapids
river,2989023838764,11005703279,rapids
river,-26250331999998505,11005703279,rapids
river,2989986874834,11005703279,rapids
river,-150806989999998863,11044517437,rapids
river,2273924596505,11044517437,rapids
river,-150807051999998863,11044517437,rapids
river,2273924596474,11044517437,rapids
river,-150861801999998863,11044517437,rapids
river,2273924569099,11044517437,rapids
river,-157019725999998863,11044517437,rapids
river,2273921490137,11044517437,rapids
river,-157020079999998863,11044517437,rapids
river,2273921489960,11044517437,rapids
river,-157020113999998863,11044517437,rapids
river,2273921489943,11044517437,rapids
river,-157020923999998863,11044517437,rapids
river,2273921489538,11044517437,rapids
river,-360777639999998863,11044517437,rapids
river,2273819611180,11044517437,rapids
river,-360777955999998863,11044517437,rapids
river,2273819611022,11044517437,rapids
river,-4813351999998863,11044517437,rapids
river,2273997593324,11044517437,rapids
river,-4817631999998863,11044517437,rapids
river,2273997591184,11044517437,rapids
river,-4818833999998863,11044517437,rapids
river,2273997590583,11044517437,rapids
river,-150806123999998884,75403302,rapids
river,2231924596938,75403302,rapids
river,-150806353999998884,75403302,rapids
river,2231924596823,75403302,rapids
river,-150806355999998884,75403302,rapids
river,2231924596822,75403302,rapids
river,-150806483999998884,75403302,rapids
river,2231924596758,75403302,rapids
river,-150806713999998884,75403302,rapids
river,2231924596643,75403302,rapids
river,-157204781999998884,75403302,rapids
river,2231921397609,75403302,rapids
river,-157262437999998884,75403302,rapids
river,2231921368781,75403302,rapids
river,-2312075999998884,75403302,rapids
river,2231998843962,75403302,rapids
river,-157204537999998884,75403302,rapids
river,2231921397731,75403302,rapids
river,-157204679999998884,75403302,rapids
river,2231921397660,75403302,rapids
river,-157204763999998884,75403302,rapids
river,2231921397618,75403302,rapids
river,-157204859999998884,75403302,rapids
river,2231921397570,75403302,rapids
river,-157205027999998884,75403302,rapids
river,2231921397486,75403302,rapids
river,-157205205999998884,75403302,rapids
river,2231921397397,75403302,rapids
river,-157205569999998884,75403302,rapids
river,2231921397215,75403302,rapids
river,-150806123999998884,78631168,rapids
river,2231924596938,78631168,rapids
river,-150806353999998884,78631168,rapids
river,2231924596823,78631168,rapids
river,-150806355999998884,78631168,rapids
river,2231924596822,78631168,rapids
river,-150806483999998884,78631168,rapids
river,2231924596758,78631168,rapids
river,-150806713999998884,78631168,rapids
river,2231924596643,78631168,rapids
river,-157204781999998884,78631168,rapids
river,2231921397609,78631168,rapids
river,-157262437999998884,78631168,rapids
river,2231921368781,78631168,rapids
river,-2312075999998884,78631168,rapids
river,2231998843962,78631168,rapids
river,-157204537999998884,78631168,rapids
river,2231921397731,78631168,rapids
river,-157204679999998884,78631168,rapids
river,2231921397660,78631168,rapids
river,-157204763999998884,78631168,rapids
river,2231921397618,78631168,rapids
river,-157204859999998884,78631168,rapids
river,2231921397570,78631168,rapids
river,-157205027999998884,78631168,rapids
river,2231921397486,78631168,rapids
river,-157205205999998884,78631168,rapids
river,2231921397397,78631168,rapids
river,-157205569999998884,78631168,rapids
river,2231921397215,78631168,rapids
river,-208164155999998755,104082147,rapids
river,2489895917922,104082147,rapids
river,-208164213999998755,104082147,rapids
river,2489895917893,104082147,rapids
river,-208164301999998755,104082147,rapids
river,2489895917849,104082147,rapids
river,-208164375999998755,104082147,rapids
river,2489895917812,104082147,rapids
river,-208164407999998755,104082147,rapids
river,2489895917796,104082147,rapids
river,-208164579999998755,104082147,rapids
river,2489895917710,104082147,rapids
river,-1952322443999998755,104082147,rapids
river,2489023838778,104082147,rapids
river,-1952322451999998755,104082147,rapids
river,2489023838774,104082147,rapids
river,-1952322459999998755,104082147,rapids
river,2489023838770,104082147,rapids
river,-5946373999998755,104082147,rapids
river,2489997026813,104082147,rapids
river,-26250329999998755,104082147,rapids
river,2489986874835,104082147,rapids
river,-321305357999998713,160652648,dam
river,2573839347321,160652648,dam
river,-321305461999998713,160652648,dam
river,2573839347269,160652648,dam
river,-4297733999998713,160652648,dam
river,2573997851133,160652648,dam
river,-13059267999998713,160652648,dam
river,2573993470366,160652648,dam
portage,1152782940,160652654,dam
river,-321305357999998713,160652654,dam
river,2573839347321,160652654,dam
river,-321305461999998713,160652654,dam
river,2573839347269,160652654,dam
river,-4297733999998713,160652654,dam
river,2573997851133,160652654,dam
river,-13059267999998713,160652654,dam
river,2573993470366,160652654,dam
portage,161484745,161484741,rapids
portage,161484745,161484742,rapids
portage,161484745,161484743,rapids
portage,161484745,161484744,rapids
portage,1182074006,161493812,dam
river,-150068583999998959,161493812,dam
river,2081924965708,161493812,dam
river,-150069353999998959,161493812,dam
river,2081924965323,161493812,dam
river,-150069359999998959,161493812,dam
river,2081924965320,161493812,dam
river,-150069407999998959,161493812,dam
river,2081924965296,161493812,dam
river,-150069409999998959,161493812,dam
river,2081924965295,161493812,dam
river,-150069651999998959,161493812,dam
river,2081924965174,161493812,dam
river,-150069655999998959,161493812,dam
river,2081924965172,161493812,dam
river,-156825057999998959,161493812,dam
river,2081921587471,161493812,dam
river,-156825317999998959,161493812,dam
river,2081921587341,161493812,dam
river,-156825321999998959,161493812,dam
river,2081921587339,161493812,dam
river,-322993053999998959,161493812,dam
river,2081838503473,161493812,dam
river,-322993055999998959,161493812,dam
river,2081838503472,161493812,dam
river,-322993061999998959,161493812,dam
river,2081838503469,161493812,dam
river,-322993065999998959,161493812,dam
river,2081838503467,161493812,dam
river,-322993171999998959,161493812,dam
river,2081838503414,161493812,dam
river,-322993197999998959,161493812,dam
river,2081838503401,161493812,dam
river,-2081191655999998959,161493812,dam
river,2080959404172,161493812,dam
river,-5948089999998959,161493812,dam
river,2081997025955,161493812,dam
river,-27855945999998959,161493812,dam
river,2081986072027,161493812,dam
river,-150068583999998959,161496597,rapids
river,2081924965708,161496597,rapids
river,-150069353999998959,161496597,rapids
river,2081924965323,161496597,rapids
river,-150069359999998959,161496597,rapids
river,2081924965320,161496597,rapids
river,-150069407999998959,161496597,rapids
river,2081924965296,161496597,rapids
river,-150069409999998959,161496597,rapids
river,2081924965295,161496597,rapids
river,-150069651999998959,161496597,rapids
river,2081924965174,161496597,rapids
river,-150069655999998959,161496597,rapids
river,2081924965172,161496597,rapids
river,-156825057999998959,161496597,rapids
river,2081921587471,161496597,rapids
river,-156825317999998959,161496597,rapids
river,2081921587341,161496597,rapids
river,-156825321999998959,161496597,rapids
river,2081921587339,161496597,rapids
river,-322993053999998959,161496597,rapids
river,2081838503473,161496597,rapids
river,-322993055999998959,161496597,rapids
river,2081838503472,161496597,rapids
river,-322993061999998959,161496597,rapids
river,2081838503469,161496597,rapids
river,-322993065999998959,161496597,rapids
river,2081838503467,161496597,rapids
river,-322993171999998959,161496597,rapids
river,2081838503414,161496597,rapids
river,-322993197999998959,161496597,rapids
river,2081838503401,161496597,rapids
river,-2081191655999998959,161496597,rapids
river,2080959404172,161496597,rapids
river,-5948089999998959,161496597,rapids
river,2081997025955,161496597,rapids
river,-27855945999998959,161496597,rapids
river,2081986072027,161496597,rapids
portage,1182607083,166078540,dam
river,-4429705999999020,166078540,dam
river,1959997785147,166078540,dam
river,-149775305999999020,166078540,dam
river,1959925112347,166078540,dam
river,-332157197999999020,166078540,dam
river,1959833921401,166078540,dam
river,-332158733999999020,166078540,dam
river,1959833920633,166078540,dam
river,-332615873999999020,166078540,dam
river,1959833692063,166078540,dam
river,-4425711999999020,166078540,dam
river,1959997787144,166078540,dam
river,-4425713999999020,166078540,dam
river,1959997787143,166078540,dam
river,-4425749999999020,166078540,dam
river,1959997787125,166078540,dam
river,-332245253999999580,166089964,rapids
river,839833877373,166089964,rapids
river,-4427347999999580,166089964,rapids
river,839997786326,166089964,rapids
river,-4433121999999580,166089964,rapids
river,839997783439,166089964,rapids
river,-332152435999999580,166089964,rapids
river,839833923782,166089964,rapids
river,-332179985999999580,166089964,rapids
river,839833910007,166089964,rapids
river,-332180019999999580,166089964,rapids
river,839833909990,166089964,rapids
river,-332245153999999580,166089964,rapids
river,839833877423,166089964,rapids
river,-332245175999999580,166089964,rapids
river,839833877412,166089964,rapids
river,-332245507999999580,166089964,rapids
river,839833877246,166089964,rapids
river,-332245581999999580,166089964,rapids
river,839833877209,166089964,rapids
river,-332245585999999580,166089964,rapids
river,839833877207,166089964,rapids
river,-332250655999999580,166089964,rapids
river,839833874672,166089964,rapids
river,-332250675999999580,166089964,rapids
river,839833874662,166089964,rapids
river,-332366283999999580,166089964,rapids
river,839833816858,166089964,rapids
river,-2492921095999999580,166089964,rapids
river,838753539452,166089964,rapids
river,-4425749999999580,166089964,rapids
river,839997787125,166089964,rapids
river,-4425993999999580,166089964,rapids
river,839997787003,166089964,rapids
river,-4427331999999580,166089964,rapids
river,839997786334,166089964,rapids
river,-7083967999999580,166089964,rapids
river,839996458016,166089964,rapids
river,-12318879999999580,166089964,rapids
river,839993840560,166089964,rapids
river,-18758703999999580,166089964,rapids
river,839990620648,166089964,rapids
river,-332245253999999580,166089995,dam
river,839833877373,166089995,dam
river,-4427347999999580,166089995,dam
river,839997786326,166089995,dam
river,-4433121999999580,166089995,dam
river,839997783439,166089995,dam
river,-332152435999999580,166089995,dam
river,839833923782,166089995,dam
river,-332179985999999580,166089995,dam
river,839833910007,166089995,dam
river,-332180019999999580,166089995,dam
river,839833909990,166089995,dam
river,-332245153999999580,166089995,dam
river,839833877423,166089995,dam
river,-332245175999999580,166089995,dam
river,839833877412,166089995,dam
river,-332245507999999580,166089995,dam
river,839833877246,166089995,dam
river,-332245581999999580,166089995,dam
river,839833877209,166089995,dam
river,-332245585999999580,166089995,dam
river,839833877207,166089995,dam
river,-332250655999999580,166089995,dam
river,839833874672,166089995,dam
river,-332250675999999580,166089995,dam
river,839833874662,166089995,dam
river,-332366283999999580,166089995,dam
river,839833816858,166089995,dam
river,-2492921095999999580,166089995,dam
river,838753539452,166089995,dam
river,-4425749999999580,166089995,dam
river,839997787125,166089995,dam
river,-4425993999999580,166089995,dam
river,839997787003,166089995,dam
river,-4427331999999580,166089995,dam
river,839997786334,166089995,dam
river,-7083967999999580,166089995,dam
river,839996458016,166089995,dam
river,-12318879999999580,166089995,dam
river,839993840560,166089995,dam
river,-18758703999999580,166089995,dam
river,839990620648,166089995,dam
river,-332245253999999580,166125334,dam
river,839833877373,166125334,dam
river,-4427347999999580,166125334,dam
river,839997786326,166125334,dam
river,-4433121999999580,166125334,dam
river,839997783439,166125334,dam
river,-332152435999999580,166125334,dam
river,839833923782,166125334,dam
river,-332179985999999580,166125334,dam
river,839833910007,166125334,dam
river,-332180019999999580,166125334,dam
river,839833909990,166125334,dam
river,-332245153999999580,166125334,dam
river,839833877423,166125334,dam
river,-332245175999999580,166125334,dam
river,839833877412,166125334,dam
river,-332245507999999580,166125334,dam
river,839833877246,166125334,dam
river,-332245581999999580,166125334,dam
river,839833877209,166125334,dam
river,-332245585999999580,166125334,dam
river,839833877207,166125334,dam
river,-332250655999999580,166125334,dam
river,839833874672,166125334,dam
river,-332250675999999580,166125334,dam
river,839833874662,166125334,dam
river,-332366283999999580,166125334,dam
river,839833816858,166125334,dam
river,-2492921095999999580,166125334,dam
river,838753539452,166125334,dam
river,-4425749999999580,166125334,dam
river,839997787125,166125334,dam
river,-4425993999999580,166125334,dam
river,839997787003,166125334,dam
river,-4427331999999580,166125334,dam
river,839997786334,166125334,dam
river,-7083967999999580,166125334,dam
river,839996458016,166125334,dam
river,-12318879999999580,166125334,dam
river,839993840560,166125334,dam
river,-18758703999999580,166125334,dam
river,839990620648,166125334,dam
portage,161484745,175820297,rapids
portage,1186118527,180388674,rapids
river,-150806989999998863,180388674,rapids
river,2273924596505,180388674,rapids
river,-150807051999998863,180388674,rapids
river,2273924596474,180388674,rapids
river,-150861801999998863,180388674,rapids
river,2273924569099,180388674,rapids
river,-157019725999998863,180388674,rapids
river,2273921490137,180388674,rapids
river,-157020079999998863,180388674,rapids
river,2273921489960,180388674,rapids
river,-157020113999998863,180388674,rapids
river,2273921489943,180388674,rapids
river,-157020923999998863,180388674,rapids
river,2273921489538,180388674,rapids
river,-360777639999998863,180388674,rapids
river,2273819611180,180388674,rapids
river,-360777955999998863,180388674,rapids
river,2273819611022,180388674,rapids
river,-4813351999998863,180388674,rapids
river,2273997593324,180388674,rapids
river,-4817631999998863,180388674,rapids
river,2273997591184,180388674,rapids
river,-4818833999998863,180388674,rapids
river,2273997590583,180388674,rapids
portage,1186118527,180388675,rapids
river,-150806989999998863,180388675,rapids
river,2273924596505,180388675,rapids
river,-150807051999998863,180388675,rapids
river,2273924596474,180388675,rapids
river,-150861801999998863,180388675,rapids
river,2273924569099,180388675,rapids
river,-157019725999998863,180388675,rapids
river,2273921490137,180388675,rapids
river,-157020079999998863,180388675,rapids
river,2273921489960,180388675,rapids
river,-157020113999998863,180388675,rapids
river,2273921489943,180388675,rapids
river,-157020923999998863,180388675,rapids
river,2273921489538,180388675,rapids
river,-360777639999998863,180388675,rapids
river,2273819611180,180388675,rapids
river,-360777955999998863,180388675,rapids
river,2273819611022,180388675,rapids
river,-4813351999998863,180388675,rapids
river,2273997593324,180388675,rapids
river,-4817631999998863,180388675,rapids
river,2273997591184,180388675,rapids
river,-4818833999998863,180388675,rapids
river,2273997590583,180388675,rapids
portage,1186118527,180388676,rapids
river,-150806989999998863,180388676,rapids
river,2273924596505,180388676,rapids
river,-150807051999998863,180388676,rapids
river,2273924596474,180388676,rapids
river,-150861801999998863,180388676,rapids
river,2273924569099,180388676,rapids
river,-157019725999998863,180388676,rapids
river,2273921490137,180388676,rapids
river,-157020079999998863,180388676,rapids
river,2273921489960,180388676,rapids
river,-157020113999998863,180388676,rapids
river,2273921489943,180388676,rapids
river,-157020923999998863,180388676,rapids
river,2273921489538,180388676,rapids
river,-360777639999998863,180388676,rapids
river,2273819611180,180388676,rapids
river,-360777955999998863,180388676,rapids
river,2273819611022,180388676,rapids
river,-4813351999998863,180388676,rapids
river,2273997593324,180388676,rapids
river,-4817631999998863,180388676,rapids
river,2273997591184,180388676,rapids
river,-4818833999998863,180388676,rapids
river,2273997590583,180388676,rapids
portage,1153910382,180388677,rapids
portage,1153910382,180388678,rapids
portage,1153910382,180388679,rapids
portage,1153910382,180388680,rapids
river,-150806989999998863,180388680,rapids
river,2273924596505,180388680,rapids
river,-150807051999998863,180388680,rapids
river,2273924596474,180388680,rapids
river,-150861801999998863,180388680,rapids
river,2273924569099,180388680,rapids
river,-157019725999998863,180388680,rapids
river,2273921490137,180388680,rapids
river,-157020079999998863,180388680,rapids
river,2273921489960,180388680,rapids
river,-157020113999998863,180388680,rapids
river,2273921489943,180388680,rapids
river,-157020923999998863,180388680,rapids
river,2273921489538,180388680,rapids
river,-360777639999998863,180388680,rapids
river,2273819611180,180388680,rapids
river,-360777955999998863,180388680,rapids
river,2273819611022,180388680,rapids
river,-4813351999998863,180388680,rapids
river,2273997593324,180388680,rapids
river,-4817631999998863,180388680,rapids
river,2273997591184,180388680,rapids
river,-4818833999998863,180388680,rapids
river,2273997590583,180388680,rapids
portage,1153910382,180388681,rapids
river,-150806989999998863,180388681,rapids
river,2273924596505,180388681,rapids
river,-150807051999998863,180388681,rapids
river,2273924596474,180388681,rapids
river,-150861801999998863,180388681,rapids
river,2273924569099,180388681,rapids
river,-157019725999998863,180388681,rapids
river,2273921490137,180388681,rapids
river,-157020079999998863,180388681,rapids
river,2273921489960,180388681,rapids
river,-157020113999998863,180388681,rapids
river,2273921489943,180388681,rapids
river,-157020923999998863,180388681,rapids
river,2273921489538,180388681,rapids
river,-360777639999998863,180388681,rapids
river,2273819611180,180388681,rapids
river,-360777955999998863,180388681,rapids
river,2273819611022,180388681,rapids
river,-4813351999998863,180388681,rapids
river,2273997593324,180388681,rapids
river,-4817631999998863,180388681,rapids
river,2273997591184,180388681,rapids
river,-4818833999998863,180388681,rapids
river,2273997590583,180388681,rapids
portage,1153910382,180388682,rapids
river,-150806989999998863,180388682,rapids
river,2273924596505,180388682,rapids
river,-150807051999998863,180388682,rapids
river,2273924596474,180388682,rapids
river,-150861801999998863,180388682,rapids
river,2273924569099,180388682,rapids
river,-157019725999998863,180388682,rapids
river,2273921490137,180388682,rapids
river,-157020079999998863,180388682,rapids
river,2273921489960,180388682,rapids
river,-157020113999998863,180388682,rapids
river,2273921489943,180388682,rapids
river,-157020923999998863,180388682,rapids
river,2273921489538,180388682,rapids
river,-360777639999998863,180388682,rapids
river,2273819611180,180388682,rapids
river,-360777955999998863,180388682,rapids
river,2273819611022,180388682,rapids
river,-4813351999998863,180388682,rapids
river,2273997593324,180388682,rapids
river,-4817631999998863,180388682,rapids
river,2273997591184,180388682,rapids
river,-4818833999998863,180388682,rapids
river,2273997590583,180388682,rapids
portage,1153910380,180388684,rapids
river,-150806989999998863,180388684,rapids
river,2273924596505,180388684,rapids
river,-150807051999998863,180388684,rapids
river,2273924596474,180388684,rapids
river,-150861801999998863,180388684,rapids
river,2273924569099,180388684,rapids
river,-157019725999998863,180388684,rapids
river,2273921490137,180388684,rapids
river,-157020079999998863,180388684,rapids
river,2273921489960,180388684,rapids
river,-157020113999998863,180388684,rapids
river,2273921489943,180388684,rapids
river,-157020923999998863,180388684,rapids
river,2273921489538,180388684,rapids
river,-360777639999998863,180388684,rapids
river,2273819611180,180388684,rapids
river,-360777955999998863,180388684,rapids
river,2273819611022,180388684,rapids
river,-4813351999998863,180388684,rapids
river,2273997593324,180388684,rapids
river,-4817631999998863,180388684,rapids
river,2273997591184,180388684,rapids
river,-4818833999998863,180388684,rapids
river,2273997590583,180388684,rapids
portage,1153910380,180388685,rapids
river,-150806989999998863,180388685,rapids
river,2273924596505,180388685,rapids
river,-150807051999998863,180388685,rapids
river,2273924596474,180388685,rapids
river,-150861801999998863,180388685,rapids
river,2273924569099,180388685,rapids
river,-157019725999998863,180388685,rapids
river,2273921490137,180388685,rapids
river,-157020079999998863,180388685,rapids
river,2273921489960,180388685,rapids
river,-157020113999998863,180388685,rapids
river,2273921489943,180388685,rapids
river,-157020923999998863,180388685,rapids
river,2273921489538,180388685,rapids
river,-360777639999998863,180388685,rapids
river,2273819611180,180388685,rapids
river,-360777955999998863,180388685,rapids
river,2273819611022,180388685,rapids
river,-4813351999998863,180388685,rapids
river,2273997593324,180388685,rapids
river,-4817631999998863,180388685,rapids
river,2273997591184,180388685,rapids
river,-4818833999998863,180388685,rapids
river,2273997590583,180388685,rapids
river,-150806989999998863,180388686,rapids
river,2273924596505,180388686,rapids
river,-150807051999998863,180388686,rapids
river,2273924596474,180388686,rapids
river,-150861801999998863,180388686,rapids
river,2273924569099,180388686,rapids
river,-157019725999998863,180388686,rapids
river,2273921490137,180388686,rapids
river,-157020079999998863,180388686,rapids
river,2273921489960,180388686,rapids
river,-157020113999998863,180388686,rapids
river,2273921489943,180388686,rapids
river,-157020923999998863,180388686,rapids
river,2273921489538,180388686,rapids
river,-360777639999998863,180388686,rapids
river,2273819611180,180388686,rapids
river,-360777955999998863,180388686,rapids
river,2273819611022,180388686,rapids
river,-4813351999998863,180388686,rapids
river,2273997593324,180388686,rapids
river,-4817631999998863,180388686,rapids
river,2273997591184,180388686,rapids
river,-4818833999998863,180388686,rapids
river,2273997590583,180388686,rapids
river,-150806989999998863,180388688,rapids
river,2273924596505,180388688,rapids
river,-150807051999998863,180388688,rapids
river,2273924596474,180388688,rapids
river,-150861801999998863,180388688,rapids
river,2273924569099,180388688,rapids
river,-157019725999998863,180388688,rapids
river,2273921490137,180388688,rapids
river,-157020079999998863,180388688,rapids
river,2273921489960,180388688,rapids
river,-157020113999998863,180388688,rapids
river,2273921489943,180388688,rapids
river,-157020923999998863,180388688,rapids
river,2273921489538,180388688,rapids
river,-360777639999998863,180388688,rapids
river,2273819611180,180388688,rapids
river,-360777955999998863,180388688,rapids
river,2273819611022,180388688,rapids
river,-4813351999998863,180388688,rapids
river,2273997593324,180388688,rapids
river,-4817631999998863,180388688,rapids
river,2273997591184,180388688,rapids
river,-4818833999998863,180388688,rapids
river,2273997590583,180388688,rapids
river,-150806989999998863,180388689,rapids
river,2273924596505,180388689,rapids
river,-150807051999998863,180388689,rapids
river,2273924596474,180388689,rapids
river,-150861801999998863,180388689,rapids
river,2273924569099,180388689,rapids
river,-157019725999998863,180388689,rapids
river,2273921490137,180388689,rapids
river,-157020079999998863,180388689,rapids
river,2273921489960,180388689,rapids
river,-157020113999998863,180388689,rapids
river,2273921489943,180388689,rapids
river,-157020923999998863,180388689,rapids
river,2273921489538,180388689,rapids
river,-360777639999998863,180388689,rapids
river,2273819611180,180388689,rapids
river,-360777955999998863,180388689,rapids
river,2273819611022,180388689,rapids
river,-4813351999998863,180388689,rapids
river,2273997593324,180388689,rapids
river,-4817631999998863,180388689,rapids
river,2273997591184,180388689,rapids
river,-4818833999998863,180388689,rapids
river,2273997590583,180388689,rapids
river,-150806989999998863,180388690,rapids
river,2273924596505,180388690,rapids
river,-150807051999998863,180388690,rapids
river,2273924596474,180388690,rapids
river,-150861801999998863,180388690,rapids
river,2273924569099,180388690,rapids
river,-157019725999998863,180388690,rapids
river,2273921490137,180388690,rapids
river,-157020079999998863,180388690,rapids
river,2273921489960,180388690,rapids
river,-157020113999998863,180388690,rapids
river,2273921489943,180388690,rapids
river,-157020923999998863,180388690,rapids
river,2273921489538,180388690,rapids
river,-360777639999998863,180388690,rapids
river,2273819611180,180388690,rapids
river,-360777955999998863,180388690,rapids
river,2273819611022,180388690,rapids
river,-4813351999998863,180388690,rapids
river,2273997593324,180388690,rapids
river,-4817631999998863,180388690,rapids
river,2273997591184,180388690,rapids
river,-4818833999998863,180388690,rapids
river,2273997590583,180388690,rapids
river,-150806989999998863,180388691,rapids
river,2273924596505,180388691,rapids
river,-150807051999998863,180388691,rapids
river,2273924596474,180388691,rapids
river,-150861801999998863,180388691,rapids
river,2273924569099,180388691,rapids
river,-157019725999998863,180388691,rapids
river,2273921490137,180388691,rapids
river,-157020079999998863,180388691,rapids
river,2273921489960,180388691,rapids
river,-157020113999998863,180388691,rapids
river,2273921489943,180388691,rapids
river,-157020923999998863,180388691,rapids
river,2273921489538,180388691,rapids
river,-360777639999998863,180388691,rapids
river,2273819611180,180388691,rapids
river,-360777955999998863,180388691,rapids
river,2273819611022,180388691,rapids
river,-4813351999998863,180388691,rapids
river,2273997593324,180388691,rapids
river,-4817631999998863,180388691,rapids
river,2273997591184,180388691,rapids
river,-4818833999998863,180388691,rapids
river,2273997590583,180388691,rapids
river,-150806989999998863,180388692,rapids
river,2273924596505,180388692,rapids
river,-150807051999998863,180388692,rapids
river,2273924596474,180388692,rapids
river,-150861801999998863,180388692,rapids
river,2273924569099,180388692,rapids
river,-157019725999998863,180388692,rapids
river,2273921490137,180388692,rapids
river,-157020079999998863,180388692,rapids
river,2273921489960,180388692,rapids
river,-157020113999998863,180388692,rapids
river,2273921489943,180388692,rapids
river,-157020923999998863,180388692,rapids
river,2273921489538,180388692,rapids
river,-360777639999998863,180388692,rapids
river,2273819611180,180388692,rapids
river,-360777955999998863,180388692,rapids
river,2273819611022,180388692,rapids
river,-4813351999998863,180388692,rapids
river,2273997593324,180388692,rapids
river,-4817631999998863,180388692,rapids
river,2273997591184,180388692,rapids
river,-4818833999998863,180388692,rapids
river,2273997590583,180388692,rapids
river,-150806989999998863,180388693,rapids
river,2273924596505,180388693,rapids
river,-150807051999998863,180388693,rapids
river,2273924596474,180388693,rapids
river,-150861801999998863,180388693,rapids
river,2273924569099,180388693,rapids
river,-157019725999998863,180388693,rapids
river,2273921490137,180388693,rapids
river,-157020079999998863,180388693,rapids
river,2273921489960,180388693,rapids
river,-157020113999998863,180388693,rapids
river,2273921489943,180388693,rapids
river,-157020923999998863,180388693,rapids
river,2273921489538,180388693,rapids
river,-360777639999998863,180388693,rapids
river,2273819611180,180388693,rapids
river,-360777955999998863,180388693,rapids
river,2273819611022,180388693,rapids
river,-4813351999998863,180388693,rapids
river,2273997593324,180388693,rapids
river,-4817631999998863,180388693,rapids
river,2273997591184,180388693,rapids
river,-4818833999998863,180388693,rapids
river,2273997590583,180388693,rapids
river,-150806989999998863,180388694,rapids
river,2273924596505,180388694,rapids
river,-150807051999998863,180388694,rapids
river,2273924596474,180388694,rapids
river,-150861801999998863,180388694,rapids
river,2273924569099,180388694,rapids
river,-157019725999998863,180388694,rapids
river,2273921490137,180388694,rapids
river,-157020079999998863,180388694,rapids
river,2273921489960,180388694,rapids
river,-157020113999998863,180388694,rapids
river,2273921489943,180388694,rapids
river,-157020923999998863,180388694,rapids
river,2273921489538,180388694,rapids
river,-360777639999998863,180388694,rapids
river,2273819611180,180388694,rapids
river,-360777955999998863,180388694,rapids
river,2273819611022,180388694,rapids
river,-4813351999998863,180388694,rapids
river,2273997593324,180388694,rapids
river,-4817631999998863,180388694,rapids
river,2273997591184,180388694,rapids
river,-4818833999998863,180388694,rapids
river,2273997590583,180388694,rapids
portage,1153910380,180388695,rapids
river,-150806989999998863,180388695,rapids
river,2273924596505,180388695,rapids
river,-150807051999998863,180388695,rapids
river,2273924596474,180388695,rapids
river,-150861801999998863,180388695,rapids
river,2273924569099,180388695,rapids
river,-157019725999998863,180388695,rapids
river,2273921490137,180388695,rapids
river,-157020079999998863,180388695,rapids
river,2273921489960,180388695,rapids
river,-157020113999998863,180388695,rapids
river,2273921489943,180388695,rapids
river,-157020923999998863,180388695,rapids
river,2273921489538,180388695,rapids
river,-360777639999998863,180388695,rapids
river,2273819611180,180388695,rapids
river,-360777955999998863,180388695,rapids
river,2273819611022,180388695,rapids
river,-4813351999998863,180388695,rapids
river,2273997593324,180388695,rapids
river,-4817631999998863,180388695,rapids
river,2273997591184,180388695,rapids
river,-4818833999998863,180388695,rapids
river,2273997590583,180388695,rapids
portage,1153910380,180388696,rapids
river,-150806989999998863,180388696,rapids
river,2273924596505,180388696,rapids
river,-150807051999998863,180388696,rapids
river,2273924596474,180388696,rapids
river,-150861801999998863,180388696,rapids
river,2273924569099,180388696,rapids
river,-157019725999998863,180388696,rapids
river,2273921490137,180388696,rapids
river,-157020079999998863,180388696,rapids
river,2273921489960,180388696,rapids
river,-157020113999998863,180388696,rapids
river,2273921489943,180388696,rapids
river,-157020923999998863,180388696,rapids
river,2273921489538,180388696,rapids
river,-360777639999998863,180388696,rapids
river,2273819611180,180388696,rapids
river,-360777955999998863,180388696,rapids
river,2273819611022,180388696,rapids
river,-4813351999998863,180388696,rapids
river,2273997593324,180388696,rapids
river,-4817631999998863,180388696,rapids
river,2273997591184,180388696,rapids
river,-4818833999998863,180388696,rapids
river,2273997590583,180388696,rapids
portage,1153910380,180388698,rapids
river,-150806989999998863,180388698,rapids
river,2273924596505,180388698,rapids
river,-150807051999998863,180388698,rapids
river,2273924596474,180388698,rapids
river,-150861801999998863,180388698,rapids
river,2273924569099,180388698,rapids
river,-157019725999998863,180388698,rapids
river,2273921490137,180388698,rapids
river,-157020079999998863,180388698,rapids
river,2273921489960,180388698,rapids
river,-157020113999998863,180388698,rapids
river,2273921489943,180388698,rapids
river,-157020923999998863,180388698,rapids
river,2273921489538,180388698,rapids
river,-360777639999998863,180388698,rapids
river,2273819611180,180388698,rapids
river,-360777955999998863,180388698,rapids
river,2273819611022,180388698,rapids
river,-4813351999998863,180388698,rapids
river,2273997593324,180388698,rapids
river,-4817631999998863,180388698,rapids
river,2273997591184,180388698,rapids
river,-4818833999998863,180388698,rapids
river,2273997590583,180388698,rapids
portage,1153910380,180388699,rapids
river,-150806989999998863,180388699,rapids
river,2273924596505,180388699,rapids
river,-150807051999998863,180388699,rapids
river,2273924596474,180388699,rapids
river,-150861801999998863,180388699,rapids
river,2273924569099,180388699,rapids
river,-157019725999998863,180388699,rapids
river,2273921490137,180388699,rapids
river,-157020079999998863,180388699,rapids
river,2273921489960,180388699,rapids
river,-157020113999998863,180388699,rapids
river,2273921489943,180388699,rapids
river,-157020923999998863,180388699,rapids
river,2273921489538,180388699,rapids
river,-360777639999998863,180388699,rapids
river,2273819611180,180388699,rapids
river,-360777955999998863,180388699,rapids
river,2273819611022,180388699,rapids
river,-4813351999998863,180388699,rapids
river,2273997593324,180388699,rapids
river,-4817631999998863,180388699,rapids
river,2273997591184,180388699,rapids
river,-4818833999998863,180388699,rapids
river,2273997590583,180388699,rapids
portage,1152782939,1186118488,rapids
river,-321305357999998713,1186118488,rapids
river,2573839347321,1186118488,rapids
river,-321305461999998713,1186118488,rapids
river,2573839347269,1186118488,rapids
river,-4297733999998713,1186118488,rapids
river,2573997851133,1186118488,rapids
river,-13059267999998713,1186118488,rapids
river,2573993470366,1186118488,rapids
portage,1153910379,1189444057,dam
river,-150806989999998863,1189444057,dam
river,2273924596505,1189444057,dam
river,-150807051999998863,1189444057,dam
river,2273924596474,1189444057,dam
river,-150861801999998863,1189444057,dam
river,2273924569099,1189444057,dam
river,-157019725999998863,1189444057,dam
river,2273921490137,1189444057,dam
river,-157020079999998863,1189444057,dam
river,2273921489960,1189444057,dam
river,-157020113999998863,1189444057,dam
river,2273921489943,1189444057,dam
river,-157020923999998863,1189444057,dam
river,2273921489538,1189444057,dam
river,-360777639999998863,1189444057,dam
river,2273819611180,1189444057,dam
river,-360777955999998863,1189444057,dam
river,2273819611022,1189444057,dam
river,-4813351999998863,1189444057,dam
river,2273997593324,1189444057,dam
river,-4817631999998863,1189444057,dam
river,2273997591184,1189444057,dam
river,-4818833999998863,1189444057,dam
river,2273997590583,1189444057,dam
river,-4817631999998546,1189444057,dam
river,2907997591184,1189444057,dam
river,-150727855999998471,889738989,rapids
river,3057924636072,889738989,rapids
river,-150728275999998471,889738989,rapids
river,3057924635862,889738989,rapids
river,-150728307999998471,889738989,rapids
river,3057924635846,889738989,rapids
river,-157136491999998471,889738989,rapids
river,3057921431754,889738989,rapids
river,-157157137999998471,889738989,rapids
river,3057921421431,889738989,rapids
river,-157176379999998471,889738989,rapids
river,3057921411810,889738989,rapids
river,-2311287999998471,889738989,rapids
river,3057998844356,889738989,rapids
river,-2374893999998471,889738989,rapids
river,3057998812553,889738989,rapids
river,-157056149999998471,889738989,rapids
river,3057921471925,889738989,rapids
river,-157056633999998471,889738989,rapids
river,3057921471683,889738989,rapids
river,-157176205999998471,889738989,rapids
river,3057921411897,889738989,rapids
river,-157176459999998471,889738989,rapids
river,3057921411770,889738989,rapids
river,-157177559999998471,889738989,rapids
river,3057921411220,889738989,rapids
river,-1415688431999998471,889738989,rapids
river,3057292155784,889738989,rapids
river,-1415688601999998471,889738989,rapids
river,3057292155699,889738989,rapids
river,-1415688631999998471,889738989,rapids
river,3057292155684,889738989,rapids
river,-1415689297999998471,889738989,rapids
river,3057292155351,889738989,rapids
river,-1415690081999998471,889738989,rapids
river,3057292154959,889738989,rapids
river,-1415691279999998471,889738989,rapids
river,3057292154360,889738989,rapids
river,-19686877999998471,889738989,rapids
river,3057990156561,889738989,rapids
river,-150727855999998471,889739342,rapids
river,3057924636072,889739342,rapids
river,-150728275999998471,889739342,rapids
river,3057924635862,889739342,rapids
river,-150728307999998471,889739342,rapids
river,3057924635846,889739342,rapids
river,-157136491999998471,889739342,rapids
river,3057921431754,889739342,rapids
river,-157157137999998471,889739342,rapids
river,3057921421431,889739342,rapids
river,-157176379999998471,889739342,rapids
river,3057921411810,889739342,rapids
river,-2311287999998471,889739342,rapids
river,3057998844356,889739342,rapids
river,-2374893999998471,889739342,rapids
river,3057998812553,889739342,rapids
river,-157056149999998471,889739342,rapids
river,3057921471925,889739342,rapids
river,-157056633999998471,889739342,rapids
river,3057921471683,889739342,rapids
river,-157176205999998471,889739342,rapids
river,3057921411897,889739342,rapids
river,-157176459999998471,889739342,rapids
river,3057921411770,889739342,rapids
river,-157177559999998471,889739342,rapids
river,3057921411220,889739342,rapids
river,-1415688431999998471,889739342,rapids
river,3057292155784,889739342,rapids
river,-1415688601999998471,889739342,rapids
river,3057292155699,889739342,rapids
river,-1415688631999998471,889739342,rapids
river,3057292155684,889739342,rapids
river,-1415689297999998471,889739342,rapids
river,3057292155351,889739342,rapids
river,-1415690081999998471,889739342,rapids
river,3057292154959,889739342,rapids
river,-1415691279999998471,889739342,rapids
river,3057292154360,889739342,rapids
river,-19686877999998471,889739342,rapids
river,3057990156561,889739342,rapids
portage,1152782933,890314716,rapids
river,-4297733999998053,890314716,rapids
river,3893997851133,890314716,rapids
river,-150735317999998053,890314716,rapids
river,3893924632341,890314716,rapids
river,-150735449999998053,890314716,rapids
river,3893924632275,890314716,rapids
river,-2311287999998053,890314716,rapids
river,3893998844356,890314716,rapids
river,-4297733999998053,890314718,rapids
river,3893997851133,890314718,rapids
river,-150735317999998053,890314718,rapids
river,3893924632341,890314718,rapids
river,-150735449999998053,890314718,rapids
river,3893924632275,890314718,rapids
river,-2311287999998053,890314718,rapids
river,3893998844356,890314718,rapids
river,-4297733999998053,890314721,rapids
river,3893997851133,890314721,rapids
river,-150735317999998053,890314721,rapids
river,3893924632341,890314721,rapids
river,-150735449999998053,890314721,rapids
river,3893924632275,890314721,rapids
river,-2311287999998053,890314721,rapids
river,3893998844356,890314721,rapids
portage,1152782935,890314736,rapids
river,-4297733999998053,890314736,rapids
river,3893997851133,890314736,rapids
river,-150735317999998053,890314736,rapids
river,3893924632341,890314736,rapids
river,-150735449999998053,890314736,rapids
river,3893924632275,890314736,rapids
river,-2311287999998053,890314736,rapids
river,3893998844356,890314736,rapids
river,-4297733999998053,890314761,rapids
river,3893997851133,890314761,rapids
river,-150735317999998053,890314761,rapids
river,3893924632341,890314761,rapids
river,-150735449999998053,890314761,rapids
river,3893924632275,890314761,rapids
river,-2311287999998053,890314761,rapids
river,3893998844356,890314761,rapids
portage,1040595826,920240707,dam
river,-156830469999998416,920240707,dam
river,3167921584765,920240707,dam
river,-6752857999998416,920240707,dam
river,3167996623571,920240707,dam
river,-6752863999998416,920240707,dam
river,3167996623568,920240707,dam
river,-157156593999998370,921925464,rapids
river,3259921421703,921925464,rapids
river,-157157113999998370,921925464,rapids
river,3259921421443,921925464,rapids
river,-157115471999999476,1208096828,waterfall
river,1047921442264,1208096828,waterfall
river,-157115709999999476,1208096828,waterfall
river,1047921442145,1208096828,waterfall
river,-209496107999999476,1208096828,waterfall
river,1047895251946,1208096828,waterfall
river,-2965829999999476,1208096828,waterfall
river,1047998517085,1208096828,waterfall
river,-211736963999999476,1208096828,waterfall
river,1047894131518,1208096828,waterfall
portage,104802435,1208855594,waterfall
river,-209588997999998231,1208855594,waterfall
river,3537895205501,1208855594,waterfall
river,-209589321999998231,1208855594,waterfall
river,3537895205339,1208855594,waterfall
river,-209589359999998231,1208855594,waterfall
river,3537895205320,1208855594,waterfall
river,-209589795999998231,1208855594,waterfall
river,3537895205102,1208855594,waterfall
river,-209605009999998231,1208855594,waterfall
river,3537895197495,1208855594,waterfall
river,-209605095999998231,1208855594,waterfall
river,3537895197452,1208855594,waterfall
river,-209605205999998231,1208855594,waterfall
river,3537895197397,1208855594,waterfall
river,-209605387999998231,1208855594,waterfall
river,3537895197306,1208855594,waterfall
river,-209605439999998231,1208855594,waterfall
river,3537895197280,1208855594,waterfall
river,-209605489999998231,1208855594,waterfall
river,3537895197255,1208855594,waterfall
river,-209605739999998231,1208855594,waterfall
river,3537895197130,1208855594,waterfall
river,-209606463999998231,1208855594,waterfall
river,3537895196768,1208855594,waterfall
river,-209606805999998231,1208855594,waterfall
river,3537895196597,1208855594,waterfall
river,-211737075999998231,1208855594,waterfall
river,3537894131462,1208855594,waterfall
river,-211739703999998231,1208855594,waterfall
river,3537894130148,1208855594,waterfall
river,-211739853999998231,1208855594,waterfall
river,3537894130073,1208855594,waterfall
river,-964012345999998231,1208855594,waterfall
river,3537517993827,1208855594,waterfall
river,-2967653999998231,1208855594,waterfall
river,3537998516173,1208855594,waterfall
portage,1137099262,1208855609,waterfall
portage,1137099263,1208855609,waterfall
river,-209588997999998231,1208855609,waterfall
river,3537895205501,1208855609,waterfall
river,-209589321999998231,1208855609,waterfall
river,3537895205339,1208855609,waterfall
river,-209589359999998231,1208855609,waterfall
river,3537895205320,1208855609,waterfall
river,-209589795999998231,1208855609,waterfall
river,3537895205102,1208855609,waterfall
river,-209605009999998231,1208855609,waterfall
river,3537895197495,1208855609,waterfall
river,-209605095999998231,1208855609,waterfall
river,3537895197452,1208855609,waterfall
river,-209605205999998231,1208855609,waterfall
river,3537895197397,1208855609,waterfall
river,-209605387999998231,1208855609,waterfall
river,3537895197306,1208855609,waterfall
river,-209605439999998231,1208855609,waterfall
river,3537895197280,1208855609,waterfall
river,-209605489999998231,1208855609,waterfall
river,3537895197255,1208855609,waterfall
river,-209605739999998231,1208855609,waterfall
river,3537895197130,1208855609,waterfall
river,-209606463999998231,1208855609,waterfall
river,3537895196768,1208855609,waterfall
river,-209606805999998231,1208855609,waterfall
river,3537895196597,1208855609,waterfall
river,-211737075999998231,1208855609,waterfall
river,3537894131462,1208855609,waterfall
river,-211739703999998231,1208855609,waterfall
river,3537894130148,1208855609,waterfall
river,-211739853999998231,1208855609,waterfall
river,3537894130073,1208855609,waterfall
river,-964012345999998231,1208855609,waterfall
river,3537517993827,1208855609,waterfall
river,-2967653999998231,1208855609,waterfall
river,3537998516173,1208855609,waterfall
portage,1137099263,1208855796,rapids
river,-209588997999998231,1208855796,rapids
river,3537895205501,1208855796,rapids
river,-209589321999998231,1208855796,rapids
river,3537895205339,1208855796,rapids
river,-209589359999998231,1208855796,rapids
river,3537895205320,1208855796,rapids
river,-209589795999998231,1208855796,rapids
river,3537895205102,1208855796,rapids
river,-209605009999998231,1208855796,rapids
river,3537895197495,1208855796,rapids
river,-209605095999998231,1208855796,rapids
river,3537895197452,1208855796,rapids
river,-209605205999998231,1208855796,rapids
river,3537895197397,1208855796,rapids
river,-209605387999998231,1208855796,rapids
river,3537895197306,1208855796,rapids
river,-209605439999998231,1208855796,rapids
river,3537895197280,1208855796,rapids
river,-209605489999998231,1208855796,rapids
river,3537895197255,1208855796,rapids
river,-209605739999998231,1208855796,rapids
river,3537895197130,1208855796,rapids
river,-209606463999998231,1208855796,rapids
river,3537895196768,1208855796,rapids
river,-209606805999998231,1208855796,rapids
river,3537895196597,1208855796,rapids
river,-211737075999998231,1208855796,rapids
river,3537894131462,1208855796,rapids
river,-211739703999998231,1208855796,rapids
river,3537894130148,1208855796,rapids
river,-211739853999998231,1208855796,rapids
river,3537894130073,1208855796,rapids
river,-964012345999998231,1208855796,rapids
river,3537517993827,1208855796,rapids
river,-2967653999998231,1208855796,rapids
river,3537998516173,1208855796,rapids
portage,963056170,1208856014,weir
river,-211736413999998052,1219004933,rapids
river,3895894131793,1219004933,rapids
river,-211736743999998052,1219004933,rapids
river,3895894131628,1219004933,rapids
river,-211736967999998052,1219004933,rapids
river,3895894131516,1219004933,rapids
river,-2381880909999998052,1219004933,rapids
river,3894809059545,1219004933,rapids
river,-2381880911999998052,1219004933,rapids
river,3894809059544,1219004933,rapids
river,-30858479999998052,1219004933,rapids
river,3895984570760,1219004933,rapids
river,-211736413999998052,1219006224,rapids
river,3895894131793,1219006224,rapids
river,-211736743999998052,1219006224,rapids
river,3895894131628,1219006224,rapids
river,-211736967999998052,1219006224,rapids
river,3895894131516,1219006224,rapids
river,-2381880909999998052,1219006224,rapids
river,3894809059545,1219006224,rapids
river,-2381880911999998052,1219006224,rapids
river,3894809059544,1219006224,rapids
river,-30858479999998052,1219006224,rapids
river,3895984570760,1219006224,rapids
river,-211736413999998052,1219007699,rapids
river,3895894131793,1219007699,rapids
river,-211736743999998052,1219007699,rapids
river,3895894131628,1219007699,rapids
river,-211736967999998052,1219007699,rapids
river,3895894131516,1219007699,rapids
river,-2381880909999998052,1219007699,rapids
river,3894809059545,1219007699,rapids
river,-2381880911999998052,1219007699,rapids
river,3894809059544,1219007699,rapids
river,-30858479999998052,1219007699,rapids
river,3895984570760,1219007699,rapids
river,-211736413999998052,1219012527,rapids
river,3895894131793,1219012527,rapids
river,-211736743999998052,1219012527,rapids
river,3895894131628,1219012527,rapids
river,-211736967999998052,1219012527,rapids
river,3895894131516,1219012527,rapids
river,-2381880909999998052,1219012527,rapids
river,3894809059545,1219012527,rapids
river,-2381880911999998052,1219012527,rapids
river,3894809059544,1219012527,rapids
river,-30858479999998052,1219012527,rapids
river,3895984570760,1219012527,rapids
river,-211736413999998052,1219012895,rapids
river,3895894131793,1219012895,rapids
river,-211736743999998052,1219012895,rapids
river,3895894131628,1219012895,rapids
river,-211736967999998052,1219012895,rapids
river,3895894131516,1219012895,rapids
river,-2381880909999998052,1219012895,rapids
river,3894809059545,1219012895,rapids
river,-2381880911999998052,1219012895,rapids
river,3894809059544,1219012895,rapids
river,-30858479999998052,1219012895,rapids
river,3895984570760,1219012895,rapids
river,-211736413999998052,1219013557,rapids
river,3895894131793,1219013557,rapids
river,-211736743999998052,1219013557,rapids
river,3895894131628,1219013557,rapids
river,-211736967999998052,1219013557,rapids
river,3895894131516,1219013557,rapids
river,-2381880909999998052,1219013557,rapids
river,3894809059545,1219013557,rapids
river,-2381880911999998052,1219013557,rapids
river,3894809059544,1219013557,rapids
river,-30858479999998052,1219013557,rapids
river,3895984570760,1219013557,rapids
river,-211736413999998052,1219013727,waterfall
river,3895894131793,1219013727,waterfall
river,-211736743999998052,1219013727,waterfall
river,3895894131628,1219013727,waterfall
river,-211736967999998052,1219013727,waterfall
river,3895894131516,1219013727,waterfall
river,-2381880909999998052,1219013727,waterfall
river,3894809059545,1219013727,waterfall
river,-2381880911999998052,1219013727,waterfall
river,3894809059544,1219013727,waterfall
river,-30858479999998052,1219013727,waterfall
river,3895984570760,1219013727,waterfall
portage,1152782936,1726936082,rapids
river,-4297733999998053,1726936082,rapids
river,3893997851133,1726936082,rapids
river,-150735317999998053,1726936082,rapids
river,3893924632341,1726936082,rapids
river,-150735449999998053,1726936082,rapids
river,3893924632275,1726936082,rapids
river,-2311287999998053,1726936082,rapids
river,3893998844356,1726936082,rapids
river,-157115471999999476,7718525597,waterfall
river,1047921442264,7718525597,waterfall
river,-157115709999999476,7718525597,waterfall
river,1047921442145,7718525597,waterfall
river,-209496107999999476,7718525597,waterfall
river,1047895251946,7718525597,waterfall
river,-2965829999999476,7718525597,waterfall
river,1047998517085,7718525597,waterfall
river,-211736963999999476,7718525597,waterfall
river,1047894131518,7718525597,waterfall
river,-211736413999998052,10605064062,rapids
river,3895894131793,10605064062,rapids
river,-211736743999998052,10605064062,rapids
river,3895894131628,10605064062,rapids
river,-211736967999998052,10605064062,rapids
river,3895894131516,10605064062,rapids
river,-2381880909999998052,10605064062,rapids
river,3894809059545,10605064062,rapids
river,-2381880911999998052,10605064062,rapids
river,3894809059544,10605064062,rapids
river,-30858479999998052,10605064062,rapids
river,3895984570760,10605064062,rapids
portage,1137099262,10757726963,rapids
portage,1137099263,10757726963,rapids
river,-209588997999998231,10757726963,rapids
river,3537895205501,10757726963,rapids
river,-209589321999998231,10757726963,rapids
river,3537895205339,10757726963,rapids
river,-209589359999998231,10757726963,rapids
river,3537895205320,10757726963,rapids
river,-209589795999998231,10757726963,rapids
river,3537895205102,10757726963,rapids
river,-209605009999998231,10757726963,rapids
river,3537895197495,10757726963,rapids
river,-209605095999998231,10757726963,rapids
river,3537895197452,10757726963,rapids
river,-209605205999998231,10757726963,rapids
river,3537895197397,10757726963,rapids
river,-209605387999998231,10757726963,rapids
river,3537895197306,10757726963,rapids
river,-209605439999998231,10757726963,rapids
river,3537895197280,10757726963,rapids
river,-209605489999998231,10757726963,rapids
river,3537895197255,10757726963,rapids
river,-209605739999998231,10757726963,rapids
river,3537895197130,10757726963,rapids
river,-209606463999998231,10757726963,rapids
river,3537895196768,10757726963,rapids
river,-209606805999998231,10757726963,rapids
river,3537895196597,10757726963,rapids
river,-211737075999998231,10757726963,rapids
river,3537894131462,10757726963,rapids
river,-211739703999998231,10757726963,rapids
river,3537894130148,10757726963,rapids
river,-211739853999998231,10757726963,rapids
river,3537894130073,10757726963,rapids
river,-964012345999998231,10757726963,rapids
river,3537517993827,10757726963,rapids
river,-2967653999998231,10757726963,rapids
river,3537998516173,10757726963,rapids
portage,1137099263,10757726973,rapids
river,-209588997999998231,10757726973,rapids
river,3537895205501,10757726973,rapids
river,-209589321999998231,10757726973,rapids
river,3537895205339,10757726973,rapids
river,-209589359999998231,10757726973,rapids
river,3537895205320,10757726973,rapids
river,-209589795999998231,10757726973,rapids
river,3537895205102,10757726973,rapids
river,-209605009999998231,10757726973,rapids
river,3537895197495,10757726973,rapids
river,-209605095999998231,10757726973,rapids
river,3537895197452,10757726973,rapids
river,-209605205999998231,10757726973,rapids
river,3537895197397,10757726973,rapids
river,-209605387999998231,10757726973,rapids
river,3537895197306,10757726973,rapids
river,-209605439999998231,10757726973,rapids
river,3537895197280,10757726973,rapids
river,-209605489999998231,10757726973,rapids
river,3537895197255,10757726973,rapids
river,-209605739999998231,10757726973,rapids
river,3537895197130,10757726973,rapids
river,-209606463999998231,10757726973,rapids
river,3537895196768,10757726973,rapids
river,-209606805999998231,10757726973,rapids
river,3537895196597,10757726973,rapids
river,-211737075999998231,10757726973,rapids
river,3537894131462,10757726973,rapids
river,-211739703999998231,10757726973,rapids
river,3537894130148,10757726973,rapids
river,-211739853999998231,10757726973,rapids
river,3537894130073,10757726973,rapids
river,-964012345999998231,10757726973,rapids
river,3537517993827,10757726973,rapids
river,-2967653999998231,10757726973,rapids
river,3537998516173,10757726973,rapids
portage,1152782934,11044535735,rapids
river,-4297733999998053,11044535735,rapids
river,3893997851133,11044535735,rapids
river,-150735317999998053,11044535735,rapids
river,3893924632341,11044535735,rapids
river,-150735449999998053,11044535735,rapids
river,3893924632275,11044535735,rapids
river,-2311287999998053,11044535735,rapids
river,3893998844356,11044535735,rapids
river,-150727855999998471,75366607,rapids
river,3057924636072,75366607,rapids
river,-150728275999998471,75366607,rapids
river,3057924635862,75366607,rapids
river,-150728307999998471,75366607,rapids
river,3057924635846,75366607,rapids
river,-157136491999998471,75366607,rapids
river,3057921431754,75366607,rapids
river,-157157137999998471,75366607,rapids
river,3057921421431,75366607,rapids
river,-157176379999998471,75366607,rapids
river,3057921411810,75366607,rapids
river,-2311287999998471,75366607,rapids
river,3057998844356,75366607,rapids
river,-2374893999998471,75366607,rapids
river,3057998812553,75366607,rapids
river,-157056149999998471,75366607,rapids
river,3057921471925,75366607,rapids
river,-157056633999998471,75366607,rapids
river,3057921471683,75366607,rapids
river,-157176205999998471,75366607,rapids
river,3057921411897,75366607,rapids
river,-157176459999998471,75366607,rapids
river,3057921411770,75366607,rapids
river,-157177559999998471,75366607,rapids
river,3057921411220,75366607,rapids
river,-1415688431999998471,75366607,rapids
river,3057292155784,75366607,rapids
river,-1415688601999998471,75366607,rapids
river,3057292155699,75366607,rapids
river,-1415688631999998471,75366607,rapids
river,3057292155684,75366607,rapids
river,-1415689297999998471,75366607,rapids
river,3057292155351,75366607,rapids
river,-1415690081999998471,75366607,rapids
river,3057292154959,75366607,rapids
river,-1415691279999998471,75366607,rapids
river,3057292154360,75366607,rapids
river,-19686877999998471,75366607,rapids
river,3057990156561,75366607,rapids
river,-150727855999998471,75366611,rapids
river,3057924636072,75366611,rapids
river,-150728275999998471,75366611,rapids
river,3057924635862,75366611,rapids
river,-150728307999998471,75366611,rapids
river,3057924635846,75366611,rapids
river,-157136491999998471,75366611,rapids
river,3057921431754,75366611,rapids
river,-157157137999998471,75366611,rapids
river,3057921421431,75366611,rapids
river,-157176379999998471,75366611,rapids
river,3057921411810,75366611,rapids
river,-2311287999998471,75366611,rapids
river,3057998844356,75366611,rapids
river,-2374893999998471,75366611,rapids
river,3057998812553,75366611,rapids
river,-157056149999998471,75366611,rapids
river,3057921471925,75366611,rapids
river,-157056633999998471,75366611,rapids
river,3057921471683,75366611,rapids
river,-157176205999998471,75366611,rapids
river,3057921411897,75366611,rapids
river,-157176459999998471,75366611,rapids
river,3057921411770,75366611,rapids
river,-157177559999998471,75366611,rapids
river,3057921411220,75366611,rapids
river,-1415688431999998471,75366611,rapids
river,3057292155784,75366611,rapids
river,-1415688601999998471,75366611,rapids
river,3057292155699,75366611,rapids
river,-1415688631999998471,75366611,rapids
river,3057292155684,75366611,rapids
river,-1415689297999998471,75366611,rapids
river,3057292155351,75366611,rapids
river,-1415690081999998471,75366611,rapids
river,3057292154959,75366611,rapids
river,-1415691279999998471,75366611,rapids
river,3057292154360,75366611,rapids
river,-19686877999998471,75366611,rapids
river,3057990156561,75366611,rapids
river,-150727855999998471,75398226,rapids
river,3057924636072,75398226,rapids
river,-150728275999998471,75398226,rapids
river,3057924635862,75398226,rapids
river,-150728307999998471,75398226,rapids
river,3057924635846,75398226,rapids
river,-157136491999998471,75398226,rapids
river,3057921431754,75398226,rapids
river,-157157137999998471,75398226,rapids
river,3057921421431,75398226,rapids
river,-157176379999998471,75398226,rapids
river,3057921411810,75398226,rapids
river,-2311287999998471,75398226,rapids
river,3057998844356,75398226,rapids
river,-2374893999998471,75398226,rapids
river,3057998812553,75398226,rapids
river,-157056149999998471,75398226,rapids
river,3057921471925,75398226,rapids
river,-157056633999998471,75398226,rapids
river,3057921471683,75398226,rapids
river,-157176205999998471,75398226,rapids
river,3057921411897,75398226,rapids
river,-157176459999998471,75398226,rapids
river,3057921411770,75398226,rapids
river,-157177559999998471,75398226,rapids
river,3057921411220,75398226,rapids
river,-1415688431999998471,75398226,rapids
river,3057292155784,75398226,rapids
river,-1415688601999998471,75398226,rapids
river,3057292155699,75398226,rapids
river,-1415688631999998471,75398226,rapids
river,3057292155684,75398226,rapids
river,-1415689297999998471,75398226,rapids
river,3057292155351,75398226,rapids
river,-1415690081999998471,75398226,rapids
river,3057292154959,75398226,rapids
river,-1415691279999998471,75398226,rapids
river,3057292154360,75398226,rapids
river,-19686877999998471,75398226,rapids
river,3057990156561,75398226,rapids
portage,78412456,78412618,dam
river,-2372151999998055,78412618,dam
river,3889998813924,78412618,dam
river,-156824901999998055,78412618,dam
river,3889921587549,78412618,dam
river,-156825345999998055,78412618,dam
river,3889921587327,78412618,dam
portage,963056170,104802439,weir
portage,1137099259,1218957319,rapids
river,-209607775999998140,1218957319,rapids
river,3719895196112,1218957319,rapids
river,-211726935999998140,1218957319,rapids
river,3719894136532,1218957319,rapids
river,-211727011999998140,1218957319,rapids
river,3719894136494,1218957319,rapids
river,-211727355999998140,1218957319,rapids
river,3719894136322,1218957319,rapids
river,-211727499999998140,1218957319,rapids
river,3719894136250,1218957319,rapids
river,-211727529999998140,1218957319,rapids
river,3719894136235,1218957319,rapids
river,-211727679999998140,1218957319,rapids
river,3719894136160,1218957319,rapids
river,-211727929999998140,1218957319,rapids
river,3719894136035,1218957319,rapids
river,-211736477999998140,1218957319,rapids
river,3719894131761,1218957319,rapids
river,-211737001999998140,1218957319,rapids
river,3719894131499,1218957319,rapids
river,-211737313999998140,1218957319,rapids
river,3719894131343,1218957319,rapids
river,-871909173999998140,1218957319,rapids
river,3719564045413,1218957319,rapids
river,-871909177999998140,1218957319,rapids
river,3719564045411,1218957319,rapids
river,-871912741999998140,1218957319,rapids
river,3719564043629,1218957319,rapids
river,-871913355999998140,1218957319,rapids
river,3719564043322,1218957319,rapids
river,-871913457999998140,1218957319,rapids
river,3719564043271,1218957319,rapids
river,-871913627999998140,1218957319,rapids
river,3719564043186,1218957319,rapids
river,-871913689999998140,1218957319,rapids
river,3719564043155,1218957319,rapids
river,-872191323999998140,1218957319,rapids
river,3719563904338,1218957319,rapids
river,-872191345999998140,1218957319,rapids
river,3719563904327,1218957319,rapids
river,-872191355999998140,1218957319,rapids
river,3719563904322,1218957319,rapids
river,-872191357999998140,1218957319,rapids
river,3719563904321,1218957319,rapids
river,-1313485181999998140,1218957319,rapids
river,3719343257409,1218957319,rapids
river,-3013921999998140,1218957319,rapids
river,3719998493039,1218957319,rapids
river,-3014075999998140,1218957319,rapids
river,3719998492962,1218957319,rapids
river,-12948251999998140,1218957319,rapids
river,3719993525874,1218957319,rapids
river,-30858479999998140,1218957319,rapids
river,3719984570760,1218957319,rapids
portage,1137099272,1218957592,waterfall
river,-209607775999998140,1218957592,waterfall
river,3719895196112,1218957592,waterfall
river,-211726935999998140,1218957592,waterfall
river,3719894136532,1218957592,waterfall
river,-211727011999998140,1218957592,waterfall
river,3719894136494,1218957592,waterfall
river,-211727355999998140,1218957592,waterfall
river,3719894136322,1218957592,waterfall
river,-211727499999998140,1218957592,waterfall
river,3719894136250,1218957592,waterfall
river,-211727529999998140,1218957592,waterfall
river,3719894136235,1218957592,waterfall
river,-211727679999998140,1218957592,waterfall
river,3719894136160,1218957592,waterfall
river,-211727929999998140,1218957592,waterfall
river,3719894136035,1218957592,waterfall
river,-211736477999998140,1218957592,waterfall
river,3719894131761,1218957592,waterfall
river,-211737001999998140,1218957592,waterfall
river,3719894131499,1218957592,waterfall
river,-211737313999998140,1218957592,waterfall
river,3719894131343,1218957592,waterfall
river,-871909173999998140,1218957592,waterfall
river,3719564045413,1218957592,waterfall
river,-871909177999998140,1218957592,waterfall
river,3719564045411,1218957592,waterfall
river,-871912741999998140,1218957592,waterfall
river,3719564043629,1218957592,waterfall
river,-871913355999998140,1218957592,waterfall
river,3719564043322,1218957592,waterfall
river,-871913457999998140,1218957592,waterfall
river,3719564043271,1218957592,waterfall
river,-871913627999998140,1218957592,waterfall
river,3719564043186,1218957592,waterfall
river,-871913689999998140,1218957592,waterfall
river,3719564043155,1218957592,waterfall
river,-872191323999998140,1218957592,waterfall
river,3719563904338,1218957592,waterfall
river,-872191345999998140,1218957592,waterfall
river,3719563904327,1218957592,waterfall
river,-872191355999998140,1218957592,waterfall
river,3719563904322,1218957592,waterfall
river,-872191357999998140,1218957592,waterfall
river,3719563904321,1218957592,waterfall
river,-1313485181999998140,1218957592,waterfall
river,3719343257409,1218957592,waterfall
river,-3013921999998140,1218957592,waterfall
river,3719998493039,1218957592,waterfall
river,-3014075999998140,1218957592,waterfall
river,3719998492962,1218957592,waterfall
river,-12948251999998140,1218957592,waterfall
river,3719993525874,1218957592,waterfall
river,-30858479999998140,1218957592,waterfall
river,3719984570760,1218957592,waterfall
river,-209607775999998140,1218958735,rapids
river,3719895196112,1218958735,rapids
river,-211726935999998140,1218958735,rapids
river,3719894136532,1218958735,rapids
river,-211727011999998140,1218958735,rapids
river,3719894136494,1218958735,rapids
river,-211727355999998140,1218958735,rapids
river,3719894136322,1218958735,rapids
river,-211727499999998140,1218958735,rapids
river,3719894136250,1218958735,rapids
river,-211727529999998140,1218958735,rapids
river,3719894136235,1218958735,rapids
river,-211727679999998140,1218958735,rapids
river,3719894136160,1218958735,rapids
river,-211727929999998140,1218958735,rapids
river,3719894136035,1218958735,rapids
river,-211736477999998140,1218958735,rapids
river,3719894131761,1218958735,rapids
river,-211737001999998140,1218958735,rapids
river,3719894131499,1218958735,rapids
river,-211737313999998140,1218958735,rapids
river,3719894131343,1218958735,rapids
river,-871909173999998140,1218958735,rapids
river,3719564045413,1218958735,rapids
river,-871909177999998140,1218958735,rapids
river,3719564045411,1218958735,rapids
river,-871912741999998140,1218958735,rapids
river,3719564043629,1218958735,rapids
river,-871913355999998140,1218958735,rapids
river,3719564043322,1218958735,rapids
river,-871913457999998140,1218958735,rapids
river,3719564043271,1218958735,rapids
river,-871913627999998140,1218958735,rapids
river,3719564043186,1218958735,rapids
river,-871913689999998140,1218958735,rapids
river,3719564043155,1218958735,rapids
river,-872191323999998140,1218958735,rapids
river,3719563904338,1218958735,rapids
river,-872191345999998140,1218958735,rapids
river,3719563904327,1218958735,rapids
river,-872191355999998140,1218958735,rapids
river,3719563904322,1218958735,rapids
river,-872191357999998140,1218958735,rapids
river,3719563904321,1218958735,rapids
river,-1313485181999998140,1218958735,rapids
river,3719343257409,1218958735,rapids
river,-3013921999998140,1218958735,rapids
river,3719998493039,1218958735,rapids
river,-3014075999998140,1218958735,rapids
river,3719998492962,1218958735,rapids
river,-12948251999998140,1218958735,rapids
river,3719993525874,1218958735,rapids
river,-30858479999998140,1218958735,rapids
river,3719984570760,1218958735,rapids
river,-209607775999998140,1219003930,rapids
river,3719895196112,1219003930,rapids
river,-211726935999998140,1219003930,rapids
river,3719894136532,1219003930,rapids
river,-211727011999998140,1219003930,rapids
river,3719894136494,1219003930,rapids
river,-211727355999998140,1219003930,rapids
river,3719894136322,1219003930,rapids
river,-211727499999998140,1219003930,rapids
river,3719894136250,1219003930,rapids
river,-211727529999998140,1219003930,rapids
river,3719894136235,1219003930,rapids
river,-211727679999998140,1219003930,rapids
river,3719894136160,1219003930,rapids
river,-211727929999998140,1219003930,rapids
river,3719894136035,1219003930,rapids
river,-211736477999998140,1219003930,rapids
river,3719894131761,1219003930,rapids
river,-211737001999998140,1219003930,rapids
river,3719894131499,1219003930,rapids
river,-211737313999998140,1219003930,rapids
river,3719894131343,1219003930,rapids
river,-871909173999998140,1219003930,rapids
river,3719564045413,1219003930,rapids
river,-871909177999998140,1219003930,rapids
river,3719564045411,1219003930,rapids
river,-871912741999998140,1219003930,rapids
river,3719564043629,1219003930,rapids
river,-871913355999998140,1219003930,rapids
river,3719564043322,1219003930,rapids
river,-871913457999998140,1219003930,rapids
river,3719564043271,1219003930,rapids
river,-871913627999998140,1219003930,rapids
river,3719564043186,1219003930,rapids
river,-871913689999998140,1219003930,rapids
river,3719564043155,1219003930,rapids
river,-872191323999998140,1219003930,rapids
river,3719563904338,1219003930,rapids
river,-872191345999998140,1219003930,rapids
river,3719563904327,1219003930,rapids
river,-872191355999998140,1219003930,rapids
river,3719563904322,1219003930,rapids
river,-872191357999998140,1219003930,rapids
river,3719563904321,1219003930,rapids
river,-1313485181999998140,1219003930,rapids
river,3719343257409,1219003930,rapids
river,-3013921999998140,1219003930,rapids
river,3719998493039,1219003930,rapids
river,-3014075999998140,1219003930,rapids
river,3719998492962,1219003930,rapids
river,-12948251999998140,1219003930,rapids
river,3719993525874,1219003930,rapids
river,-30858479999998140,1219003930,rapids
river,3719984570760,1219003930,rapids
river,-211736441999998020,1219005388,rapids
river,3959894131779,1219005388,rapids
river,-211736383999998020,1219005388,rapids
river,3959894131808,1219005388,rapids
river,-211736487999998020,1219005388,rapids
river,3959894131756,1219005388,rapids
river,-964012433999998020,1219005388,rapids
river,3959517993783,1219005388,rapids
river,-30858479999998020,1219005388,rapids
river,3959984570760,1219005388,rapids
river,-211736441999998020,1219005692,rapids
river,3959894131779,1219005692,rapids
river,-211736383999998020,1219005692,rapids
river,3959894131808,1219005692,rapids
river,-211736487999998020,1219005692,rapids
river,3959894131756,1219005692,rapids
river,-964012433999998020,1219005692,rapids
river,3959517993783,1219005692,rapids
river,-30858479999998020,1219005692,rapids
river,3959984570760,1219005692,rapids
portage,105868701,1219009069,rapids
river,-211736441999998020,1219009069,rapids
river,3959894131779,1219009069,rapids
river,-211736383999998020,1219009069,rapids
river,3959894131808,1219009069,rapids
river,-211736487999998020,1219009069,rapids
river,3959894131756,1219009069,rapids
river,-964012433999998020,1219009069,rapids
river,3959517993783,1219009069,rapids
river,-30858479999998020,1219009069,rapids
river,3959984570760,1219009069,rapids
river,-211736413999998052,1219012604,rapids
river,3895894131793,1219012604,rapids
river,-211736743999998052,1219012604,rapids
river,3895894131628,1219012604,rapids
river,-211736967999998052,1219012604,rapids
river,3895894131516,1219012604,rapids
river,-2381880909999998052,1219012604,rapids
river,3894809059545,1219012604,rapids
river,-2381880911999998052,1219012604,rapids
river,3894809059544,1219012604,rapids
river,-30858479999998052,1219012604,rapids
river,3895984570760,1219012604,rapids
portage,105868701,1219012760,rapids
river,-211736441999998020,1219012760,rapids
river,3959894131779,1219012760,rapids
river,-211736383999998020,1219012760,rapids
river,3959894131808,1219012760,rapids
river,-211736487999998020,1219012760,rapids
river,3959894131756,1219012760,rapids
river,-964012433999998020,1219012760,rapids
river,3959517993783,1219012760,rapids
river,-30858479999998020,1219012760,rapids
river,3959984570760,1219012760,rapids
portage,105868701,10605064009,rapids
river,-211736441999998020,10605064009,rapids
river,3959894131779,10605064009,rapids
river,-211736383999998020,10605064009,rapids
river,3959894131808,10605064009,rapids
river,-211736487999998020,10605064009,rapids
river,3959894131756,10605064009,rapids
river,-964012433999998020,10605064009,rapids
river,3959517993783,10605064009,rapids
river,-30858479999998020,10605064009,rapids
river,3959984570760,10605064009,rapids
portage,105868701,10605064010,rapids
river,-211736441999998020,10605064010,rapids
river,3959894131779,10605064010,rapids
river,-211736383999998020,10605064010,rapids
river,3959894131808,10605064010,rapids
river,-211736487999998020,10605064010,rapids
river,3959894131756,10605064010,rapids
river,-964012433999998020,10605064010,rapids
river,3959517993783,10605064010,rapids
river,-30858479999998020,10605064010,rapids
river,3959984570760,10605064010,rapids
river,-211736441999998020,10605064013,rapids
river,3959894131779,10605064013,rapids
river,-211736383999998020,10605064013,rapids
river,3959894131808,10605064013,rapids
river,-211736487999998020,10605064013,rapids
river,3959894131756,10605064013,rapids
river,-964012433999998020,10605064013,rapids
river,3959517993783,10605064013,rapids
river,-30858479999998020,10605064013,rapids
river,3959984570760,10605064013,rapids
river,-211736441999998020,10605064023,rapids
river,3959894131779,10605064023,rapids
river,-211736383999998020,10605064023,rapids
river,3959894131808,10605064023,rapids
river,-211736487999998020,10605064023,rapids
river,3959894131756,10605064023,rapids
river,-964012433999998020,10605064023,rapids
river,3959517993783,10605064023,rapids
river,-30858479999998020,10605064023,rapids
river,3959984570760,10605064023,rapids
river,-119341061999997834,745215386,rapids
river,4331940329469,745215386,rapids
river,-119359291999997834,745215386,rapids
river,4331940320354,745215386,rapids
river,-119360049999997834,745215386,rapids
river,4331940319975,745215386,rapids
river,-119543113999997834,745215386,rapids
river,4331940228443,745215386,rapids
river,-119678961999997834,745215386,rapids
river,4331940160519,745215386,rapids
river,-119684551999997834,745215386,rapids
river,4331940157724,745215386,rapids
river,-213147829999997834,745215386,rapids
river,4331893426085,745215386,rapids
river,-213148453999997834,745215386,rapids
river,4331893425773,745215386,rapids
river,-213148671999997834,745215386,rapids
river,4331893425664,745215386,rapids
river,-322011429999997834,745215386,rapids
river,4331838994285,745215386,rapids
river,-1861437999997834,745215386,rapids
river,4331999069281,745215386,rapids
river,-5995871999997834,745215386,rapids
river,4331997002064,745215386,rapids
portage,974505250,745271042,rapids
river,-119286717999997764,745271042,rapids
river,4471940356641,745271042,rapids
river,-6761171999997764,745271042,rapids
river,4471996619414,745271042,rapids
river,-119286717999997764,745277942,rapids
river,4471940356641,745277942,rapids
river,-6761171999997764,745277942,rapids
river,4471996619414,745277942,rapids
river,-119341061999997834,745316836,rapids
river,4331940329469,745316836,rapids
river,-119359291999997834,745316836,rapids
river,4331940320354,745316836,rapids
river,-119360049999997834,745316836,rapids
river,4331940319975,745316836,rapids
river,-119543113999997834,745316836,rapids
river,4331940228443,745316836,rapids
river,-119678961999997834,745316836,rapids
river,4331940160519,745316836,rapids
river,-119684551999997834,745316836,rapids
river,4331940157724,745316836,rapids
river,-213147829999997834,745316836,rapids
river,4331893426085,745316836,rapids
river,-213148453999997834,745316836,rapids
river,4331893425773,745316836,rapids
river,-213148671999997834,745316836,rapids
river,4331893425664,745316836,rapids
river,-322011429999997834,745316836,rapids
river,4331838994285,745316836,rapids
river,-1861437999997834,745316836,rapids
river,4331999069281,745316836,rapids
river,-5995871999997834,745316836,rapids
river,4331997002064,745316836,rapids
river,-119341061999997834,1225951423,rapids
river,4331940329469,1225951423,rapids
river,-119359291999997834,1225951423,rapids
river,4331940320354,1225951423,rapids
river,-119360049999997834,1225951423,rapids
river,4331940319975,1225951423,rapids
river,-119543113999997834,1225951423,rapids
river,4331940228443,1225951423,rapids
river,-119678961999997834,1225951423,rapids
river,4331940160519,1225951423,rapids
river,-119684551999997834,1225951423,rapids
river,4331940157724,1225951423,rapids
river,-213147829999997834,1225951423,rapids
river,4331893426085,1225951423,rapids
river,-213148453999997834,1225951423,rapids
river,4331893425773,1225951423,rapids
river,-213148671999997834,1225951423,rapids
river,4331893425664,1225951423,rapids
river,-322011429999997834,1225951423,rapids
river,4331838994285,1225951423,rapids
river,-1861437999997834,1225951423,rapids
river,4331999069281,1225951423,rapids
river,-5995871999997834,1225951423,rapids
river,4331997002064,1225951423,rapids
river,-5995841999997713,1576292131,rapids
river,4573997002079,1576292131,rapids
river,-288097057999997713,1576292131,rapids
river,4573855951471,1576292131,rapids
river,-288097063999997713,1576292131,rapids
river,4573855951468,1576292131,rapids
river,-5995871999997713,1576292131,rapids
river,4573997002064,1576292131,rapids
river,-5995841999997713,1576292134,rapids
river,4573997002079,1576292134,rapids
river,-288097057999997713,1576292134,rapids
river,4573855951471,1576292134,rapids
river,-288097063999997713,1576292134,rapids
river,4573855951468,1576292134,rapids
river,-5995871999997713,1576292134,rapids
river,4573997002064,1576292134,rapids
river,-5995841999997713,1576292135,rapids
river,4573997002079,1576292135,rapids
river,-288097057999997713,1576292135,rapids
river,4573855951471,1576292135,rapids
river,-288097063999997713,1576292135,rapids
river,4573855951468,1576292135,rapids
river,-5995871999997713,1576292135,rapids
river,4573997002064,1576292135,rapids
portage,365211626,1576292138,rapids
river,-5995841999997713,1576292138,rapids
river,4573997002079,1576292138,rapids
river,-288097057999997713,1576292138,rapids
river,4573855951471,1576292138,rapids
river,-288097063999997713,1576292138,rapids
river,4573855951468,1576292138,rapids
river,-5995871999997713,1576292138,rapids
river,4573997002064,1576292138,rapids
portage,365211626,1576292140,rapids
river,-5995841999997713,1576292140,rapids
river,4573997002079,1576292140,rapids
river,-288097057999997713,1576292140,rapids
river,4573855951471,1576292140,rapids
river,-288097063999997713,1576292140,rapids
river,4573855951468,1576292140,rapids
river,-5995871999997713,1576292140,rapids
river,4573997002064,1576292140,rapids
portage,365211626,1576292142,rapids
river,-5995841999997713,1576292142,rapids
river,4573997002079,1576292142,rapids
river,-288097057999997713,1576292142,rapids
river,4573855951471,1576292142,rapids
river,-288097063999997713,1576292142,rapids
river,4573855951468,1576292142,rapids
river,-5995871999997713,1576292142,rapids
river,4573997002064,1576292142,rapids
river,-5995841999997713,1576292182,rapids
river,4573997002079,1576292182,rapids
river,-288097057999997713,1576292182,rapids
river,4573855951471,1576292182,rapids
river,-288097063999997713,1576292182,rapids
river,4573855951468,1576292182,rapids
river,-5995871999997713,1576292182,rapids
river,4573997002064,1576292182,rapids
river,-5995841999997713,1576292188,rapids
river,4573997002079,1576292188,rapids
river,-288097057999997713,1576292188,rapids
river,4573855951471,1576292188,rapids
river,-288097063999997713,1576292188,rapids
river,4573855951468,1576292188,rapids
river,-5995871999997713,1576292188,rapids
river,4573997002064,1576292188,rapids
river,-5995841999997713,1576292214,rapids
river,4573997002079,1576292214,rapids
river,-288097057999997713,1576292214,rapids
river,4573855951471,1576292214,rapids
river,-288097063999997713,1576292214,rapids
river,4573855951468,1576292214,rapids
river,-5995871999997713,1576292214,rapids
river,4573997002064,1576292214,rapids
river,-5995841999997713,1576292217,rapids
river,4573997002079,1576292217,rapids
river,-288097057999997713,1576292217,rapids
river,4573855951471,1576292217,rapids
river,-288097063999997713,1576292217,rapids
river,4573855951468,1576292217,rapids
river,-5995871999997713,1576292217,rapids
river,4573997002064,1576292217,rapids
river,-5995841999997713,1576292220,rapids
river,4573997002079,1576292220,rapids
river,-288097057999997713,1576292220,rapids
river,4573855951471,1576292220,rapids
river,-288097063999997713,1576292220,rapids
river,4573855951468,1576292220,rapids
river,-5995871999997713,1576292220,rapids
river,4573997002064,1576292220,rapids
portage,105508645,1576733799,rapids
river,-288677233999997693,1578809983,waterfall
river,4613855661383,1578809983,waterfall
river,-288677447999997693,1578809983,waterfall
river,4613855661276,1578809983,waterfall
river,-5995871999997693,1578809983,waterfall
river,4613997002064,1578809983,waterfall
portage,1219892182,1578810062,waterfall
river,-288677233999997693,1578810062,waterfall
river,4613855661383,1578810062,waterfall
river,-288677447999997693,1578810062,waterfall
river,4613855661276,1578810062,waterfall
river,-5995871999997693,1578810062,waterfall
river,4613997002064,1578810062,waterfall
portage,1152504884,1582700270,rapids
river,-289523121999997602,1582700270,rapids
river,4795855238439,1582700270,rapids
river,-289524479999997602,1582700270,rapids
river,4795855237760,1582700270,rapids
river,-289524695999997602,1582700270,rapids
river,4795855237652,1582700270,rapids
river,-289524751999997602,1582700270,rapids
river,4795855237624,1582700270,rapids
river,-3917115999997602,1582700270,rapids
river,4795998041442,1582700270,rapids
river,-6420237999997602,1582700270,rapids
river,4795996789881,1582700270,rapids
river,-289523121999997602,1582700281,rapids
river,4795855238439,1582700281,rapids
river,-289524479999997602,1582700281,rapids
river,4795855237760,1582700281,rapids
river,-289524695999997602,1582700281,rapids
river,4795855237652,1582700281,rapids
river,-289524751999997602,1582700281,rapids
river,4795855237624,1582700281,rapids
river,-3917115999997602,1582700281,rapids
river,4795998041442,1582700281,rapids
river,-6420237999997602,1582700281,rapids
river,4795996789881,1582700281,rapids
river,-213164705999997857,1583411155,waterfall
river,4285893417647,1583411155,waterfall
river,-289194643999997857,1583411155,waterfall
river,4285855402678,1583411155,waterfall
river,-289686351999997857,1583411155,waterfall
river,4285855156824,1583411155,waterfall
river,-3919097999997857,1583411155,waterfall
river,4285998040451,1583411155,waterfall
river,-5996037999997857,1583411155,waterfall
river,4285997001981,1583411155,waterfall
river,-6761169999997857,1583411155,waterfall
river,4285996619415,1583411155,waterfall
river,-213164705999997857,1583411160,waterfall
river,4285893417647,1583411160,waterfall
river,-289194643999997857,1583411160,waterfall
river,4285855402678,1583411160,waterfall
river,-289686351999997857,1583411160,waterfall
river,4285855156824,1583411160,waterfall
river,-3919097999997857,1583411160,waterfall
river,4285998040451,1583411160,waterfall
river,-5996037999997857,1583411160,waterfall
river,4285997001981,1583411160,waterfall
river,-6761169999997857,1583411160,waterfall
river,4285996619415,1583411160,waterfall
river,-213164705999997857,1583411164,waterfall
river,4285893417647,1583411164,waterfall
river,-289194643999997857,1583411164,waterfall
river,4285855402678,1583411164,waterfall
river,-289686351999997857,1583411164,waterfall
river,4285855156824,1583411164,waterfall
river,-3919097999997857,1583411164,waterfall
river,4285998040451,1583411164,waterfall
river,-5996037999997857,1583411164,waterfall
river,4285997001981,1583411164,waterfall
river,-6761169999997857,1583411164,waterfall
river,4285996619415,1583411164,waterfall
river,-213164705999997857,1583411178,waterfall
river,4285893417647,1583411178,waterfall
river,-289194643999997857,1583411178,waterfall
river,4285855402678,1583411178,waterfall
river,-289686351999997857,1583411178,waterfall
river,4285855156824,1583411178,waterfall
river,-3919097999997857,1583411178,waterfall
river,4285998040451,1583411178,waterfall
river,-5996037999997857,1583411178,waterfall
river,4285997001981,1583411178,waterfall
river,-6761169999997857,1583411178,waterfall
river,4285996619415,1583411178,waterfall
river,-213164705999997857,1583411183,waterfall
river,4285893417647,1583411183,waterfall
river,-289194643999997857,1583411183,waterfall
river,4285855402678,1583411183,waterfall
river,-289686351999997857,1583411183,waterfall
river,4285855156824,1583411183,waterfall
river,-3919097999997857,1583411183,waterfall
river,4285998040451,1583411183,waterfall
river,-5996037999997857,1583411183,waterfall
river,4285997001981,1583411183,waterfall
river,-6761169999997857,1583411183,waterfall
river,4285996619415,1583411183,waterfall
portage,1040642317,1583411186,waterfall
river,-213164705999997857,1583411186,waterfall
river,4285893417647,1583411186,waterfall
river,-289194643999997857,1583411186,waterfall
river,4285855402678,1583411186,waterfall
river,-289686351999997857,1583411186,waterfall
river,4285855156824,1583411186,waterfall
river,-3919097999997857,1583411186,waterfall
river,4285998040451,1583411186,waterfall
river,-5996037999997857,1583411186,waterfall
river,4285997001981,1583411186,waterfall
river,-6761169999997857,1583411186,waterfall
river,4285996619415,1583411186,waterfall
river,-288677233999997693,9018685948,waterfall
river,4613855661383,9018685948,waterfall
river,-288677447999997693,9018685948,waterfall
river,4613855661276,9018685948,waterfall
river,-5995871999997693,9018685948,waterfall
river,4613997002064,9018685948,waterfall
river,-119694901999997823,131304379,rapids
river,4353940152549,131304379,rapids
river,-3529475999997823,131304379,rapids
river,4353998235262,131304379,rapids
river,-3529475999997726,131304379,rapids
river,4547998235262,131304379,rapids
river,-5996037999997726,131304379,rapids
river,4547997001981,131304379,rapids
river,-3529475999997726,131304380,rapids
river,4547998235262,131304380,rapids
river,-5996037999997726,131304380,rapids
river,4547997001981,131304380,rapids
river,-3529475999997726,131304381,rapids
river,4547998235262,131304381,rapids
river,-5996037999997726,131304381,rapids
river,4547997001981,131304381,rapids
river,-119694901999997823,131304382,rapids
river,4353940152549,131304382,rapids
river,-3529475999997823,131304382,rapids
river,4353998235262,131304382,rapids
river,-3529475999997726,131304382,rapids
river,4547998235262,131304382,rapids
river,-5996037999997726,131304382,rapids
river,4547997001981,131304382,rapids
river,-3529475999997726,131304383,rapids
river,4547998235262,131304383,rapids
river,-5996037999997726,131304383,rapids
river,4547997001981,131304383,rapids
river,-3529475999997726,131304384,rapids
river,4547998235262,131304384,rapids
river,-5996037999997726,131304384,rapids
river,4547997001981,131304384,rapids
river,-3529475999997726,131304385,rapids
river,4547998235262,131304385,rapids
river,-5996037999997726,131304385,rapids
river,4547997001981,131304385,rapids
river,-3529475999997726,131304386,rapids
river,4547998235262,131304386,rapids
river,-5996037999997726,131304386,rapids
river,4547997001981,131304386,rapids
river,-3529475999997726,131304387,rapids
river,4547998235262,131304387,rapids
river,-5996037999997726,131304387,rapids
river,4547997001981,131304387,rapids
river,-119694901999997823,131304388,rapids
river,4353940152549,131304388,rapids
river,-3529475999997823,131304388,rapids
river,4353998235262,131304388,rapids
river,-3529475999997726,131304388,rapids
river,4547998235262,131304388,rapids
river,-5996037999997726,131304388,rapids
river,4547997001981,131304388,rapids
river,-3529475999997726,131304389,rapids
river,4547998235262,131304389,rapids
river,-5996037999997726,131304389,rapids
river,4547997001981,131304389,rapids
river,-3529475999997726,131304390,rapids
river,4547998235262,131304390,rapids
river,-5996037999997726,131304390,rapids
river,4547997001981,131304390,rapids
river,-288677233999997693,144338641,rapids
river,4613855661383,144338641,rapids
river,-288677447999997693,144338641,rapids
river,4613855661276,144338641,rapids
river,-5995871999997693,144338641,rapids
river,4613997002064,144338641,rapids
river,-288677233999997693,144338643,rapids
river,4613855661383,144338643,rapids
river,-288677447999997693,144338643,rapids
river,4613855661276,144338643,rapids
river,-5995871999997693,144338643,rapids
river,4613997002064,144338643,rapids
river,-288677233999997693,144338645,rapids
river,4613855661383,144338645,rapids
river,-288677447999997693,144338645,rapids
river,4613855661276,144338645,rapids
river,-5995871999997693,144338645,rapids
river,4613997002064,144338645,rapids
river,-288677233999997693,144338648,rapids
river,4613855661383,144338648,rapids
river,-288677447999997693,144338648,rapids
river,4613855661276,144338648,rapids
river,-5995871999997693,144338648,rapids
river,4613997002064,144338648,rapids
river,-288677233999997693,144338651,rapids
river,4613855661383,144338651,rapids
river,-288677447999997693,144338651,rapids
river,4613855661276,144338651,rapids
river,-5995871999997693,144338651,rapids
river,4613997002064,144338651,rapids
river,-288677233999997693,144338653,rapids
river,4613855661383,144338653,rapids
river,-288677447999997693,144338653,rapids
river,4613855661276,144338653,rapids
river,-5995871999997693,144338653,rapids
river,4613997002064,144338653,rapids
river,-288677233999997693,144338655,rapids
river,4613855661383,144338655,rapids
river,-288677447999997693,144338655,rapids
river,4613855661276,144338655,rapids
river,-5995871999997693,144338655,rapids
river,4613997002064,144338655,rapids
river,-288677233999997693,144338657,rapids
river,4613855661383,144338657,rapids
river,-288677447999997693,144338657,rapids
river,4613855661276,144338657,rapids
river,-5995871999997693,144338657,rapids
river,4613997002064,144338657,rapids
river,-288677233999997693,144338660,rapids
river,4613855661383,144338660,rapids
river,-288677447999997693,144338660,rapids
river,4613855661276,144338660,rapids
river,-5995871999997693,144338660,rapids
river,4613997002064,144338660,rapids
river,-3529475999997726,1388854555,weir
river,4547998235262,1388854555,weir
river,-5996037999997726,1388854555,weir
river,4547997001981,1388854555,weir
portage,78517288,921351353,rapids
river,-157033667999997540,921351353,rapids
river,4919921483166,921351353,rapids
river,-157033733999997540,921351353,rapids
river,4919921483133,921351353,rapids
river,-208167267999997540,921351353,rapids
river,4919895916366,921351353,rapids
river,-208167733999997540,921351353,rapids
river,4919895916133,921351353,rapids
river,-208167777999997540,921351353,rapids
river,4919895916111,921351353,rapids
river,-1952322431999997540,921351353,rapids
river,4919023838784,921351353,rapids
river,-2377921207999997540,921351353,rapids
river,4918811039396,921351353,rapids
river,-2948907999997540,921351353,rapids
river,4919998525546,921351353,rapids
river,-5946297999997540,921351353,rapids
river,4919997026851,921351353,rapids
river,-26250325999997540,921351353,rapids
river,4919986874837,921351353,rapids
river,-26250327999997540,921351353,rapids
river,4919986874836,921351353,rapids
river,-157034087999997545,921367549,rapids
river,4909921482956,921367549,rapids
river,-157034249999997545,921367549,rapids
river,4909921482875,921367549,rapids
river,-5946297999997545,921367549,rapids
river,4909997026851,921367549,rapids
river,-157034087999997545,921369382,rapids
river,4909921482956,921369382,rapids
river,-157034249999997545,921369382,rapids
river,4909921482875,921369382,rapids
river,-5946297999997545,921369382,rapids
river,4909997026851,921369382,rapids
river,-157034087999997545,921370803,rapids
river,4909921482956,921370803,rapids
river,-157034249999997545,921370803,rapids
river,4909921482875,921370803,rapids
river,-5946297999997545,921370803,rapids
river,4909997026851,921370803,rapids
river,-150806123999998884,922226965,rapids
river,2231924596938,922226965,rapids
river,-150806353999998884,922226965,rapids
river,2231924596823,922226965,rapids
river,-150806355999998884,922226965,rapids
river,2231924596822,922226965,rapids
river,-150806483999998884,922226965,rapids
river,2231924596758,922226965,rapids
river,-150806713999998884,922226965,rapids
river,2231924596643,922226965,rapids
river,-157204781999998884,922226965,rapids
river,2231921397609,922226965,rapids
river,-157262437999998884,922226965,rapids
river,2231921368781,922226965,rapids
river,-2312075999998884,922226965,rapids
river,2231998843962,922226965,rapids
river,-157204537999998884,922226965,rapids
river,2231921397731,922226965,rapids
river,-157204679999998884,922226965,rapids
river,2231921397660,922226965,rapids
river,-157204763999998884,922226965,rapids
river,2231921397618,922226965,rapids
river,-157204859999998884,922226965,rapids
river,2231921397570,922226965,rapids
river,-157205027999998884,922226965,rapids
river,2231921397486,922226965,rapids
river,-157205205999998884,922226965,rapids
river,2231921397397,922226965,rapids
river,-157205569999998884,922226965,rapids
river,2231921397215,922226965,rapids
portage,1153910366,922227905,dam
river,-150806123999998884,922227905,dam
river,2231924596938,922227905,dam
river,-150806353999998884,922227905,dam
river,2231924596823,922227905,dam
river,-150806355999998884,922227905,dam
river,2231924596822,922227905,dam
river,-150806483999998884,922227905,dam
river,2231924596758,922227905,dam
river,-150806713999998884,922227905,dam
river,2231924596643,922227905,dam
river,-157204781999998884,922227905,dam
river,2231921397609,922227905,dam
river,-157262437999998884,922227905,dam
river,2231921368781,922227905,dam
river,-2312075999998884,922227905,dam
river,2231998843962,922227905,dam
river,-157204537999998884,922227905,dam
river,2231921397731,922227905,dam
river,-157204679999998884,922227905,dam
river,2231921397660,922227905,dam
river,-157204763999998884,922227905,dam
river,2231921397618,922227905,dam
river,-157204859999998884,922227905,dam
river,2231921397570,922227905,dam
river,-157205027999998884,922227905,dam
river,2231921397486,922227905,dam
river,-157205205999998884,922227905,dam
river,2231921397397,922227905,dam
river,-157205569999998884,922227905,dam
river,2231921397215,922227905,dam
river,-150806123999998884,922230069,rapids
river,2231924596938,922230069,rapids
river,-150806353999998884,922230069,rapids
river,2231924596823,922230069,rapids
river,-150806355999998884,922230069,rapids
river,2231924596822,922230069,rapids
river,-150806483999998884,922230069,rapids
river,2231924596758,922230069,rapids
river,-150806713999998884,922230069,rapids
river,2231924596643,922230069,rapids
river,-157204781999998884,922230069,rapids
river,2231921397609,922230069,rapids
river,-157262437999998884,922230069,rapids
river,2231921368781,922230069,rapids
river,-2312075999998884,922230069,rapids
river,2231998843962,922230069,rapids
river,-157204537999998884,922230069,rapids
river,2231921397731,922230069,rapids
river,-157204679999998884,922230069,rapids
river,2231921397660,922230069,rapids
river,-157204763999998884,922230069,rapids
river,2231921397618,922230069,rapids
river,-157204859999998884,922230069,rapids
river,2231921397570,922230069,rapids
river,-157205027999998884,922230069,rapids
river,2231921397486,922230069,rapids
river,-157205205999998884,922230069,rapids
river,2231921397397,922230069,rapids
river,-157205569999998884,922230069,rapids
river,2231921397215,922230069,rapids
river,-157033667999997540,1201236642,rapids
river,4919921483166,1201236642,rapids
river,-157033733999997540,1201236642,rapids
river,4919921483133,1201236642,rapids
river,-208167267999997540,1201236642,rapids
river,4919895916366,1201236642,rapids
river,-208167733999997540,1201236642,rapids
river,4919895916133,1201236642,rapids
river,-208167777999997540,1201236642,rapids
river,4919895916111,1201236642,rapids
river,-1952322431999997540,1201236642,rapids
river,4919023838784,1201236642,rapids
river,-2377921207999997540,1201236642,rapids
river,4918811039396,1201236642,rapids
river,-2948907999997540,1201236642,rapids
river,4919998525546,1201236642,rapids
river,-5946297999997540,1201236642,rapids
river,4919997026851,1201236642,rapids
river,-26250325999997540,1201236642,rapids
river,4919986874837,1201236642,rapids
river,-26250327999997540,1201236642,rapids
river,4919986874836,1201236642,rapids
river,-157033667999997540,1201238426,rapids
river,4919921483166,1201238426,rapids
river,-157033733999997540,1201238426,rapids
river,4919921483133,1201238426,rapids
river,-208167267999997540,1201238426,rapids
river,4919895916366,1201238426,rapids
river,-208167733999997540,1201238426,rapids
river,4919895916133,1201238426,rapids
river,-208167777999997540,1201238426,rapids
river,4919895916111,1201238426,rapids
river,-1952322431999997540,1201238426,rapids
river,4919023838784,1201238426,rapids
river,-2377921207999997540,1201238426,rapids
river,4918811039396,1201238426,rapids
river,-2948907999997540,1201238426,rapids
river,4919998525546,1201238426,rapids
river,-5946297999997540,1201238426,rapids
river,4919997026851,1201238426,rapids
river,-26250325999997540,1201238426,rapids
river,4919986874837,1201238426,rapids
river,-26250327999997540,1201238426,rapids
river,4919986874836,1201238426,rapids
river,-157033667999997540,1201239392,rapids
river,4919921483166,1201239392,rapids
river,-157033733999997540,1201239392,rapids
river,4919921483133,1201239392,rapids
river,-208167267999997540,1201239392,rapids
river,4919895916366,1201239392,rapids
river,-208167733999997540,1201239392,rapids
river,4919895916133,1201239392,rapids
river,-208167777999997540,1201239392,rapids
river,4919895916111,1201239392,rapids
river,-1952322431999997540,1201239392,rapids
river,4919023838784,1201239392,rapids
river,-2377921207999997540,1201239392,rapids
river,4918811039396,1201239392,rapids
river,-2948907999997540,1201239392,rapids
river,4919998525546,1201239392,rapids
river,-5946297999997540,1201239392,rapids
river,4919997026851,1201239392,rapids
river,-26250325999997540,1201239392,rapids
river,4919986874837,1201239392,rapids
river,-26250327999997540,1201239392,rapids
river,4919986874836,1201239392,rapids
river,-157033667999997540,1201239689,rapids
river,4919921483166,1201239689,rapids
river,-157033733999997540,1201239689,rapids
river,4919921483133,1201239689,rapids
river,-208167267999997540,1201239689,rapids
river,4919895916366,1201239689,rapids
river,-208167733999997540,1201239689,rapids
river,4919895916133,1201239689,rapids
river,-208167777999997540,1201239689,rapids
river,4919895916111,1201239689,rapids
river,-1952322431999997540,1201239689,rapids
river,4919023838784,1201239689,rapids
river,-2377921207999997540,1201239689,rapids
river,4918811039396,1201239689,rapids
river,-2948907999997540,1201239689,rapids
river,4919998525546,1201239689,rapids
river,-5946297999997540,1201239689,rapids
river,4919997026851,1201239689,rapids
river,-26250325999997540,1201239689,rapids
river,4919986874837,1201239689,rapids
river,-26250327999997540,1201239689,rapids
river,4919986874836,1201239689,rapids
river,-157033667999997540,1201239853,rapids
river,4919921483166,1201239853,rapids
river,-157033733999997540,1201239853,rapids
river,4919921483133,1201239853,rapids
river,-208167267999997540,1201239853,rapids
river,4919895916366,1201239853,rapids
river,-208167733999997540,1201239853,rapids
river,4919895916133,1201239853,rapids
river,-208167777999997540,1201239853,rapids
river,4919895916111,1201239853,rapids
river,-1952322431999997540,1201239853,rapids
river,4919023838784,1201239853,rapids
river,-2377921207999997540,1201239853,rapids
river,4918811039396,1201239853,rapids
river,-2948907999997540,1201239853,rapids
river,4919998525546,1201239853,rapids
river,-5946297999997540,1201239853,rapids
river,4919997026851,1201239853,rapids
river,-26250325999997540,1201239853,rapids
river,4919986874837,1201239853,rapids
river,-26250327999997540,1201239853,rapids
river,4919986874836,1201239853,rapids
river,-157033667999997540,1201240208,rapids
river,4919921483166,1201240208,rapids
river,-157033733999997540,1201240208,rapids
river,4919921483133,1201240208,rapids
river,-208167267999997540,1201240208,rapids
river,4919895916366,1201240208,rapids
river,-208167733999997540,1201240208,rapids
river,4919895916133,1201240208,rapids
river,-208167777999997540,1201240208,rapids
river,4919895916111,1201240208,rapids
river,-1952322431999997540,1201240208,rapids
river,4919023838784,1201240208,rapids
river,-2377921207999997540,1201240208,rapids
river,4918811039396,1201240208,rapids
river,-2948907999997540,1201240208,rapids
river,4919998525546,1201240208,rapids
river,-5946297999997540,1201240208,rapids
river,4919997026851,1201240208,rapids
river,-26250325999997540,1201240208,rapids
river,4919986874837,1201240208,rapids
river,-26250327999997540,1201240208,rapids
river,4919986874836,1201240208,rapids
river,-157033667999997540,1201240531,rapids
river,4919921483166,1201240531,rapids
river,-157033733999997540,1201240531,rapids
river,4919921483133,1201240531,rapids
river,-208167267999997540,1201240531,rapids
river,4919895916366,1201240531,rapids
river,-208167733999997540,1201240531,rapids
river,4919895916133,1201240531,rapids
river,-208167777999997540,1201240531,rapids
river,4919895916111,1201240531,rapids
river,-1952322431999997540,1201240531,rapids
river,4919023838784,1201240531,rapids
river,-2377921207999997540,1201240531,rapids
river,4918811039396,1201240531,rapids
river,-2948907999997540,1201240531,rapids
river,4919998525546,1201240531,rapids
river,-5946297999997540,1201240531,rapids
river,4919997026851,1201240531,rapids
river,-26250325999997540,1201240531,rapids
river,4919986874837,1201240531,rapids
river,-26250327999997540,1201240531,rapids
river,4919986874836,1201240531,rapids
river,-157033667999997540,1201242749,rapids
river,4919921483166,1201242749,rapids
river,-157033733999997540,1201242749,rapids
river,4919921483133,1201242749,rapids
river,-208167267999997540,1201242749,rapids
river,4919895916366,1201242749,rapids
river,-208167733999997540,1201242749,rapids
river,4919895916133,1201242749,rapids
river,-208167777999997540,1201242749,rapids
river,4919895916111,1201242749,rapids
river,-1952322431999997540,1201242749,rapids
river,4919023838784,1201242749,rapids
river,-2377921207999997540,1201242749,rapids
river,4918811039396,1201242749,rapids
river,-2948907999997540,1201242749,rapids
river,4919998525546,1201242749,rapids
river,-5946297999997540,1201242749,rapids
river,4919997026851,1201242749,rapids
river,-26250325999997540,1201242749,rapids
river,4919986874837,1201242749,rapids
river,-26250327999997540,1201242749,rapids
river,4919986874836,1201242749,rapids
river,-157033667999997540,1201244407,rapids
river,4919921483166,1201244407,rapids
river,-157033733999997540,1201244407,rapids
river,4919921483133,1201244407,rapids
river,-208167267999997540,1201244407,rapids
river,4919895916366,1201244407,rapids
river,-208167733999997540,1201244407,rapids
river,4919895916133,1201244407,rapids
river,-208167777999997540,1201244407,rapids
river,4919895916111,1201244407,rapids
river,-1952322431999997540,1201244407,rapids
river,4919023838784,1201244407,rapids
river,-2377921207999997540,1201244407,rapids
river,4918811039396,1201244407,rapids
river,-2948907999997540,1201244407,rapids
river,4919998525546,1201244407,rapids
river,-5946297999997540,1201244407,rapids
river,4919997026851,1201244407,rapids
river,-26250325999997540,1201244407,rapids
river,4919986874837,1201244407,rapids
river,-26250327999997540,1201244407,rapids
river,4919986874836,1201244407,rapids
portage,974825067,1201245461,rapids
river,-157033667999997540,1201245461,rapids
river,4919921483166,1201245461,rapids
river,-157033733999997540,1201245461,rapids
river,4919921483133,1201245461,rapids
river,-208167267999997540,1201245461,rapids
river,4919895916366,1201245461,rapids
river,-208167733999997540,1201245461,rapids
river,4919895916133,1201245461,rapids
river,-208167777999997540,1201245461,rapids
river,4919895916111,1201245461,rapids
river,-1952322431999997540,1201245461,rapids
river,4919023838784,1201245461,rapids
river,-2377921207999997540,1201245461,rapids
river,4918811039396,1201245461,rapids
river,-2948907999997540,1201245461,rapids
river,4919998525546,1201245461,rapids
river,-5946297999997540,1201245461,rapids
river,4919997026851,1201245461,rapids
river,-26250325999997540,1201245461,rapids
river,4919986874837,1201245461,rapids
river,-26250327999997540,1201245461,rapids
river,4919986874836,1201245461,rapids
river,-157033667999997540,1201246318,rapids
river,4919921483166,1201246318,rapids
river,-157033733999997540,1201246318,rapids
river,4919921483133,1201246318,rapids
river,-208167267999997540,1201246318,rapids
river,4919895916366,1201246318,rapids
river,-208167733999997540,1201246318,rapids
river,4919895916133,1201246318,rapids
river,-208167777999997540,1201246318,rapids
river,4919895916111,1201246318,rapids
river,-1952322431999997540,1201246318,rapids
river,4919023838784,1201246318,rapids
river,-2377921207999997540,1201246318,rapids
river,4918811039396,1201246318,rapids
river,-2948907999997540,1201246318,rapids
river,4919998525546,1201246318,rapids
river,-5946297999997540,1201246318,rapids
river,4919997026851,1201246318,rapids
river,-26250325999997540,1201246318,rapids
river,4919986874837,1201246318,rapids
river,-26250327999997540,1201246318,rapids
river,4919986874836,1201246318,rapids
river,-157033667999997540,1201247788,rapids
river,4919921483166,1201247788,rapids
river,-157033733999997540,1201247788,rapids
river,4919921483133,1201247788,rapids
river,-208167267999997540,1201247788,rapids
river,4919895916366,1201247788,rapids
river,-208167733999997540,1201247788,rapids
river,4919895916133,1201247788,rapids
river,-208167777999997540,1201247788,rapids
river,4919895916111,1201247788,rapids
river,-1952322431999997540,1201247788,rapids
river,4919023838784,1201247788,rapids
river,-2377921207999997540,1201247788,rapids
river,4918811039396,1201247788,rapids
river,-2948907999997540,1201247788,rapids
river,4919998525546,1201247788,rapids
river,-5946297999997540,1201247788,rapids
river,4919997026851,1201247788,rapids
river,-26250325999997540,1201247788,rapids
river,4919986874837,1201247788,rapids
river,-26250327999997540,1201247788,rapids
river,4919986874836,1201247788,rapids
portage,973890285,1226062820,waterfall
river,-157033667999997540,1226126834,waterfall
river,4919921483166,1226126834,waterfall
river,-157033733999997540,1226126834,waterfall
river,4919921483133,1226126834,waterfall
river,-208167267999997540,1226126834,waterfall
river,4919895916366,1226126834,waterfall
river,-208167733999997540,1226126834,waterfall
river,4919895916133,1226126834,waterfall
river,-208167777999997540,1226126834,waterfall
river,4919895916111,1226126834,waterfall
river,-1952322431999997540,1226126834,waterfall
river,4919023838784,1226126834,waterfall
river,-2377921207999997540,1226126834,waterfall
river,4918811039396,1226126834,waterfall
river,-2948907999997540,1226126834,waterfall
river,4919998525546,1226126834,waterfall
river,-5946297999997540,1226126834,waterfall
river,4919997026851,1226126834,waterfall
river,-26250325999997540,1226126834,waterfall
river,4919986874837,1226126834,waterfall
river,-26250327999997540,1226126834,waterfall
river,4919986874836,1226126834,waterfall
portage,106602409,1226327960,rapids
river,-213204737999997448,1226327960,rapids
river,5103893397631,1226327960,rapids
river,-213205021999997448,1226327960,rapids
river,5103893397489,1226327960,rapids
river,-213205147999997448,1226327960,rapids
river,5103893397426,1226327960,rapids
river,-1361138639999997448,1226327960,rapids
river,5103319430680,1226327960,rapids
river,-3039799999997448,1226327960,rapids
river,5103998480100,1226327960,rapids
river,-18890275999997448,1226327960,rapids
river,5103990554862,1226327960,rapids
river,-32173923999997448,1226327960,rapids
river,5103983913038,1226327960,rapids
river,-213204737999997448,1226327992,rapids
river,5103893397631,1226327992,rapids
river,-213205021999997448,1226327992,rapids
river,5103893397489,1226327992,rapids
river,-213205147999997448,1226327992,rapids
river,5103893397426,1226327992,rapids
river,-1361138639999997448,1226327992,rapids
river,5103319430680,1226327992,rapids
river,-3039799999997448,1226327992,rapids
river,5103998480100,1226327992,rapids
river,-18890275999997448,1226327992,rapids
river,5103990554862,1226327992,rapids
river,-32173923999997448,1226327992,rapids
river,5103983913038,1226327992,rapids
river,-213204737999997448,1226328020,rapids
river,5103893397631,1226328020,rapids
river,-213205021999997448,1226328020,rapids
river,5103893397489,1226328020,rapids
river,-213205147999997448,1226328020,rapids
river,5103893397426,1226328020,rapids
river,-1361138639999997448,1226328020,rapids
river,5103319430680,1226328020,rapids
river,-3039799999997448,1226328020,rapids
river,5103998480100,1226328020,rapids
river,-18890275999997448,1226328020,rapids
river,5103990554862,1226328020,rapids
river,-32173923999997448,1226328020,rapids
river,5103983913038,1226328020,rapids
river,-213204737999997448,1226328029,rapids
river,5103893397631,1226328029,rapids
river,-213205021999997448,1226328029,rapids
river,5103893397489,1226328029,rapids
river,-213205147999997448,1226328029,rapids
river,5103893397426,1226328029,rapids
river,-1361138639999997448,1226328029,rapids
river,5103319430680,1226328029,rapids
river,-3039799999997448,1226328029,rapids
river,5103998480100,1226328029,rapids
river,-18890275999997448,1226328029,rapids
river,5103990554862,1226328029,rapids
river,-32173923999997448,1226328029,rapids
river,5103983913038,1226328029,rapids
river,-1361138793999997437,6372483042,rapids
river,5125319430603,6372483042,rapids
river,-1361139007999997437,6372483042,rapids
river,5125319430496,6372483042,rapids
river,-1361139009999997437,6372483042,rapids
river,5125319430495,6372483042,rapids
river,-1361139051999997437,6372483042,rapids
river,5125319430474,6372483042,rapids
river,-1361139073999997437,6372483042,rapids
river,5125319430463,6372483042,rapids
river,-1361139107999997437,6372483042,rapids
river,5125319430446,6372483042,rapids
river,-1361139129999997437,6372483042,rapids
river,5125319430435,6372483042,rapids
river,-1361139181999997437,6372483042,rapids
river,5125319430409,6372483042,rapids
river,-1361139185999997437,6372483042,rapids
river,5125319430407,6372483042,rapids
river,-18890271999997437,6372483042,rapids
river,5125990554864,6372483042,rapids
river,-18890275999997437,6372483042,rapids
river,5125990554862,6372483042,rapids
river,-19466587999997437,6372483042,rapids
river,5125990266706,6372483042,rapids
portage,1154149550,6374741321,rapids
river,-1361591231999997371,6374741321,rapids
river,5257319204384,6374741321,rapids
river,-1415719297999997371,6374741321,rapids
river,5257292140351,6374741321,rapids
river,-42179301999997371,6374741321,rapids
river,5257978910349,6374741321,rapids
river,-208280805999999237,11039699273,rapids
river,1525895859597,11039699273,rapids
river,-208281161999999237,11039699273,rapids
river,1525895859419,11039699273,rapids
river,-208397637999999237,11039699273,rapids
river,1525895801181,11039699273,rapids
river,-208438863999999237,11039699273,rapids
river,1525895780568,11039699273,rapids
river,-208439959999999237,11039699273,rapids
river,1525895780020,11039699273,rapids
river,-208695457999999237,11039699273,rapids
river,1525895652271,11039699273,rapids
river,-208695711999999237,11039699273,rapids
river,1525895652144,11039699273,rapids
river,-208695877999999237,11039699273,rapids
river,1525895652061,11039699273,rapids
river,-208695895999999237,11039699273,rapids
river,1525895652052,11039699273,rapids
river,-211566741999999237,11039699273,rapids
river,1525894216629,11039699273,rapids
river,-208167641999999237,11039699273,rapids
river,1525895916179,11039699273,rapids
river,-208291049999999237,11039699273,rapids
river,1525895854475,11039699273,rapids
river,-5946371999999237,11039699273,rapids
river,1525997026814,11039699273,rapids
portage,974825069,78516801,rapids
portage,974825069,78517240,rapids
river,-157033667999997540,78517240,rapids
river,4919921483166,78517240,rapids
river,-157033733999997540,78517240,rapids
river,4919921483133,78517240,rapids
river,-208167267999997540,78517240,rapids
river,4919895916366,78517240,rapids
river,-208167733999997540,78517240,rapids
river,4919895916133,78517240,rapids
river,-208167777999997540,78517240,rapids
river,4919895916111,78517240,rapids
river,-1952322431999997540,78517240,rapids
river,4919023838784,78517240,rapids
river,-2377921207999997540,78517240,rapids
river,4918811039396,78517240,rapids
river,-2948907999997540,78517240,rapids
river,4919998525546,78517240,rapids
river,-5946297999997540,78517240,rapids
river,4919997026851,78517240,rapids
river,-26250325999997540,78517240,rapids
river,4919986874837,78517240,rapids
river,-26250327999997540,78517240,rapids
river,4919986874836,78517240,rapids
river,-157056353999997524,78528051,rapids
river,4951921471823,78528051,rapids
river,-213205017999997524,78528051,rapids
river,4951893397491,78528051,rapids
river,-444084371999997524,78528051,rapids
river,4951777957814,78528051,rapids
river,-444084375999997524,78528051,rapids
river,4951777957812,78528051,rapids
river,-1955157237999997524,78528051,rapids
river,4951022421381,78528051,rapids
river,-1955157241999997524,78528051,rapids
river,4951022421379,78528051,rapids
river,-5874835999997524,78528051,rapids
river,4951997062582,78528051,rapids
river,-26280663999997524,78528051,rapids
river,4951986859668,78528051,rapids
river,-36100785999997524,78528051,rapids
river,4951981949607,78528051,rapids
river,-1955157237999997195,78528161,rapids
river,5609022421381,78528161,rapids
river,-1955157239999997195,78528161,rapids
river,5609022421380,78528161,rapids
river,-157056353999997524,78528615,rapids
river,4951921471823,78528615,rapids
river,-213205017999997524,78528615,rapids
river,4951893397491,78528615,rapids
river,-444084371999997524,78528615,rapids
river,4951777957814,78528615,rapids
river,-444084375999997524,78528615,rapids
river,4951777957812,78528615,rapids
river,-1955157237999997524,78528615,rapids
river,4951022421381,78528615,rapids
river,-1955157241999997524,78528615,rapids
river,4951022421379,78528615,rapids
river,-5874835999997524,78528615,rapids
river,4951997062582,78528615,rapids
river,-26280663999997524,78528615,rapids
river,4951986859668,78528615,rapids
river,-36100785999997524,78528615,rapids
river,4951981949607,78528615,rapids
river,-157056353999997524,78528645,rapids
river,4951921471823,78528645,rapids
river,-213205017999997524,78528645,rapids
river,4951893397491,78528645,rapids
river,-444084371999997524,78528645,rapids
river,4951777957814,78528645,rapids
river,-444084375999997524,78528645,rapids
river,4951777957812,78528645,rapids
river,-1955157237999997524,78528645,rapids
river,4951022421381,78528645,rapids
river,-1955157241999997524,78528645,rapids
river,4951022421379,78528645,rapids
river,-5874835999997524,78528645,rapids
river,4951997062582,78528645,rapids
river,-26280663999997524,78528645,rapids
river,4951986859668,78528645,rapids
river,-36100785999997524,78528645,rapids
river,4951981949607,78528645,rapids
portage,977578618,78528647,rapids
river,-1955157237999997195,78528647,rapids
river,5609022421381,78528647,rapids
river,-1955157239999997195,78528647,rapids
river,5609022421380,78528647,rapids
river,-157056353999997524,78531082,rapids
river,4951921471823,78531082,rapids
river,-213205017999997524,78531082,rapids
river,4951893397491,78531082,rapids
river,-444084371999997524,78531082,rapids
river,4951777957814,78531082,rapids
river,-444084375999997524,78531082,rapids
river,4951777957812,78531082,rapids
river,-1955157237999997524,78531082,rapids
river,4951022421381,78531082,rapids
river,-1955157241999997524,78531082,rapids
river,4951022421379,78531082,rapids
river,-5874835999997524,78531082,rapids
river,4951997062582,78531082,rapids
river,-26280663999997524,78531082,rapids
river,4951986859668,78531082,rapids
river,-36100785999997524,78531082,rapids
river,4951981949607,78531082,rapids
portage,977578627,78531096,rapids
portage,78602833,78602247,rapids
river,-157056353999997524,78602247,rapids
river,4951921471823,78602247,rapids
river,-213205017999997524,78602247,rapids
river,4951893397491,78602247,rapids
river,-444084371999997524,78602247,rapids
river,4951777957814,78602247,rapids
river,-444084375999997524,78602247,rapids
river,4951777957812,78602247,rapids
river,-1955157237999997524,78602247,rapids
river,4951022421381,78602247,rapids
river,-1955157241999997524,78602247,rapids
river,4951022421379,78602247,rapids
river,-5874835999997524,78602247,rapids
river,4951997062582,78602247,rapids
river,-26280663999997524,78602247,rapids
river,4951986859668,78602247,rapids
river,-36100785999997524,78602247,rapids
river,4951981949607,78602247,rapids
river,-157056353999997524,78602393,rapids
river,4951921471823,78602393,rapids
river,-213205017999997524,78602393,rapids
river,4951893397491,78602393,rapids
river,-444084371999997524,78602393,rapids
river,4951777957814,78602393,rapids
river,-444084375999997524,78602393,rapids
river,4951777957812,78602393,rapids
river,-1955157237999997524,78602393,rapids
river,4951022421381,78602393,rapids
river,-1955157241999997524,78602393,rapids
river,4951022421379,78602393,rapids
river,-5874835999997524,78602393,rapids
river,4951997062582,78602393,rapids
river,-26280663999997524,78602393,rapids
river,4951986859668,78602393,rapids
river,-36100785999997524,78602393,rapids
river,4951981949607,78602393,rapids
river,-157056353999997524,78602500,rapids
river,4951921471823,78602500,rapids
river,-213205017999997524,78602500,rapids
river,4951893397491,78602500,rapids
river,-444084371999997524,78602500,rapids
river,4951777957814,78602500,rapids
river,-444084375999997524,78602500,rapids
river,4951777957812,78602500,rapids
river,-1955157237999997524,78602500,rapids
river,4951022421381,78602500,rapids
river,-1955157241999997524,78602500,rapids
river,4951022421379,78602500,rapids
river,-5874835999997524,78602500,rapids
river,4951997062582,78602500,rapids
river,-26280663999997524,78602500,rapids
river,4951986859668,78602500,rapids
river,-36100785999997524,78602500,rapids
river,4951981949607,78602500,rapids
river,-157056353999997524,78602689,rapids
river,4951921471823,78602689,rapids
river,-213205017999997524,78602689,rapids
river,4951893397491,78602689,rapids
river,-444084371999997524,78602689,rapids
river,4951777957814,78602689,rapids
river,-444084375999997524,78602689,rapids
river,4951777957812,78602689,rapids
river,-1955157237999997524,78602689,rapids
river,4951022421381,78602689,rapids
river,-1955157241999997524,78602689,rapids
river,4951022421379,78602689,rapids
river,-5874835999997524,78602689,rapids
river,4951997062582,78602689,rapids
river,-26280663999997524,78602689,rapids
river,4951986859668,78602689,rapids
river,-36100785999997524,78602689,rapids
river,4951981949607,78602689,rapids
portage,1152573259,104083458,dam
portage,1188919644,104083636,rapids
portage,1152573259,104083723,rapids
portage,1152573259,104083883,rapids
portage,1152573257,104145486,dam
portage,976161212,106579669,rapids
river,-208280805999999237,106579670,rapids
river,1525895859597,106579670,rapids
river,-208281161999999237,106579670,rapids
river,1525895859419,106579670,rapids
river,-208397637999999237,106579670,rapids
river,1525895801181,106579670,rapids
river,-208438863999999237,106579670,rapids
river,1525895780568,106579670,rapids
river,-208439959999999237,106579670,rapids
river,1525895780020,106579670,rapids
river,-208695457999999237,106579670,rapids
river,1525895652271,106579670,rapids
river,-208695711999999237,106579670,rapids
river,1525895652144,106579670,rapids
river,-208695877999999237,106579670,rapids
river,1525895652061,106579670,rapids
river,-208695895999999237,106579670,rapids
river,1525895652052,106579670,rapids
river,-211566741999999237,106579670,rapids
river,1525894216629,106579670,rapids
river,-208167641999999237,106579670,rapids
river,1525895916179,106579670,rapids
river,-208291049999999237,106579670,rapids
river,1525895854475,106579670,rapids
river,-5946371999999237,106579670,rapids
river,1525997026814,106579670,rapids
river,-157034075999997468,106582938,rapids
river,5063921482962,106582938,rapids
river,-213166021999997468,106582938,rapids
river,5063893416989,106582938,rapids
river,-213167543999997468,106582938,rapids
river,5063893416228,106582938,rapids
river,-213170395999997468,106582938,rapids
river,5063893414802,106582938,rapids
river,-213170463999997468,106582938,rapids
river,5063893414768,106582938,rapids
river,-213170499999997468,106582938,rapids
river,5063893414750,106582938,rapids
river,-213204839999997468,106582938,rapids
river,5063893397580,106582938,rapids
river,-213205129999997468,106582938,rapids
river,5063893397435,106582938,rapids
river,-213205209999997468,106582938,rapids
river,5063893397395,106582938,rapids
river,-1452766859999997468,106582938,rapids
river,5063273616570,106582938,rapids
river,-1955157327999997468,106582938,rapids
river,5063022421336,106582938,rapids
river,-1955157335999997468,106582938,rapids
river,5063022421332,106582938,rapids
river,-3039803999997468,106582938,rapids
river,5063998480098,106582938,rapids
river,-3039807999997468,106582938,rapids
river,5063998480096,106582938,rapids
river,-5874835999997468,106582938,rapids
river,5063997062582,106582938,rapids
river,-5946297999997468,106582938,rapids
river,5063997026851,106582938,rapids
river,-26280665999997468,106582938,rapids
river,5063986859667,106582938,rapids
river,-213204839999997447,106602372,rapids
river,5105893397580,106602372,rapids
river,-3039807999997447,106602372,rapids
river,5105998480096,106602372,rapids
river,-157034075999997468,106602373,rapids
river,5063921482962,106602373,rapids
river,-213166021999997468,106602373,rapids
river,5063893416989,106602373,rapids
river,-213167543999997468,106602373,rapids
river,5063893416228,106602373,rapids
river,-213170395999997468,106602373,rapids
river,5063893414802,106602373,rapids
river,-213170463999997468,106602373,rapids
river,5063893414768,106602373,rapids
river,-213170499999997468,106602373,rapids
river,5063893414750,106602373,rapids
river,-213204839999997468,106602373,rapids
river,5063893397580,106602373,rapids
river,-213205129999997468,106602373,rapids
river,5063893397435,106602373,rapids
river,-213205209999997468,106602373,rapids
river,5063893397395,106602373,rapids
river,-1452766859999997468,106602373,rapids
river,5063273616570,106602373,rapids
river,-1955157327999997468,106602373,rapids
river,5063022421336,106602373,rapids
river,-1955157335999997468,106602373,rapids
river,5063022421332,106602373,rapids
river,-3039803999997468,106602373,rapids
river,5063998480098,106602373,rapids
river,-3039807999997468,106602373,rapids
river,5063998480096,106602373,rapids
river,-5874835999997468,106602373,rapids
river,5063997062582,106602373,rapids
river,-5946297999997468,106602373,rapids
river,5063997026851,106602373,rapids
river,-26280665999997468,106602373,rapids
river,5063986859667,106602373,rapids
river,-157034075999997468,106602375,rapids
river,5063921482962,106602375,rapids
river,-213166021999997468,106602375,rapids
river,5063893416989,106602375,rapids
river,-213167543999997468,106602375,rapids
river,5063893416228,106602375,rapids
river,-213170395999997468,106602375,rapids
river,5063893414802,106602375,rapids
river,-213170463999997468,106602375,rapids
river,5063893414768,106602375,rapids
river,-213170499999997468,106602375,rapids
river,5063893414750,106602375,rapids
river,-213204839999997468,106602375,rapids
river,5063893397580,106602375,rapids
river,-213205129999997468,106602375,rapids
river,5063893397435,106602375,rapids
river,-213205209999997468,106602375,rapids
river,5063893397395,106602375,rapids
river,-1452766859999997468,106602375,rapids
river,5063273616570,106602375,rapids
river,-1955157327999997468,106602375,rapids
river,5063022421336,106602375,rapids
river,-1955157335999997468,106602375,rapids
river,5063022421332,106602375,rapids
river,-3039803999997468,106602375,rapids
river,5063998480098,106602375,rapids
river,-3039807999997468,106602375,rapids
river,5063998480096,106602375,rapids
river,-5874835999997468,106602375,rapids
river,5063997062582,106602375,rapids
river,-5946297999997468,106602375,rapids
river,5063997026851,106602375,rapids
river,-26280665999997468,106602375,rapids
river,5063986859667,106602375,rapids
river,-157034075999997468,106602379,rapids
river,5063921482962,106602379,rapids
river,-213166021999997468,106602379,rapids
river,5063893416989,106602379,rapids
river,-213167543999997468,106602379,rapids
river,5063893416228,106602379,rapids
river,-213170395999997468,106602379,rapids
river,5063893414802,106602379,rapids
river,-213170463999997468,106602379,rapids
river,5063893414768,106602379,rapids
river,-213170499999997468,106602379,rapids
river,5063893414750,106602379,rapids
river,-213204839999997468,106602379,rapids
river,5063893397580,106602379,rapids
river,-213205129999997468,106602379,rapids
river,5063893397435,106602379,rapids
river,-213205209999997468,106602379,rapids
river,5063893397395,106602379,rapids
river,-1452766859999997468,106602379,rapids
river,5063273616570,106602379,rapids
river,-1955157327999997468,106602379,rapids
river,5063022421336,106602379,rapids
river,-1955157335999997468,106602379,rapids
river,5063022421332,106602379,rapids
river,-3039803999997468,106602379,rapids
river,5063998480098,106602379,rapids
river,-3039807999997468,106602379,rapids
river,5063998480096,106602379,rapids
river,-5874835999997468,106602379,rapids
river,5063997062582,106602379,rapids
river,-5946297999997468,106602379,rapids
river,5063997026851,106602379,rapids
river,-26280665999997468,106602379,rapids
river,5063986859667,106602379,rapids
river,-1361138793999997437,680569253,rapids
river,5125319430603,680569253,rapids
river,-1361139007999997437,680569253,rapids
river,5125319430496,680569253,rapids
river,-1361139009999997437,680569253,rapids
river,5125319430495,680569253,rapids
river,-1361139051999997437,680569253,rapids
river,5125319430474,680569253,rapids
river,-1361139073999997437,680569253,rapids
river,5125319430463,680569253,rapids
river,-1361139107999997437,680569253,rapids
river,5125319430446,680569253,rapids
river,-1361139129999997437,680569253,rapids
river,5125319430435,680569253,rapids
river,-1361139181999997437,680569253,rapids
river,5125319430409,680569253,rapids
river,-1361139185999997437,680569253,rapids
river,5125319430407,680569253,rapids
river,-18890271999997437,680569253,rapids
river,5125990554864,680569253,rapids
river,-18890275999997437,680569253,rapids
river,5125990554862,680569253,rapids
river,-19466587999997437,680569253,rapids
river,5125990266706,680569253,rapids
portage,1152782956,680569260,rapids
river,-1361138793999997437,680569260,rapids
river,5125319430603,680569260,rapids
river,-1361139007999997437,680569260,rapids
river,5125319430496,680569260,rapids
river,-1361139009999997437,680569260,rapids
river,5125319430495,680569260,rapids
river,-1361139051999997437,680569260,rapids
river,5125319430474,680569260,rapids
river,-1361139073999997437,680569260,rapids
river,5125319430463,680569260,rapids
river,-1361139107999997437,680569260,rapids
river,5125319430446,680569260,rapids
river,-1361139129999997437,680569260,rapids
river,5125319430435,680569260,rapids
river,-1361139181999997437,680569260,rapids
river,5125319430409,680569260,rapids
river,-1361139185999997437,680569260,rapids
river,5125319430407,680569260,rapids
river,-18890271999997437,680569260,rapids
river,5125990554864,680569260,rapids
river,-18890275999997437,680569260,rapids
river,5125990554862,680569260,rapids
river,-19466587999997437,680569260,rapids
river,5125990266706,680569260,rapids
river,-213204737999997448,680569269,rapids
river,5103893397631,680569269,rapids
river,-213205021999997448,680569269,rapids
river,5103893397489,680569269,rapids
river,-213205147999997448,680569269,rapids
river,5103893397426,680569269,rapids
river,-1361138639999997448,680569269,rapids
river,5103319430680,680569269,rapids
river,-3039799999997448,680569269,rapids
river,5103998480100,680569269,rapids
river,-18890275999997448,680569269,rapids
river,5103990554862,680569269,rapids
river,-32173923999997448,680569269,rapids
river,5103983913038,680569269,rapids
river,-1361138793999997437,680569292,rapids
river,5125319430603,680569292,rapids
river,-1361139007999997437,680569292,rapids
river,5125319430496,680569292,rapids
river,-1361139009999997437,680569292,rapids
river,5125319430495,680569292,rapids
river,-1361139051999997437,680569292,rapids
river,5125319430474,680569292,rapids
river,-1361139073999997437,680569292,rapids
river,5125319430463,680569292,rapids
river,-1361139107999997437,680569292,rapids
river,5125319430446,680569292,rapids
river,-1361139129999997437,680569292,rapids
river,5125319430435,680569292,rapids
river,-1361139181999997437,680569292,rapids
river,5125319430409,680569292,rapids
river,-1361139185999997437,680569292,rapids
river,5125319430407,680569292,rapids
river,-18890271999997437,680569292,rapids
river,5125990554864,680569292,rapids
river,-18890275999997437,680569292,rapids
river,5125990554862,680569292,rapids
river,-19466587999997437,680569292,rapids
river,5125990266706,680569292,rapids
portage,1154149534,680569297,rapids
river,-1361138793999997437,680569297,rapids
river,5125319430603,680569297,rapids
river,-1361139007999997437,680569297,rapids
river,5125319430496,680569297,rapids
river,-1361139009999997437,680569297,rapids
river,5125319430495,680569297,rapids
river,-1361139051999997437,680569297,rapids
river,5125319430474,680569297,rapids
river,-1361139073999997437,680569297,rapids
river,5125319430463,680569297,rapids
river,-1361139107999997437,680569297,rapids
river,5125319430446,680569297,rapids
river,-1361139129999997437,680569297,rapids
river,5125319430435,680569297,rapids
river,-1361139181999997437,680569297,rapids
river,5125319430409,680569297,rapids
river,-1361139185999997437,680569297,rapids
river,5125319430407,680569297,rapids
river,-18890271999997437,680569297,rapids
river,5125990554864,680569297,rapids
river,-18890275999997437,680569297,rapids
river,5125990554862,680569297,rapids
river,-19466587999997437,680569297,rapids
river,5125990266706,680569297,rapids
river,-1361138793999997437,680569318,rapids
river,5125319430603,680569318,rapids
river,-1361139007999997437,680569318,rapids
river,5125319430496,680569318,rapids
river,-1361139009999997437,680569318,rapids
river,5125319430495,680569318,rapids
river,-1361139051999997437,680569318,rapids
river,5125319430474,680569318,rapids
river,-1361139073999997437,680569318,rapids
river,5125319430463,680569318,rapids
river,-1361139107999997437,680569318,rapids
river,5125319430446,680569318,rapids
river,-1361139129999997437,680569318,rapids
river,5125319430435,680569318,rapids
river,-1361139181999997437,680569318,rapids
river,5125319430409,680569318,rapids
river,-1361139185999997437,680569318,rapids
river,5125319430407,680569318,rapids
river,-18890271999997437,680569318,rapids
river,5125990554864,680569318,rapids
river,-18890275999997437,680569318,rapids
river,5125990554862,680569318,rapids
river,-19466587999997437,680569318,rapids
river,5125990266706,680569318,rapids
river,-1361138793999997437,680569339,rapids
river,5125319430603,680569339,rapids
river,-1361139007999997437,680569339,rapids
river,5125319430496,680569339,rapids
river,-1361139009999997437,680569339,rapids
river,5125319430495,680569339,rapids
river,-1361139051999997437,680569339,rapids
river,5125319430474,680569339,rapids
river,-1361139073999997437,680569339,rapids
river,5125319430463,680569339,rapids
river,-1361139107999997437,680569339,rapids
river,5125319430446,680569339,rapids
river,-1361139129999997437,680569339,rapids
river,5125319430435,680569339,rapids
river,-1361139181999997437,680569339,rapids
river,5125319430409,680569339,rapids
river,-1361139185999997437,680569339,rapids
river,5125319430407,680569339,rapids
river,-18890271999997437,680569339,rapids
river,5125990554864,680569339,rapids
river,-18890275999997437,680569339,rapids
river,5125990554862,680569339,rapids
river,-19466587999997437,680569339,rapids
river,5125990266706,680569339,rapids
river,-1361138793999997437,680569358,rapids
river,5125319430603,680569358,rapids
river,-1361139007999997437,680569358,rapids
river,5125319430496,680569358,rapids
river,-1361139009999997437,680569358,rapids
river,5125319430495,680569358,rapids
river,-1361139051999997437,680569358,rapids
river,5125319430474,680569358,rapids
river,-1361139073999997437,680569358,rapids
river,5125319430463,680569358,rapids
river,-1361139107999997437,680569358,rapids
river,5125319430446,680569358,rapids
river,-1361139129999997437,680569358,rapids
river,5125319430435,680569358,rapids
river,-1361139181999997437,680569358,rapids
river,5125319430409,680569358,rapids
river,-1361139185999997437,680569358,rapids
river,5125319430407,680569358,rapids
river,-18890271999997437,680569358,rapids
river,5125990554864,680569358,rapids
river,-18890275999997437,680569358,rapids
river,5125990554862,680569358,rapids
river,-19466587999997437,680569358,rapids
river,5125990266706,680569358,rapids
river,-1361138793999997437,680569364,rapids
river,5125319430603,680569364,rapids
river,-1361139007999997437,680569364,rapids
river,5125319430496,680569364,rapids
river,-1361139009999997437,680569364,rapids
river,5125319430495,680569364,rapids
river,-1361139051999997437,680569364,rapids
river,5125319430474,680569364,rapids
river,-1361139073999997437,680569364,rapids
river,5125319430463,680569364,rapids
river,-1361139107999997437,680569364,rapids
river,5125319430446,680569364,rapids
river,-1361139129999997437,680569364,rapids
river,5125319430435,680569364,rapids
river,-1361139181999997437,680569364,rapids
river,5125319430409,680569364,rapids
river,-1361139185999997437,680569364,rapids
river,5125319430407,680569364,rapids
river,-18890271999997437,680569364,rapids
river,5125990554864,680569364,rapids
river,-18890275999997437,680569364,rapids
river,5125990554862,680569364,rapids
river,-19466587999997437,680569364,rapids
river,5125990266706,680569364,rapids
river,-1361138793999997437,680569381,rapids
river,5125319430603,680569381,rapids
river,-1361139007999997437,680569381,rapids
river,5125319430496,680569381,rapids
river,-1361139009999997437,680569381,rapids
river,5125319430495,680569381,rapids
river,-1361139051999997437,680569381,rapids
river,5125319430474,680569381,rapids
river,-1361139073999997437,680569381,rapids
river,5125319430463,680569381,rapids
river,-1361139107999997437,680569381,rapids
river,5125319430446,680569381,rapids
river,-1361139129999997437,680569381,rapids
river,5125319430435,680569381,rapids
river,-1361139181999997437,680569381,rapids
river,5125319430409,680569381,rapids
river,-1361139185999997437,680569381,rapids
river,5125319430407,680569381,rapids
river,-18890271999997437,680569381,rapids
river,5125990554864,680569381,rapids
river,-18890275999997437,680569381,rapids
river,5125990554862,680569381,rapids
river,-19466587999997437,680569381,rapids
river,5125990266706,680569381,rapids
river,-1361138793999997437,680569384,rapids
river,5125319430603,680569384,rapids
river,-1361139007999997437,680569384,rapids
river,5125319430496,680569384,rapids
river,-1361139009999997437,680569384,rapids
river,5125319430495,680569384,rapids
river,-1361139051999997437,680569384,rapids
river,5125319430474,680569384,rapids
river,-1361139073999997437,680569384,rapids
river,5125319430463,680569384,rapids
river,-1361139107999997437,680569384,rapids
river,5125319430446,680569384,rapids
river,-1361139129999997437,680569384,rapids
river,5125319430435,680569384,rapids
river,-1361139181999997437,680569384,rapids
river,5125319430409,680569384,rapids
river,-1361139185999997437,680569384,rapids
river,5125319430407,680569384,rapids
river,-18890271999997437,680569384,rapids
river,5125990554864,680569384,rapids
river,-18890275999997437,680569384,rapids
river,5125990554862,680569384,rapids
river,-19466587999997437,680569384,rapids
river,5125990266706,680569384,rapids
portage,1154149534,680569386,rapids
river,-1361138793999997437,680569386,rapids
river,5125319430603,680569386,rapids
river,-1361139007999997437,680569386,rapids
river,5125319430496,680569386,rapids
river,-1361139009999997437,680569386,rapids
river,5125319430495,680569386,rapids
river,-1361139051999997437,680569386,rapids
river,5125319430474,680569386,rapids
river,-1361139073999997437,680569386,rapids
river,5125319430463,680569386,rapids
river,-1361139107999997437,680569386,rapids
river,5125319430446,680569386,rapids
river,-1361139129999997437,680569386,rapids
river,5125319430435,680569386,rapids
river,-1361139181999997437,680569386,rapids
river,5125319430409,680569386,rapids
river,-1361139185999997437,680569386,rapids
river,5125319430407,680569386,rapids
river,-18890271999997437,680569386,rapids
river,5125990554864,680569386,rapids
river,-18890275999997437,680569386,rapids
river,5125990554862,680569386,rapids
river,-19466587999997437,680569386,rapids
river,5125990266706,680569386,rapids
river,-1361138793999997437,680569394,rapids
river,5125319430603,680569394,rapids
river,-1361139007999997437,680569394,rapids
river,5125319430496,680569394,rapids
river,-1361139009999997437,680569394,rapids
river,5125319430495,680569394,rapids
river,-1361139051999997437,680569394,rapids
river,5125319430474,680569394,rapids
river,-1361139073999997437,680569394,rapids
river,5125319430463,680569394,rapids
river,-1361139107999997437,680569394,rapids
river,5125319430446,680569394,rapids
river,-1361139129999997437,680569394,rapids
river,5125319430435,680569394,rapids
river,-1361139181999997437,680569394,rapids
river,5125319430409,680569394,rapids
river,-1361139185999997437,680569394,rapids
river,5125319430407,680569394,rapids
river,-18890271999997437,680569394,rapids
river,5125990554864,680569394,rapids
river,-18890275999997437,680569394,rapids
river,5125990554862,680569394,rapids
river,-19466587999997437,680569394,rapids
river,5125990266706,680569394,rapids
river,-1361138793999997437,680569429,rapids
river,5125319430603,680569429,rapids
river,-1361139007999997437,680569429,rapids
river,5125319430496,680569429,rapids
river,-1361139009999997437,680569429,rapids
river,5125319430495,680569429,rapids
river,-1361139051999997437,680569429,rapids
river,5125319430474,680569429,rapids
river,-1361139073999997437,680569429,rapids
river,5125319430463,680569429,rapids
river,-1361139107999997437,680569429,rapids
river,5125319430446,680569429,rapids
river,-1361139129999997437,680569429,rapids
river,5125319430435,680569429,rapids
river,-1361139181999997437,680569429,rapids
river,5125319430409,680569429,rapids
river,-1361139185999997437,680569429,rapids
river,5125319430407,680569429,rapids
river,-18890271999997437,680569429,rapids
river,5125990554864,680569429,rapids
river,-18890275999997437,680569429,rapids
river,5125990554862,680569429,rapids
river,-19466587999997437,680569429,rapids
river,5125990266706,680569429,rapids
river,-1361138793999997437,680569452,rapids
river,5125319430603,680569452,rapids
river,-1361139007999997437,680569452,rapids
river,5125319430496,680569452,rapids
river,-1361139009999997437,680569452,rapids
river,5125319430495,680569452,rapids
river,-1361139051999997437,680569452,rapids
river,5125319430474,680569452,rapids
river,-1361139073999997437,680569452,rapids
river,5125319430463,680569452,rapids
river,-1361139107999997437,680569452,rapids
river,5125319430446,680569452,rapids
river,-1361139129999997437,680569452,rapids
river,5125319430435,680569452,rapids
river,-1361139181999997437,680569452,rapids
river,5125319430409,680569452,rapids
river,-1361139185999997437,680569452,rapids
river,5125319430407,680569452,rapids
river,-18890271999997437,680569452,rapids
river,5125990554864,680569452,rapids
river,-18890275999997437,680569452,rapids
river,5125990554862,680569452,rapids
river,-19466587999997437,680569452,rapids
river,5125990266706,680569452,rapids
river,-1361138793999997437,680569476,rapids
river,5125319430603,680569476,rapids
river,-1361139007999997437,680569476,rapids
river,5125319430496,680569476,rapids
river,-1361139009999997437,680569476,rapids
river,5125319430495,680569476,rapids
river,-1361139051999997437,680569476,rapids
river,5125319430474,680569476,rapids
river,-1361139073999997437,680569476,rapids
river,5125319430463,680569476,rapids
river,-1361139107999997437,680569476,rapids
river,5125319430446,680569476,rapids
river,-1361139129999997437,680569476,rapids
river,5125319430435,680569476,rapids
river,-1361139181999997437,680569476,rapids
river,5125319430409,680569476,rapids
river,-1361139185999997437,680569476,rapids
river,5125319430407,680569476,rapids
river,-18890271999997437,680569476,rapids
river,5125990554864,680569476,rapids
river,-18890275999997437,680569476,rapids
river,5125990554862,680569476,rapids
river,-19466587999997437,680569476,rapids
river,5125990266706,680569476,rapids
river,-1361138793999997437,680569481,rapids
river,5125319430603,680569481,rapids
river,-1361139007999997437,680569481,rapids
river,5125319430496,680569481,rapids
river,-1361139009999997437,680569481,rapids
river,5125319430495,680569481,rapids
river,-1361139051999997437,680569481,rapids
river,5125319430474,680569481,rapids
river,-1361139073999997437,680569481,rapids
river,5125319430463,680569481,rapids
river,-1361139107999997437,680569481,rapids
river,5125319430446,680569481,rapids
river,-1361139129999997437,680569481,rapids
river,5125319430435,680569481,rapids
river,-1361139181999997437,680569481,rapids
river,5125319430409,680569481,rapids
river,-1361139185999997437,680569481,rapids
river,5125319430407,680569481,rapids
river,-18890271999997437,680569481,rapids
river,5125990554864,680569481,rapids
river,-18890275999997437,680569481,rapids
river,5125990554862,680569481,rapids
river,-19466587999997437,680569481,rapids
river,5125990266706,680569481,rapids
portage,1152782957,680569496,rapids
river,-213204737999997448,680569496,rapids
river,5103893397631,680569496,rapids
river,-213205021999997448,680569496,rapids
river,5103893397489,680569496,rapids
river,-213205147999997448,680569496,rapids
river,5103893397426,680569496,rapids
river,-1361138639999997448,680569496,rapids
river,5103319430680,680569496,rapids
river,-3039799999997448,680569496,rapids
river,5103998480100,680569496,rapids
river,-18890275999997448,680569496,rapids
river,5103990554862,680569496,rapids
river,-32173923999997448,680569496,rapids
river,5103983913038,680569496,rapids
portage,1154149553,707859697,rapids
river,-19687253999997193,707859697,rapids
river,5613990156373,707859697,rapids
river,-27473815999997193,707859697,rapids
river,5613986263092,707859697,rapids
river,-27473819999997193,707859697,rapids
river,5613986263090,707859697,rapids
portage,1154149553,707859699,rapids
river,-19687253999997193,707859699,rapids
river,5613990156373,707859699,rapids
river,-27473815999997193,707859699,rapids
river,5613986263092,707859699,rapids
river,-27473819999997193,707859699,rapids
river,5613986263090,707859699,rapids
portage,106602378,1189008575,rapids
river,-3039805999997197,1189008575,rapids
river,5605998480097,1189008575,rapids
portage,1152782929,921473523,waterfall
river,-16830741999996858,2310171657,rapids
river,6283991584629,2310171657,rapids
river,-26290303999996858,2310171657,rapids
river,6283986854848,2310171657,rapids
river,-26290305999996858,2310171657,rapids
river,6283986854847,2310171657,rapids
river,-1415688475999997300,6651297324,rapids
river,5399292155762,6651297324,rapids
river,-1415690413999997300,6651297324,rapids
river,5399292154793,6651297324,rapids
river,-1415691231999997300,6651297324,rapids
river,5399292154384,6651297324,rapids
river,-1415691495999997300,6651297324,rapids
river,5399292154252,6651297324,rapids
river,-1415688445999997300,6651297324,rapids
river,5399292155777,6651297324,rapids
river,-1415688549999997300,6651297324,rapids
river,5399292155725,6651297324,rapids
river,-1415688735999997300,6651297324,rapids
river,5399292155632,6651297324,rapids
river,-1415688873999997300,6651297324,rapids
river,5399292155563,6651297324,rapids
river,-1415689605999997300,6651297324,rapids
river,5399292155197,6651297324,rapids
river,-1415689965999997300,6651297324,rapids
river,5399292155017,6651297324,rapids
river,-1415689985999997300,6651297324,rapids
river,5399292155007,6651297324,rapids
river,-1415690315999997300,6651297324,rapids
river,5399292154842,6651297324,rapids
river,-1415690327999997300,6651297324,rapids
river,5399292154836,6651297324,rapids
river,-1415690433999997300,6651297324,rapids
river,5399292154783,6651297324,rapids
river,-1415690523999997300,6651297324,rapids
river,5399292154738,6651297324,rapids
river,-1415690911999997300,6651297324,rapids
river,5399292154544,6651297324,rapids
river,-1415691127999997300,6651297324,rapids
river,5399292154436,6651297324,rapids
river,-1415691229999997300,6651297324,rapids
river,5399292154385,6651297324,rapids
river,-1415691559999997300,6651297324,rapids
river,5399292154220,6651297324,rapids
river,-1415691565999997300,6651297324,rapids
river,5399292154217,6651297324,rapids
river,-1415691705999997300,6651297324,rapids
river,5399292154147,6651297324,rapids
river,-19686375999997300,6651297324,rapids
river,5399990156812,6651297324,rapids
river,-150727855999998471,78589279,rapids
river,3057924636072,78589279,rapids
river,-150728275999998471,78589279,rapids
river,3057924635862,78589279,rapids
river,-150728307999998471,78589279,rapids
river,3057924635846,78589279,rapids
river,-157136491999998471,78589279,rapids
river,3057921431754,78589279,rapids
river,-157157137999998471,78589279,rapids
river,3057921421431,78589279,rapids
river,-157176379999998471,78589279,rapids
river,3057921411810,78589279,rapids
river,-2311287999998471,78589279,rapids
river,3057998844356,78589279,rapids
river,-2374893999998471,78589279,rapids
river,3057998812553,78589279,rapids
river,-157056149999998471,78589279,rapids
river,3057921471925,78589279,rapids
river,-157056633999998471,78589279,rapids
river,3057921471683,78589279,rapids
river,-157176205999998471,78589279,rapids
river,3057921411897,78589279,rapids
river,-157176459999998471,78589279,rapids
river,3057921411770,78589279,rapids
river,-157177559999998471,78589279,rapids
river,3057921411220,78589279,rapids
river,-1415688431999998471,78589279,rapids
river,3057292155784,78589279,rapids
river,-1415688601999998471,78589279,rapids
river,3057292155699,78589279,rapids
river,-1415688631999998471,78589279,rapids
river,3057292155684,78589279,rapids
river,-1415689297999998471,78589279,rapids
river,3057292155351,78589279,rapids
river,-1415690081999998471,78589279,rapids
river,3057292154959,78589279,rapids
river,-1415691279999998471,78589279,rapids
river,3057292154360,78589279,rapids
river,-19686877999998471,78589279,rapids
river,3057990156561,78589279,rapids
river,-760251843999996945,707844599,dam
river,6109619874078,707844599,dam
river,-1415689741999996945,707844599,dam
river,6109292155129,707844599,dam
