osm_id,name,length_m,p0_lat,p0_lon,p1_lat,p1_lon,from_id,to_id,from_dist,to_dist,tags
78033079,,761.4,45.518866,-78.826013,45.512886,-78.824406,78033402,1152997388,236.33412179289826,23.142200284058298,"{""highway"": ""footway"", ""portage"": ""designated"", ""source"": ""CanVec 6.0 - NRCan, Strava Heatmap Data""}"
78033197,Thunder Lake - Tonakela Lake,1062.6,45.534022,-78.791043,45.529585,-78.782545,78033502,78033175,224.68070767219342,0.0,"{""highway"": ""footway"", ""portage"": ""designated"", ""source"": ""Strava Heatmap""}"
78033215,Panther Lake Campsites Trail,400.3,45.522553,-78.803368,45.519176,-78.802361,1182170,78033439,221.5765130257138,242.60284243745627,"{""highway"": ""footway"", ""portage"": ""designated"", ""source"": ""Strava Heatmap Data"", ""surface"": ""ground""}"
78033431,,1079.0,45.499918,-78.862744,45.500453,-78.849947,2998116,2998120,241.60322860656808,0.0,"{""highway"": ""footway"", ""portage"": ""designated"", ""source"": ""CanVec 6.0 - NRCan""}"
82510303,,798.5,45.477281,-78.710843,45.480342,-78.702483,82510367,82510639,232.53165546710713,0.0,"{""highway"": ""footway"", ""maintained"": ""no"", ""portage"": ""yes"", ""source"": ""CanVec 6.0 - NRCan""}"
82510440,,558.3,45.47212,-78.720944,45.473664,-78.714604,82510546,82510367,194.3449768070898,0.0,"{""highway"": ""footway"", ""maintained"": ""no"", ""portage"": ""yes"", ""source"": ""CanVec 6.0 - NRCan""}"
82510573,,1492.2,45.457026,-78.736777,45.465695,-78.723805,181285887,82510546,239.67581508999837,63.997916574604965,"{""highway"": ""footway"", ""portage"": ""designated""}"
82610435,Greenwood Lake - Snow Lake,176.5,45.426335,-78.807167,45.427192,-78.805287,-124,-124,196.15281166399745,37.136445057089965,"{""highway"": ""footway"", ""portage"": ""designated"", ""source"": ""CanVec 6.0 - NRCan""}"
217475913,Portage Canoe Lake to Smoke Lake,140.4,45.532532,-78.70387,45.532877,-78.702381,6463477,6463477,247.43204592384882,249.40624249982704,"{""foot"": ""designated"", ""highway"": ""service"", ""lanes"": ""2"", ""portage"": ""designated"", ""source"": ""Mapbox Satellite"", ""surface"": ""paved""}"
233880120,McCraney Lake to Hood Lake,1326.6,45.547072,-78.908887,45.538303,-78.918869,2998117,78040067,0.0,225.27185947457983,"{""highway"": ""footway"", ""portage"": ""designated"", ""source"": ""GPS""}"
338158566,Portage Canoe Lake to Smoke Lake,124.5,45.533961,-78.7063,45.534745,-78.705174,2411726,2411726,241.83471026833195,248.58290851887685,"{""foot"": ""designated"", ""highway"": ""service"", ""portage"": ""designated"", ""source"": ""Mapbox Satellite""}"
375542488,Portage Canoe Lake to Smoke Lake,10.5,45.534833,-78.705223,45.534745,-78.705174,2411726,2411726,241.55161352513227,248.58290851887685,"{""highway"": ""footway"", ""portage"": ""designated"", ""source"": ""knowledge""}"
375542489,Portage Canoe Lake to Smoke Lake,73.7,45.533277,-78.701658,45.532877,-78.702381,6463477,6463477,0.0,249.40624249982704,"{""highway"": ""footway"", ""portage"": ""designated"", ""source"": ""knowledge""}"
375542491,Portage Canoe Lake to Smoke Lake,248.1,45.533961,-78.7063,45.532532,-78.70387,2411726,6463477,241.83471026833195,247.43204592384882,"{""foot"": ""designated"", ""highway"": ""service"", ""portage"": ""designated"", ""source"": ""Mapbox Satellite""}"
868152932,,74.8,45.522553,-78.803368,45.523037,-78.803994,1182170,1182170,221.5765130257138,197.72613610779882,"{""highway"": ""footway"", ""portage"": ""designated"", ""source"": ""Strava Heatmap Data"", ""surface"": ""ground""}"
868152935,Western Uplands Backpacking Trail,145.7,45.520064,-78.826631,45.518866,-78.826013,78033402,78033402,220.98306383126476,236.33412179289826,"{""highway"": ""footway"", ""portage"": ""designated"", ""source"": ""CanVec 6.0 - NRCan, Strava Heatmap Data"", ""surface"": ""ground""}"
868152937,,88.2,45.520064,-78.826631,45.52085,-78.826638,78033402,78033402,220.98306383126476,215.26973690664096,"{""highway"": ""footway"", ""portage"": ""designated"", ""source"": ""CanVec 6.0 - NRCan, Strava Heatmap Data"", ""surface"": ""ground""}"
975803920,,454.8,45.533362,-78.728434,45.534165,-78.723346,74647337,180739422,246.4290774356797,0.0,"{""highway"": ""footway"", ""portage"": ""designated"", ""source"": ""Strava Heatmap""}"
975803922,,1670.4,45.535387,-78.754383,45.53104,-78.735516,1182171,975803919,238.01872001114225,0.0,"{""highway"": ""footway"", ""portage"": ""designated"", ""source"": ""Strava Heatmap""}"
975803923,,493.6,45.530128,-78.771865,45.529645,-78.766246,78033175,975803921,212.90859614803105,0.0,"{""highway"": ""footway"", ""portage"": ""designated"", ""source"": ""Strava Heatmap""}"
975803925,,1149.3,45.541526,-78.797742,45.532413,-78.796642,78033744,78033502,236.43877966443466,0.0,"{""highway"": ""footway"", ""portage"": ""designated"", ""source"": ""Strava Heatmap""}"
975803926,,316.2,45.539826,-78.800805,45.54151,-78.797939,1182168,78033744,159.18979475917428,245.89275945807537,"{""highway"": ""footway"", ""portage"": ""designated"", ""source"": ""Strava Heatmap""}"
975803927,,1452.0,45.54351,-78.852225,45.536845,-78.840109,1182167,1182168,234.09052186650132,0.0,"{""highway"": ""footway"", ""portage"": ""designated"", ""source"": ""Strava Heatmap"", ""surface"": ""ground""}"
1150011235,,1771.3,45.480451,-78.696389,45.488495,-78.683352,82510639,82510312,232.1001019279599,234.08449477038428,"{""highway"": ""footway"", ""maintained"": ""no"", ""portage"": ""yes"", ""source"": ""Strava Heatmap""}"
1150326570,,233.5,45.454786,-78.740744,45.452969,-78.741538,181285887,181285918,0.0,236.60039439275803,"{""highway"": ""footway"", ""portage"": ""designated""}"
1151278862,,1306.7,45.536309,-78.920958,45.525747,-78.921602,78040067,-11,0.0,30.030721556227714,"{""highway"": ""footway"", ""portage"": ""designated"", ""source"": ""GPS""}"
1152782965,,923.5,45.53386,-78.815006,45.533366,-78.804995,78033181,1182170,229.8745021579584,0.0,"{""highway"": ""footway"", ""portage"": ""designated""}"
1152782966,,318.5,45.528638,-78.800793,45.53022,-78.797624,1182170,78033502,231.83509847606635,0.0,"{""highway"": ""footway"", ""portage"": ""designated""}"
1152782967,,360.4,45.534232,-78.82157,45.537354,-78.821368,78033181,1182168,0.0,222.20565201140104,"{""highway"": ""footway"", ""portage"": ""designated""}"
1152782968,,111.6,45.529677,-78.827589,45.530358,-78.826885,78033181,78033181,93.59103406336799,0.0,"{""highway"": ""footway"", ""portage"": ""designated""}"
1152782969,,532.2,45.524949,-78.826605,45.52923,-78.828014,78033402,78033181,0.0,153.3778773259193,"{""highway"": ""footway"", ""portage"": ""designated""}"
1152782970,,1071.2,45.516625,-78.803376,45.518797,-78.791068,78033439,78033118,220.5812924185264,0.0,"{""highway"": ""footway"", ""portage"": ""designated"", ""surface"": ""ground""}"
1152782971,,406.4,45.515129,-78.811289,45.51552,-78.806353,-23,78033439,0.0,44.20832992921938,"{""highway"": ""footway"", ""portage"": ""designated""}"
1152782972,,645.4,45.519139,-78.785639,45.520483,-78.778048,78033118,78033468,169.68647832885188,0.0,"{""highway"": ""footway"", ""portage"": ""designated""}"
1152782973,,755.3,45.528321,-78.76475,45.522178,-78.768178,975803921,78033820,228.50798414032033,205.72247265036606,"{""highway"": ""footway"", ""portage"": ""designated""}"
1152997383,,173.8,45.519176,-78.802361,45.517771,-78.80333,78033439,78033439,242.60284243745627,0.0,"{""highway"": ""footway"", ""portage"": ""designated"", ""source"": ""Strava Heatmap Data"", ""surface"": ""ground""}"
1167248751,,189.5,45.48207,-78.765255,45.483441,-78.764379,2412306,2412306,0.0,0.0,"{""highway"": ""footway"", ""portage"": ""designated"", ""source"": ""Strava Heatmap"", ""surface"": ""ground""}"
1167248752,Oxtongue River - Westward Lake,765.6,45.481573,-78.767412,45.486462,-78.772663,2412306,1241113,247.0336193326773,182.54934340178153,"{""highway"": ""footway"", ""portage"": ""designated"", ""source"": ""Strava Heatmap"", ""surface"": ""ground""}"
1167248754,,242.8,45.493754,-78.751508,45.495494,-78.749984,2998118,2998118,171.45967516273964,77.85878184449506,"{""highway"": ""footway"", ""portage"": ""designated"", ""source"": ""Strava Heatmap""}"
1173065670,,189.9,45.438708,-78.780019,45.440001,-78.778517,181069954,-126,225.315819879083,0.0,"{""highway"": ""footway"", ""portage"": ""designated""}"
1173065671,Greenwood Lake - Shawandasee Lake,1053.0,45.428394,-78.795729,45.435299,-78.788962,,181069954,,0.0,"{""highway"": ""footway"", ""portage"": ""designated""}"
1173065673,Hobo Lake - Oxtongue River,89.5,45.413175,-78.860265,45.412384,-78.860227,2416076,2416076,240.51545623736286,0.0,"{""highway"": ""footway"", ""portage"": ""designated"", ""surface"": ""unpaved""}"
1173065683,,104.9,45.439833,-78.829922,45.439378,-78.829012,181014547,181014547,249.85849963170588,212.01472103752894,"{""highway"": ""footway"", ""portage"": ""designated"", ""source"": ""strava heatmap""}"
1173065684,,251.6,45.443417,-78.827939,45.444929,-78.829036,181014547,181014547,241.87430792738405,242.23692453142434,"{""highway"": ""footway"", ""portage"": ""designated""}"
1173065685,,90.1,45.473343,-78.774223,45.472787,-78.77372,180764860,180764860,17.031947061358018,79.69976234277694,"{""highway"": ""footway"", ""portage"": ""designated"", ""surface"": ""ground""}"
1541276013,,37.9,45.472787,-78.77372,45.472504,-78.773471,180764860,180764860,79.69976234277694,116.27352340247802,"{""highway"": ""service"", ""portage"": ""designated"", ""surface"": ""ground""}"
1541276014,,8.1,45.472822,-78.773629,45.472787,-78.77372,180764860,180764860,79.0065652655454,79.69976234277694,"{""highway"": ""service"", ""portage"": ""designated"", ""surface"": ""ground""}"
74445452,Smoke Lake - Ouse Lake,1363.5,45.534259,-78.679516,45.545925,-78.676084,180753051,2214782,244.5973912633406,0.0,"{""highway"": ""footway"", ""portage"": ""designated"", ""source"": ""Strava Heatmap"", ""surface"": ""ground""}"
75083866,,97.9,45.522663,-78.384705,45.522817,-78.383599,166189604,166189604,216.51462207725962,0.0,"{""highway"": ""footway"", ""portage"": ""designated"", ""source"": ""Strava Heatmap"", ""surface"": ""ground""}"
75366384,Smoke Lake - Ragged Lake Portage,258.2,45.493886,-78.655624,45.495202,-78.656085,180760076,6463477,157.56824634056292,0.0,"{""highway"": ""footway"", ""length"": ""250m"", ""maintained"": ""yes"", ""portage"": ""designated"", ""source"": ""GPS"", ""surface"": ""dirt""}"
75366701,Devil's Staircase,377.4,45.470067,-78.620799,45.467309,-78.618222,6463476,2419158,218.90382422225173,232.3957111186562,"{""highway"": ""steps"", ""incline"": ""up"", ""maintained"": ""yes"", ""portage"": ""designated"", ""source"": ""GPS"", ""surface"": ""dirt""}"
80504288,,1605.5,45.468902,-78.339955,45.456247,-78.334339,6498256,1208433,0.0,0.0,"{""highway"": ""footway"", ""portage"": ""designated"", ""source"": ""CanVec 6.0 - NRCan""}"
80504304,,1326.6,45.443859,-78.327091,45.433669,-78.32104,1182607035,80507749,195.1432353484243,0.0,"{""highway"": ""footway"", ""portage"": ""designated""}"
80507831,,579.8,45.417038,-78.312127,45.411882,-78.311157,80507687,80507740,0.0,0.0,"{""highway"": ""footway"", ""portage"": ""designated"", ""source"": ""CanVec 6.0 - NRCan""}"
80507832,,414.3,45.408887,-78.30919,45.405414,-78.307564,80507740,80507775,220.56639341883198,249.6239190702372,"{""highway"": ""footway"", ""portage"": ""designated"", ""source"": ""CanVec 6.0 - NRCan""}"
80561553,,1196.7,45.34673,-78.270618,45.356288,-78.267251,80561426,80561770,0.0,0.0,"{""highway"": ""footway"", ""portage"": ""designated""}"
80561570,,408.2,45.331238,-78.25226,45.327847,-78.250841,-287,80556585,0.0,148.6207992219075,"{""highway"": ""footway"", ""portage"": ""designated"", ""source"": ""CanVec 6.0 - NRCan""}"
80561655,,832.4,45.340505,-78.265487,45.336274,-78.25738,80561426,80561620,0.0,0.0,"{""highway"": ""footway"", ""portage"": ""designated""}"
80565592,,1673.5,45.272757,-78.236705,45.258271,-78.233913,80565669,-152,0.0,40.56531444146477,"{""highway"": ""footway"", ""portage"": ""designated""}"
80565610,,2025.7,45.309643,-78.244597,45.292307,-78.243536,80556585,80565661,0.0,0.0,"{""highway"": ""footway"", ""portage"": ""designated"", ""surface"": ""dirt""}"
82422268,North Grace Lake - Lake Louisa Portage,1462.1,45.443559,-78.504833,45.452784,-78.498211,3378613,3378611,244.95652401124406,0.0,"{""highway"": ""footway"", ""maintained"": ""yes"", ""portage"": ""designated"", ""source"": ""Strava Heatmap"", ""surface"": ""dirt""}"
82423129,Lake Louisa - Rod and Gun Lake Portage,502.5,45.48231,-78.515177,45.477962,-78.515573,2421989,3378611,44.704282138080714,0.0,"{""highway"": ""footway"", ""portage"": ""designated"", ""source"": ""GPS"", ""surface"": ""dirt""}"
82423135,Rod and Gun Lake - Lawrence Lake Portage,443.9,45.488124,-78.515932,45.490541,-78.512555,2421989,2421874,0.0,236.06517367468228,"{""highway"": ""footway"", ""portage"": ""designated"", ""source"": ""GPS"", ""surface"": ""dirt""}"
82450558,Whatnot Lakes - McGarvey Lake Portage,409.6,45.424295,-78.579186,45.425776,-78.574562,82450765,3378612,235.87680325871258,0.0,"{""highway"": ""footway"", ""maintained"": ""yes"", ""portage"": ""designated"", ""source"": ""GPS"", ""surface"": ""dirt""}"
82450603,,1333.9,45.399832,-78.594425,45.390475,-78.586505,1239545,82450527,135.49559862668946,0.0,"{""highway"": ""footway"", ""portage"": ""designated"", ""source"": ""CanVec 6.0 - NRCan""}"
82450625,,237.1,45.419478,-78.567857,45.417373,-78.567695,3378612,1239543,0.0,0.0,"{""highway"": ""footway"", ""portage"": ""designated"", ""source"": ""CanVec 6.0 - NRCan""}"
82450723,,360.1,45.394427,-78.579255,45.394843,-78.574793,82450527,82450900,202.14669945503843,0.0,"{""highway"": ""footway"", ""portage"": ""designated"", ""source"": ""CanVec 6.0 - NRCan""}"
82450856,Little Coon Lake - Whatnot Lakes Portage,894.6,45.429909,-78.587163,45.424619,-78.580653,181376972,82450765,236.74879822489257,218.94564341827368,"{""highway"": ""footway"", ""maintained"": ""yes"", ""portage"": ""designated"", ""source"": ""GPS"", ""surface"": ""dirt""}"
82450861,McGarvey Lake - Lemon Lake Portage,789.2,45.434182,-78.556881,45.435868,-78.547901,3378612,82450421,238.0377654744659,0.0,"{""highway"": ""footway"", ""maintained"": ""yes"", ""portage"": ""designated"", ""source"": ""GPS"", ""surface"": ""dirt""}"
180174009,Head Lake - Cache Lake Portage,1654.4,45.530906,-78.58188,45.520363,-78.569315,2216561,181381374,244.67724368610573,0.0,"{""highway"": ""footway"", ""motor_vehicle"": ""no"", ""portage"": ""designated"", ""source"": ""Strava Heatmap"", ""surface"": ""dirt""}"
232363998,Big Porcupine Lake - Little Coon Lake Portage,226.8,45.438697,-78.596738,45.4373,-78.595312,2419158,181376972,0.0,0.0,"{""highway"": ""footway"", ""maintained"": ""yes"", ""portage"": ""designated"", ""source"": ""Strava Heatmap"", ""surface"": ""dirt""}"
232365056,Lemon Lake - North Grace Lake Portage,141.7,45.436622,-78.542024,45.436713,-78.540434,3378613,82450421,225.31493651548115,227.5847262048976,"{""highway"": ""footway"", ""maintained"": ""yes"", ""portage"": ""designated"", ""source"": ""GPS"", ""surface"": ""dirt""}"
232367264,Lawrence Lake - Pardee Lake Portage,29.0,45.49192,-78.534631,45.492032,-78.534967,2421874,2421874,0.0,122.54696327819994,"{""highway"": ""footway"", ""maintained"": ""yes"", ""portage"": ""designated"", ""source"": ""GPS"", ""surface"": ""dirt""}"
232367265,Pardee Lake - Harness Lake Portage,140.4,45.498739,-78.535137,45.499909,-78.53474,181590616,15832252,0.0,123.03830511838783,"{""highway"": ""footway"", ""portage"": ""designated"", ""source"": ""GPS"", ""surface"": ""dirt""}"
237602378,Booth's Rock Trail,1373.1,45.518028,-78.399277,45.522663,-78.384705,2974053,166189604,210.58535658931805,216.51462207725962,"{""bicycle"": ""no"", ""highway"": ""footway"", ""portage"": ""designated"", ""sac_scale"": ""hiking"", ""source"": ""survey"", ""surface"": ""ground"", ""trail_visibility"": ""excellent""}"
309132732,,56.7,45.471829,-78.58421,45.471475,-78.583688,181376796,181376796,241.04438531751262,0.0,"{""highway"": ""footway"", ""length"": ""60m"", ""portage"": ""designated"", ""surface"": ""ground""}"
975803901,,310.0,45.532603,-78.635655,45.534814,-78.634614,2216566,2216568,0.0,0.0,"{""highway"": ""footway"", ""portage"": ""designated"", ""source"": ""Strava Heatmap"", ""surface"": ""unpaved""}"
975803902,,214.8,45.525688,-78.657381,45.526521,-78.654978,166311275,2216566,242.34461992084366,0.0,"{""highway"": ""footway"", ""portage"": ""designated"", ""source"": ""Strava Heatmap""}"
975803903,,868.3,45.529163,-78.669288,45.525872,-78.660652,6463477,166311275,246.694789098936,0.0,"{""highway"": ""footway"", ""lit"": ""no"", ""portage"": ""designated"", ""source"": ""Strava Heatmap"", ""surface"": ""ground""}"
979914824,,282.9,45.512208,-78.561243,45.514549,-78.562152,74571198,181381374,220.29458418996325,30.973836021279332,"{""highway"": ""footway"", ""portage"": ""designated"", ""source"": ""Strava Heatmap""}"
979914825,,1039.7,45.516924,-78.536699,45.522928,-78.545508,15832252,181381374,0.0,244.3138242572965,"{""highway"": ""footway"", ""lit"": ""no"", ""portage"": ""designated"", ""source"": ""Strava Heatmap"", ""surface"": ""ground""}"
979914834,Cache Lake - Hilliard Lake,748.8,45.523553,-78.597528,45.52918,-78.593038,2419654,2216561,246.83923840146042,203.90972757731637,"{""highway"": ""footway"", ""portage"": ""designated"", ""source"": ""Strava Heatmap""}"
979914839,,119.0,45.538118,-78.631632,45.538962,-78.630853,2216568,2216559,189.91342078183627,231.23015294317682,"{""highway"": ""footway"", ""portage"": ""designated"", ""source"": ""Strava Heatmap"", ""surface"": ""unpaved""}"
980130749,,107.1,45.492744,-78.356543,45.492786,-78.3553,2425117,6498256,0.0,0.0,"{""highway"": ""footway"", ""portage"": ""designated"", ""source"": ""Strava Heatmap""}"
980130751,,95.1,45.469183,-78.351966,45.469099,-78.350874,80504462,6498256,246.39165644751333,0.0,"{""highway"": ""footway"", ""portage"": ""designated"", ""source"": ""Strava Heatmap""}"
980130752,,1655.0,45.460955,-78.37778,45.466654,-78.359564,6549546,80504462,236.83430224794216,0.0,"{""highway"": ""footway"", ""portage"": ""designated"", ""source"": ""Strava Heatmap""}"
980130758,,2915.5,45.484882,-78.438735,45.492849,-78.40937,3378611,2974053,248.60890997412017,0.0,"{""highway"": ""footway"", ""portage"": ""designated"", ""source"": ""Strava Heatmap""}"
980130760,,377.9,45.476814,-78.396198,45.479839,-78.396993,6549546,2974053,0.0,0.0,"{""highway"": ""footway"", ""portage"": ""designated"", ""source"": ""Strava Heatmap""}"
980711275,,267.3,45.433366,-78.358433,45.432225,-78.356094,6549546,2427708,220.47447138533545,0.0,"{""highway"": ""footway"", ""portage"": ""designated"", ""source"": ""Strava Heatmap""}"
982266077,,38.0,45.450561,-78.475185,45.450662,-78.474719,181686278,181686278,249.0964711979301,228.04457337229434,"{""highway"": ""footway"", ""portage"": ""designated"", ""source"": ""Strava Heatmap""}"
982266078,Florence Lake - Louisa Lake,2845.5,45.444965,-78.470823,45.460961,-78.460077,80505697,3378611,238.81848809252048,246.2328838603995,"{""highway"": ""footway"", ""portage"": ""designated"", ""source"": ""Strava Heatmap""}"
982266079,Florence Lake - Louisa Lake,1713.3,45.451512,-78.493164,45.441382,-78.479452,3378611,80505697,0.0,0.0,"{""highway"": ""footway"", ""portage"": ""designated"", ""source"": ""Strava Heatmap""}"
982266081,,267.7,45.428742,-78.469363,45.427189,-78.467091,1208470,982266080,0.0,181.09257260446827,"{""highway"": ""footway"", ""portage"": ""designated"", ""source"": ""Strava Heatmap""}"
982266083,,305.3,45.431417,-78.382986,45.433439,-78.380658,1208473,1208473,116.82335528980876,234.00576035949985,"{""highway"": ""footway"", ""portage"": ""designated"", ""source"": ""Strava Heatmap""}"
982266084,,2205.1,45.422923,-78.407677,45.429958,-78.385976,181938475,1208473,233.23430990783362,231.64787619143098,"{""highway"": ""footway"", ""portage"": ""designated"", ""source"": ""Strava Heatmap""}"
1042086441,,645.7,45.222374,-78.201727,45.227034,-78.199494,904316,1042373089,80.08400730942999,0.0,"{""highway"": ""footway"", ""portage"": ""designated"", ""source"": ""Strava Heatmap"", ""surface"": ""dirt""}"
1042086445,,394.6,45.218215,-78.221954,45.220916,-78.220478,904224,58463743,196.23788894438093,0.0,"{""highway"": ""footway"", ""portage"": ""designated"", ""source"": ""Strava Heatmap"", ""surface"": ""dirt""}"
1042086446,,1396.6,45.217137,-78.223216,45.219815,-78.208814,904224,904316,0.0,0.0,"{""highway"": ""footway"", ""portage"": ""designated"", ""source"": ""Strava Heatmap"", ""surface"": ""dirt""}"
1042373091,,863.6,45.237612,-78.22492,45.239988,-78.215587,1150566327,904307,209.65232763444988,0.0,"{""highway"": ""footway"", ""portage"": ""designated"", ""source"": ""Strava Heatmap"", ""surface"": ""dirt""}"
1043308503,,993.5,45.381943,-78.241099,45.386591,-78.250338,3377987,1208484,0.0,243.01004759286238,"{""highway"": ""footway"", ""portage"": ""designated"", ""source"": ""Strava Heatmap"", ""surface"": ""dirt""}"
1044542324,,381.0,45.463703,-78.298168,45.466734,-78.296346,6498256,6498256,245.56409885744128,240.42978162444518,"{""highway"": ""footway"", ""portage"": ""designated"", ""source"": ""Strava Heatmap"", ""surface"": ""dirt""}"
1150011234,,197.1,45.486851,-78.68273,45.488495,-78.683352,82510312,82510312,238.856274117808,234.08449477038428,"{""highway"": ""footway"", ""maintained"": ""yes"", ""portage"": ""designated"", ""source"": ""Strava Heatmap""}"
1150011236,,671.5,45.488495,-78.683352,45.493628,-78.681775,82510312,6463477,234.08449477038428,0.0,"{""highway"": ""footway"", ""maintained"": ""yes"", ""portage"": ""designated"", ""source"": ""Strava Heatmap""}"
1150011237,,284.3,45.480974,-78.679427,45.483048,-78.680075,82510394,82510312,0.0,67.06939038523575,"{""highway"": ""footway"", ""portage"": ""designated"", ""source"": ""Strava Heatmap""}"
1150011238,,356.6,45.478224,-78.679424,45.476134,-78.676549,82510394,6463476,44.867703480235,0.0,"{""highway"": ""footway"", ""portage"": ""designated"", ""source"": ""Strava Heatmap""}"
1150011239,,27.4,45.490592,-78.536174,45.490835,-78.536147,2421874,2421874,65.76251543547743,47.530410811009155,"{""highway"": ""footway"", ""portage"": ""designated"", ""source"": ""Strava Heatmap""}"
1150011240,,64.7,45.490592,-78.536174,45.490906,-78.535492,2421874,2421874,65.76251543547743,0.0,"{""highway"": ""footway"", ""portage"": ""designated"", ""source"": ""Strava Heatmap""}"
1150011241,,621.0,45.486558,-78.540493,45.490592,-78.536174,2421926,2421874,0.0,65.76251543547743,"{""highway"": ""footway"", ""portage"": ""designated"", ""source"": ""Strava Heatmap""}"
1150011242,,66.3,45.482688,-78.557283,45.482557,-78.556624,2419627,2421926,236.83562951418597,0.0,"{""highway"": ""footway"", ""portage"": ""designated"", ""source"": ""Strava Heatmap"", ""surface"": ""unpaved""}"
1150011243,Cradle Lake - Plough Lake,332.2,45.475678,-78.579515,45.478491,-78.579347,181376796,82422972,237.55342228431357,0.0,"{""highway"": ""footway"", ""length"": ""350m"", ""portage"": ""designated"", ""source"": ""Strava Heatmap"", ""surface"": ""unpaved""}"
1150011244,,156.2,45.47148,-78.576625,45.47224,-78.575147,2419627,2419627,239.53496400040385,0.0,"{""highway"": ""footway"", ""length"": ""170m"", ""portage"": ""designated"", ""source"": ""Strava Heatmap"", ""surface"": ""ground""}"
1150011245,,201.3,45.447139,-78.594906,45.448209,-78.593135,181376771,181376771,224.8986461374581,0.0,"{""highway"": ""footway"", ""length"": ""190m"", ""portage"": ""designated"", ""source"": ""Strava Heatmap"", ""surface"": ""ground""}"
1150011246,,387.6,45.458655,-78.612605,45.455796,-78.610193,2419158,2419158,249.34620245075135,0.0,"{""highway"": ""footway"", ""length"": ""390m"", ""portage"": ""designated"", ""source"": ""Strava Heatmap"", ""surface"": ""ground""}"
1150243884,Ragged Lake - Big Porcupine Lake Portage,107.0,45.467309,-78.618222,45.466657,-78.617313,2419158,2419158,232.3957111186562,0.0,"{""highway"": ""footway"", ""maintained"": ""yes"", ""portage"": ""designated"", ""source"": ""GPS"", ""surface"": ""dirt""}"
1150566312,,258.9,45.42114,-78.316888,45.42315,-78.317666,80507720,80507720,130.88672356609007,105.30645326168107,"{""highway"": ""footway"", ""portage"": ""designated""}"
1150566313,,2002.5,45.386314,-78.38981,45.398003,-78.376714,80507134,2427708,215.5592720583035,0.0,"{""highway"": ""footway"", ""portage"": ""designated""}"
1150566314,,1055.4,45.382601,-78.338483,45.389796,-78.345975,-262,182190740,0.0,0.0,"{""highway"": ""footway"", ""portage"": ""designated""}"
1150566317,,1465.0,45.401882,-78.306673,45.391283,-78.297478,80507775,1208483,16.824055083110043,0.0,"{""highway"": ""footway"", ""note"": ""Approx"", ""portage"": ""designated""}"
1150566318,,539.7,45.394758,-78.282909,45.394746,-78.277565,1208483,-267,244.33393477468167,92.73038980591171,"{""highway"": ""footway"", ""portage"": ""designated""}"
1150566319,,826.7,45.394746,-78.277565,45.40074,-78.27136,-267,1208484,92.73038980591171,219.59497267437655,"{""highway"": ""track"", ""portage"": ""designated"", ""surface"": ""gravel"", ""tracktype"": ""grade3""}"
1150566321,,185.5,45.401305,-78.26922,45.40074,-78.27136,1208484,1208484,128.1871156827696,219.59497267437655,"{""highway"": ""footway"", ""portage"": ""designated""}"
1150566322,,1437.3,45.366461,-78.319725,45.366962,-78.302787,-262,-262,0.0,50.95865319861839,"{""highway"": ""footway"", ""portage"": ""designated""}"
1150566323,,106.4,45.373254,-78.278348,45.372926,-78.279264,80561493,80561493,189.28344268580608,202.63354687242406,"{""highway"": ""footway"", ""portage"": ""designated""}"
1150566324,,1317.5,45.383076,-78.270339,45.386498,-78.257046,-262,1208484,17.697335456222063,0.0,"{""highway"": ""footway"", ""portage"": ""designated""}"
1150566325,,809.8,45.371868,-78.25289,45.376109,-78.246222,80561479,3377987,0.0,0.0,"{""highway"": ""footway"", ""portage"": ""designated"", ""source"": ""CanVec 6.0 - NRCan""}"
1150566326,,71.8,45.279655,-78.240484,45.280244,-78.240577,80565669,80565661,0.0,0.0,"{""highway"": ""footway"", ""portage"": ""designated""}"
1150811634,,182.7,45.376295,-78.444949,45.376748,-78.442789,80507067,80507067,225.17383452312387,0.0,"{""highway"": ""footway"", ""portage"": ""designated""}"
1150811635,,287.2,45.376196,-78.445035,45.377705,-78.447525,1209337,1209337,219.844435537739,239.30780924168317,"{""highway"": ""footway"", ""portage"": ""designated""}"
1150811636,,725.5,45.356719,-78.440147,45.362972,-78.439584,80562564,1209337,0.0,230.61259778526627,"{""highway"": ""footway"", ""portage"": ""designated""}"
1150811637,,103.0,45.369178,-78.451056,45.36924,-78.452347,1209337,1208476,0.0,218.63396494164775,"{""highway"": ""footway"", ""portage"": ""designated""}"
1150811638,,109.3,45.371048,-78.45363,45.371224,-78.452261,1208476,1209337,198.4263690742567,0.0,"{""highway"": ""footway"", ""portage"": ""designated""}"
1150811639,,176.4,45.384708,-78.471946,45.385348,-78.47019,80507159,80507159,143.5755064556779,11.298820633691781,"{""highway"": ""footway"", ""portage"": ""designated""}"
1150811640,,636.3,45.478668,-78.381245,45.479412,-78.37402,6549546,80504313,234.33874074716152,0.0,"{""highway"": ""footway"", ""portage"": ""designated""}"
1150811641,,12.5,45.518028,-78.399277,45.517916,-78.39929,2974053,2974053,210.58535658931805,210.0864205910713,"{""highway"": ""footway"", ""portage"": ""designated"", ""surface"": ""ground""}"
1150811642,,615.7,45.539378,-78.386955,45.534576,-78.383581,-194,166189614,0.0,0.0,"{""highway"": ""footway"", ""portage"": ""designated""}"
1150811652,,1722.3,45.530602,-78.332774,45.543411,-78.327648,1152941,1152934,224.72517274721213,0.0,"{""highway"": ""footway"", ""portage"": ""designated"", ""source"": ""CanVec 6.0 - NRCan""}"
1150811654,,1541.4,45.514332,-78.299643,45.515912,-78.283723,1152943,6498256,0.0,245.69726754638947,"{""highway"": ""footway"", ""portage"": ""designated"", ""source"": ""CanVec 6.0 - NRCan""}"
1150811655,,228.8,45.519406,-78.306867,45.517406,-78.306206,75091747,1152943,177.22557822840687,0.0,"{""highway"": ""footway"", ""portage"": ""designated"", ""source"": ""CanVec 6.0 - NRCan""}"
1150811656,,828.2,45.520783,-78.308419,45.524315,-78.31662,75091747,1152941,0.0,248.16029008018737,"{""highway"": ""footway"", ""portage"": ""designated"", ""source"": ""CanVec 6.0 - NRCan""}"
1150811657,,958.6,45.471629,-78.32026,45.46848,-78.309657,80504430,6498256,202.05049494505653,0.0,"{""highway"": ""footway"", ""portage"": ""designated"", ""source"": ""CanVec 6.0 - NRCan""}"
1153088335,,589.3,45.526453,-78.339525,45.526532,-78.332773,15583758,1152941,243.44097470998048,0.0,"{""highway"": ""footway"", ""portage"": ""designated"", ""source"": ""Strava Heatmap""}"
1153088372,,145.8,45.535601,-78.547359,45.536511,-78.546154,166122627,2213674,0.0,0.0,"{""highway"": ""footway"", ""portage"": ""designated"", ""source"": ""Strava Heatmap""}"
1153088373,,202.7,45.502934,-78.598521,45.501667,-78.596911,181381342,181378869,0.0,0.0,"{""highway"": ""footway"", ""portage"": ""designated"", ""source"": ""Strava Heatmap"", ""surface"": ""unpaved""}"
1153088374,,945.4,45.512207,-78.600022,45.504065,-78.600086,181381346,181381342,57.85189784645243,248.87946455240262,"{""highway"": ""footway"", ""portage"": ""designated"", ""source"": ""Strava Heatmap"", ""surface"": ""unpaved""}"
1153088375,Hillard Lake - Delano Lake,346.6,45.515128,-78.606118,45.515477,-78.601946,2419654,181381346,245.51679817184376,0.0,"{""highway"": ""footway"", ""portage"": ""designated"", ""source"": ""Strava Heatmap"", ""surface"": ""unpaved""}"
1153088376,,242.7,45.406422,-78.468982,45.408011,-78.467114,80507167,2424996,244.24444898188628,245.1061283941662,"{""highway"": ""footway"", ""portage"": ""designated""}"
1153088377,,257.5,45.394061,-78.471537,45.396039,-78.47207,80506906,80506906,236.46316952821147,224.1318821390178,"{""highway"": ""footway"", ""portage"": ""designated""}"
1153088378,,203.5,45.381636,-78.471922,45.383227,-78.473019,1208476,1208476,233.0997974880767,226.4830628875256,"{""highway"": ""footway"", ""portage"": ""designated""}"
1154649398,,141.9,45.421619,-78.576227,45.420425,-78.576107,82450765,82450745,87.65956637560717,0.0,"{""highway"": ""footway"", ""portage"": ""designated""}"
1154649400,,648.6,45.449512,-78.558691,45.445734,-78.552895,181603114,3378612,240.58892885096498,0.0,"{""highway"": ""footway"", ""length"": ""660m"", ""portage"": ""designated"", ""source"": ""Strava Heatmap""}"
1154649406,,976.6,45.452101,-78.573709,45.448592,-78.563654,181376771,181603114,249.1970432892466,0.0,"{""highway"": ""footway"", ""length"": ""1250m"", ""portage"": ""designated"", ""surface"": ""ground""}"
1167248769,,141.0,45.481603,-78.655506,45.481625,-78.653771,1240237,6463476,212.46734461711992,0.0,"{""highway"": ""footway"", ""portage"": ""designated"", ""source"": ""Strava Heatmap""}"
1167248770,,334.9,45.479,-78.665867,45.47765,-78.662522,82510368,1240237,115.50871162614789,0.0,"{""highway"": ""footway"", ""portage"": ""designated"", ""source"": ""Strava Heatmap""}"
1167248772,,511.0,45.480719,-78.676547,45.48021,-78.670314,82510394,82510368,223.3394665791428,0.0,"{""highway"": ""footway"", ""portage"": ""designated"", ""source"": ""Strava Heatmap""}"
1167248789,,1600.4,45.416573,-78.59543,45.423601,-78.581294,-374,82450765,240.60832359189283,0.0,"{""highway"": ""footway"", ""maintained"": ""yes"", ""portage"": ""designated"", ""source"": ""Strava Heatmap"", ""surface"": ""dirt""}"
1167248790,,2517.7,45.43139,-78.593944,45.40995,-78.596304,181376972,1239545,0.0,0.0,"{""highway"": ""footway"", ""maintained"": ""yes"", ""portage"": ""designated"", ""source"": ""Strava Heatmap"", ""surface"": ""dirt""}"
1171031284,Highland Backpacking Trail,181.0,45.525972,-78.5618,45.524967,-78.563368,181381374,181381374,233.29238619018233,238.2955114601547,"{""bicycle"": ""no"", ""highway"": ""footway"", ""portage"": ""designated"", ""sac_scale"": ""hiking"", ""source"": ""CanVec 6.0 - NRCan"", ""surface"": ""ground"", ""trail_visibility"": ""excellent""}"
1171031286,,8.3,45.525972,-78.5618,45.526044,-78.561771,181381374,181381374,233.29238619018233,239.03588632583973,"{""bicycle"": ""no"", ""highway"": ""footway"", ""portage"": ""designated"", ""sac_scale"": ""hiking"", ""source"": ""CanVec 6.0 - NRCan""}"
1171031287,,22.6,45.524967,-78.563368,45.524884,-78.563632,181381374,181381374,238.2955114601547,215.97831301341614,"{""bicycle"": ""no"", ""highway"": ""footway"", ""portage"": ""designated"", ""sac_scale"": ""hiking"", ""source"": ""CanVec 6.0 - NRCan"", ""surface"": ""ground""}"
1171031293,Plough Lake - Little Mohawk Lake,302.1,45.48178,-78.583989,45.480457,-78.580855,181378796,82422972,241.41390785428155,0.0,"{""highway"": ""footway"", ""portage"": ""designated"", ""surface"": ""unpaved""}"
1171031294,Mohawk Lake - Little Mohawk Lake,793.9,45.489148,-78.589753,45.482872,-78.585836,181378841,181378796,249.25698749369295,0.0,"{""highway"": ""footway"", ""portage"": ""designated"", ""surface"": ""unpaved""}"
1171031296,Kingfisher Lake - Mohawk Lake,507.3,45.497084,-78.591188,45.492893,-78.589794,181378869,181378841,208.31888719794,246.67365105377104,"{""highway"": ""footway"", ""portage"": ""designated"", ""surface"": ""unpaved""}"
1182607046,,173.6,45.376739,-78.329281,45.377586,-78.330618,-262,-262,0.0,0.0,"{""highway"": ""footway"", ""portage"": ""designated""}"
1183777147,,739.4,45.397329,-78.56447,45.403717,-78.566586,82450900,1239543,0.0,238.10210380519098,"{""highway"": ""footway"", ""portage"": ""designated""}"
1183777155,,1110.6,45.359206,-78.570378,45.367978,-78.57554,82451990,-384,229.90623939292533,0.0,"{""highway"": ""footway"", ""portage"": ""designated""}"
1183777158,,34.3,45.3789,-78.579304,45.378741,-78.578993,82450465,82450465,21.338268680795082,31.39031144932882,"{""highway"": ""footway"", ""portage"": ""designated""}"
1184111663,,210.5,45.223041,-78.225709,45.224295,-78.2277,58463743,58464822,0.0,113.54051508888736,"{""highway"": ""footway"", ""portage"": ""designated"", ""source"": ""Strava Heatmap"", ""surface"": ""dirt""}"
1193634965,Ragged Lake - Big Porcupine Lake Portage,117.7,45.471035,-78.621186,45.470067,-78.620799,6463476,6463476,0.0,218.90382422225173,"{""highway"": ""footway"", ""maintained"": ""yes"", ""portage"": ""designated"", ""source"": ""GPS"", ""surface"": ""dirt""}"
1206158044,,115.4,45.538518,-78.54572,45.538707,-78.54435,2213674,2213674,244.64895873200925,246.03049055962666,"{""highway"": ""footway"", ""portage"": ""designated"", ""surface"": ""dirt""}"
1206158045,North Grace Lake - Stringer Lake Portage,311.1,45.434128,-78.506122,45.431726,-78.505928,3378613,82450602,0.0,0.0,"{""highway"": ""footway"", ""portage"": ""designated"", ""surface"": ""dirt""}"
1042086436,,694.4,45.20804,-78.157471,45.204217,-78.151669,58463675,1533232699,237.38559325579797,246.48468269527208,"{""highway"": ""footway"", ""portage"": ""designated"", ""source"": ""Strava Heatmap"", ""surface"": ""dirt""}"
1042086438,,326.4,45.212705,-78.168492,45.215136,-78.170158,58463675,58465648,0.0,177.77490715387816,"{""highway"": ""footway"", ""portage"": ""designated"", ""source"": ""Strava Heatmap"", ""surface"": ""dirt""}"
1042373110,,139.1,45.227059,-78.179592,45.226386,-78.178185,1042373090,58461495,180.51708263411595,198.87925576389867,"{""highway"": ""footway"", ""portage"": ""designated"", ""source"": ""Strava Heatmap"", ""surface"": ""dirt""}"
1042373111,,132.2,45.218989,-78.171053,45.220147,-78.171042,58461495,58465648,200.18877197602419,211.1657104851818,"{""highway"": ""footway"", ""portage"": ""designated"", ""source"": ""Strava Heatmap"", ""surface"": ""dirt""}"
74719541,Canoe Lake to Joe Lake Portage (295m),270.6,45.571892,-78.719469,45.574254,-78.719061,2411726,2411957,0.0,0.0,"{""highway"": ""footway"", ""length"": ""295"", ""lit"": ""no"", ""portage"": ""designated"", ""sac_scale"": ""hiking"", ""source"": ""CanVec 6.0 - NRCan"", ""surface"": ""ground""}"
77847692,,804.1,45.683512,-78.750594,45.688251,-78.74468,-605,-605,0.0,0.0,"{""highway"": ""footway"", ""portage"": ""designated"", ""sac_scale"": ""hiking"", ""source"": ""Strava Heatmap"", ""surface"": ""dirt""}"
77890492,,539.8,45.679101,-78.759985,45.681004,-78.754506,77890412,-605,62.99987512186337,0.0,"{""highway"": ""footway"", ""portage"": ""designated"", ""sac_scale"": ""hiking"", ""source"": ""Strava Heatmap"", ""surface"": ""dirt""}"
77890782,McIntosh Lake - Straight Shore Lake Portage,672.7,45.659505,-78.784,45.664459,-78.780612,77890445,1180935,237.78668701648206,0.0,"{""highway"": ""footway"", ""portage"": ""designated"", ""source"": ""survey"", ""surface"": ""dirt""}"
77890843,Rosswood Lake - Brule Lake Portage,234.4,45.64159,-78.809166,45.643566,-78.808694,1180931,77890815,0.0,221.0136825715542,"{""foot"": ""yes"", ""highway"": ""footway"", ""portage"": ""designated"", ""source"": ""survey"", ""surface"": ""dirt""}"
77890867,Straight Shore Lake - Rosswood Lake Portage,1019.6,45.646372,-78.799731,45.651244,-78.79156,77890815,77890445,76.38737840484802,0.0,"{""foot"": ""yes"", ""highway"": ""footway"", ""portage"": ""designated"", ""source"": ""survey"", ""surface"": ""dirt""}"
78040242,,1181.9,45.556764,-78.893539,45.556017,-78.882498,2998117,78032839,213.59531723804778,0.0,"{""highway"": ""footway"", ""portage"": ""designated"", ""source"": ""CanVec 6.0 - NRCan, Strava Heatmap Data"", ""surface"": ""ground""}"
78046593,,684.6,45.600461,-78.892511,45.595487,-78.895462,78046626,78046671,0.0,0.0,"{""highway"": ""footway"", ""portage"": ""designated"", ""source"": ""Strava Heatmap""}"
78133301,,691.4,45.633168,-78.906304,45.631111,-78.900785,1183276,78133211,158.16707636588356,0.0,"{""highway"": ""footway"", ""portage"": ""designated"", ""source"": ""Strava Heatmap""}"
78133311,,134.9,45.673834,-78.88353,45.674797,-78.884566,2998020,78133138,0.0,0.0,"{""highway"": ""footway"", ""portage"": ""designated"", ""source"": ""strava heatmap"", ""surface"": ""ground""}"
105806795,,198.1,45.867708,-79.115716,45.866843,-79.11348,-534,-534,28.60638637668906,208.89608458757195,"{""highway"": ""footway"", ""portage"": ""designated"", ""source"": ""NRCan-CanVec-7.0""}"
105808494,,1164.0,45.926317,-79.076241,45.934022,-79.068612,143849282,2997921,28.224770298782737,0.0,"{""highway"": ""footway"", ""portage"": ""designated"", ""surface"": ""dirt""}"
236112282,Brule Lake - Potter Lake Portage,33.5,45.628609,-78.801304,45.628309,-78.801268,1180931,1180931,0.0,246.1379819800417,"{""highway"": ""footway"", ""portage"": ""designated"", ""source"": ""survey"", ""surface"": ""ground""}"
365211295,Portage Amable du Fond River to North Tea Lake,258.3,45.934414,-79.112681,45.934894,-79.109486,-875,2997921,19.90516185055492,0.0,"{""highway"": ""footway"", ""portage"": ""designated"", ""source"": ""gps""}"
477603039,Brule Lake - Potter Lake Portage,104.8,45.623971,-78.796081,45.623725,-78.794848,1182111,1182111,235.5476912155021,0.0,"{""highway"": ""footway"", ""portage"": ""designated"", ""source"": ""survey"", ""surface"": ""ground""}"
477603045,Brule Lake - Potter Lake Portage,638.0,45.628309,-78.801268,45.623971,-78.796081,1180931,1182111,246.1379819800417,235.5476912155021,"{""abandoned:gauge"": ""1435"", ""abandoned:name"": ""CN Algonquin Subdivision"", ""abandoned:railway"": ""rail"", ""abandoned:usage"": ""branch"", ""highway"": ""footway"", ""old_railway_operator"": ""Canadian National Railway"", ""portage"": ""designated"", ""railway"": ""abandoned"", ""source"": ""survey"", ""surface"": ""ground""}"
624447200,Portage Tom Thomson Lake - Ink Lake,2347.0,45.639497,-78.738506,45.648547,-78.760153,2415090,77890210,0.0,151.56910718397376,"{""access"": ""permit"", ""foot"": ""permit"", ""highway"": ""footway"", ""portage"": ""designated"", ""sac_scale"": ""hiking"", ""source"": ""Strava Heatmap"", ""surface"": ""dirt"", ""tracktype"": ""grade5"", ""width"": ""1""}"
639483914,,970.9,45.772869,-78.685594,45.774948,-78.69704,1474865,1474864,0.0,198.73340551023406,"{""highway"": ""footway"", ""portage"": ""designated"", ""source"": ""Strava Heatmap""}"
639484247,,448.0,45.734265,-78.780963,45.734179,-78.775862,-618,-618,58.59010683998865,41.61969638308107,"{""highway"": ""footway"", ""portage"": ""designated"", ""source"": ""Strava Heatmap""}"
639484791,,314.1,45.732503,-78.79652,45.732718,-78.792781,-618,-618,95.81246991428344,43.0741943891973,"{""highway"": ""footway"", ""portage"": ""designated"", ""source"": ""Strava Heatmap""}"
639485315,,1121.0,45.720447,-78.819755,45.729079,-78.818702,77849502,-618,218.34700097023298,22.251724091118007,"{""highway"": ""footway"", ""portage"": ""designated"", ""source"": ""Strava Heatmap""}"
639485708,,526.9,45.678417,-78.852879,45.676644,-78.857555,1180927,1180929,0.0,202.45837014248326,"{""highway"": ""footway"", ""portage"": ""designated"", ""source"": ""Strava Heatmap"", ""surface"": ""ground""}"
639486310,,1028.8,45.69032,-78.830091,45.683038,-78.83052,1180411,77890575,244.81067893295537,0.0,"{""highway"": ""footway"", ""portage"": ""designated"", ""source"": ""Strava Heatmap"", ""surface"": ""ground""}"
639486560,,698.6,45.712973,-78.806061,45.708729,-78.800554,77849357,1180411,67.74732803352977,0.0,"{""highway"": ""footway"", ""portage"": ""designated""}"
868538271,Little McCraney - Rain Cart Path,1617.1,45.618985,-78.930493,45.605339,-78.927916,1183276,1151346315,212.31566543211378,230.83521961222354,"{""hand_cart"": ""yes"", ""highway"": ""footway"", ""portage"": ""designated"", ""source"": ""Strava Heatmap Data""}"
868538282,Western Uplands Backpacking Trail,1520.1,45.591967,-78.834817,45.581118,-78.830881,-668,1151278876,119.02514435277159,188.99686734887212,"{""highway"": ""footway"", ""portage"": ""yes"", ""sac_scale"": ""hiking"", ""source"": ""CanVec 6.0 - NRCan, Strava Heatmap Data"", ""surface"": ""ground""}"
975045658,,112.5,45.941383,-78.962515,45.940554,-78.961759,1951871,1951871,228.7686130508979,0.0,"{""highway"": ""footway"", ""portage"": ""designated"", ""source"": ""Strava Heatmap"", ""surface"": ""dirt""}"
975673007,,1255.4,45.602359,-78.831547,45.591967,-78.834817,-668,-668,0.0,119.02514435277159,"{""highway"": ""footway"", ""portage"": ""designated"", ""source"": ""Strava Heatmap""}"
975673014,,1022.2,45.618444,-78.828755,45.625778,-78.823486,1182110,-629,193.83688843794755,0.0,"{""highway"": ""footway"", ""portage"": ""designated"", ""source"": ""Strava Heatmap""}"
975673015,,115.8,45.627222,-78.774078,45.626269,-78.773617,77890824,78027791,222.55751450119644,0.0,"{""highway"": ""footway"", ""portage"": ""designated"", ""source"": ""Strava Heatmap"", ""surface"": ""dirt""}"
975673016,,337.3,45.624033,-78.783023,45.62615,-78.780182,1182111,77890824,158.35116751365086,0.0,"{""highway"": ""footway"", ""portage"": ""designated"", ""source"": ""Strava Heatmap"", ""surface"": ""ground""}"
975673017,,515.4,45.644718,-78.826398,45.641582,-78.821524,77890847,1180931,239.80772769557854,231.3188600284415,"{""abandoned:gauge"": ""1435"", ""abandoned:name"": ""CN Algonquin Subdivision"", ""abandoned:railway"": ""rail"", ""abandoned:usage"": ""branch"", ""highway"": ""footway"", ""old_railway_operator"": ""Canadian National Railway"", ""portage"": ""designated"", ""railway"": ""abandoned"", ""source"": ""Strava Heatmap"", ""surface"": ""dirt""}"
975673018,,2517.4,45.659085,-78.860058,45.650039,-78.835198,77890745,77890847,231.5508109102636,0.0,"{""highway"": ""footway"", ""portage"": ""designated"", ""source"": ""Strava Heatmap"", ""surface"": ""dirt""}"
975673019,,2089.7,45.639448,-78.881044,45.653678,-78.867101,2998018,77890745,243.5689250013775,107.32850837380313,"{""highway"": ""footway"", ""portage"": ""designated"", ""source"": ""Strava Heatmap"", ""surface"": ""dirt""}"
975673020,,470.7,45.630119,-78.894197,45.631028,-78.88856,78133211,2998018,210.3839018882886,0.0,"{""highway"": ""footway"", ""portage"": ""designated"", ""source"": ""Strava Heatmap"", ""surface"": ""dirt""}"
975673025,,349.4,45.639958,-78.906123,45.642249,-78.903723,1183276,78133321,0.0,0.0,"{""highway"": ""footway"", ""portage"": ""designated"", ""source"": ""Strava Heatmap"", ""surface"": ""dirt""}"
975673026,,1237.4,45.63924,-78.935381,45.635162,-78.92185,1183283,1183276,231.23808629851175,0.0,"{""highway"": ""footway"", ""portage"": ""designated"", ""source"": ""Strava Heatmap"", ""surface"": ""dirt""}"
975673027,,1208.2,45.648962,-78.953862,45.642154,-78.944885,1183277,1183283,221.7630441089715,0.0,"{""highway"": ""footway"", ""portage"": ""designated"", ""source"": ""Strava Heatmap"", ""surface"": ""dirt""}"
975673041,,1996.8,45.931242,-78.931057,45.921291,-78.915423,-530,-530,0.0,0.0,"{""highway"": ""footway"", ""portage"": ""designated"", ""source"": ""Strava Heatmap"", ""surface"": ""dirt""}"
975803889,,953.7,45.644922,-78.711928,45.640395,-78.718957,180991806,180991133,0.0,249.98321713210294,"{""highway"": ""footway"", ""portage"": ""designated"", ""source"": ""Strava Heatmap"", ""surface"": ""unpaved""}"
975803891,,282.9,45.650589,-78.70526,45.64832,-78.704244,180991359,180991806,236.68717584857941,11.196255099554628,"{""highway"": ""footway"", ""portage"": ""designated"", ""source"": ""Strava Heatmap""}"
975803892,,610.7,45.654188,-78.705652,45.659019,-78.702793,180991359,1154075,55.08345114902921,0.0,"{""highway"": ""footway"", ""portage"": ""designated"", ""source"": ""Strava Heatmap""}"
975803899,Littledoe Lake to Baby Joe Lake Portage (1140m),1157.0,45.623817,-78.69491,45.622774,-78.682274,2415347,2415686,137.38344174767786,238.1591795875314,"{""highway"": ""footway"", ""length"": ""1140"", ""portage"": ""designated"", ""source"": ""Strava Heatmap""}"
975803900,,448.5,45.61558,-78.690348,45.614773,-78.685939,181009976,2415686,246.4511248379262,0.0,"{""highway"": ""footway"", ""length"": ""430"", ""portage"": ""designated"", ""source"": ""Strava Heatmap""}"
975803928,,142.2,45.545971,-78.853766,45.544733,-78.8535,78032842,1182167,84.21066539741102,0.0,"{""highway"": ""footway"", ""portage"": ""designated"", ""source"": ""Strava Heatmap"", ""surface"": ""ground""}"
975803929,,879.6,45.550122,-78.866743,45.549651,-78.856805,78033762,78032842,12.002683492681538,0.0,"{""highway"": ""footway"", ""portage"": ""designated"", ""source"": ""Strava Heatmap"", ""surface"": ""ground""}"
975803930,,356.7,45.554749,-78.871281,45.552112,-78.869159,78032839,78033762,213.7763912020898,0.0,"{""highway"": ""footway"", ""portage"": ""designated"", ""source"": ""Strava Heatmap"", ""surface"": ""ground""}"
975803931,,45.9,45.592049,-78.903739,45.591783,-78.90419,78046455,78046455,0.0,236.76401613662716,"{""highway"": ""footway"", ""portage"": ""designated"", ""source"": ""Strava Heatmap""}"
975803932,,543.0,45.593033,-78.901731,45.594481,-78.897326,78046455,78046671,211.65773364880016,0.0,"{""highway"": ""footway"", ""portage"": ""designated"", ""source"": ""Strava Heatmap""}"
975803934,,459.7,45.652974,-78.900841,45.656685,-78.902269,78133321,78133123,0.0,168.8239026157089,"{""highway"": ""footway"", ""portage"": ""designated"", ""source"": ""Strava Heatmap""}"
975803935,,438.6,45.66018,-78.8922,45.660623,-78.886998,78133297,78133041,220.6472722775662,0.0,"{""highway"": ""footway"", ""portage"": ""designated"", ""source"": ""Strava Heatmap""}"
975803936,,187.1,45.661876,-78.882445,45.661215,-78.884515,78133191,78133191,0.0,160.2621064510994,"{""highway"": ""footway"", ""portage"": ""designated"", ""source"": ""Strava Heatmap""}"
975803937,,393.8,45.668711,-78.869008,45.666932,-78.865394,2998020,77890745,241.68180547114304,249.04746607838032,"{""highway"": ""footway"", ""portage"": ""designated"", ""source"": ""Strava Heatmap"", ""surface"": ""ground""}"
975803938,,455.5,45.671232,-78.87089,45.673897,-78.867147,2998020,1180929,0.0,0.0,"{""highway"": ""footway"", ""portage"": ""designated"", ""source"": ""Strava Heatmap"", ""surface"": ""ground""}"
975803939,,391.4,45.679219,-78.842429,45.679744,-78.838357,1180927,77890575,245.17429594758116,0.0,"{""highway"": ""footway"", ""portage"": ""designated"", ""source"": ""Strava Heatmap"", ""surface"": ""ground""}"
975803940,,925.3,45.694238,-78.859139,45.693542,-78.84799,975803943,1180411,247.7076396842015,0.0,"{""highway"": ""footway"", ""portage"": ""designated"", ""source"": ""Strava Heatmap""}"
975803941,,2365.5,45.695311,-78.867041,45.709016,-78.877842,975803943,77849493,0.0,246.64925081350378,"{""highway"": ""footway"", ""portage"": ""designated"", ""source"": ""Strava Heatmap""}"
975803942,,825.0,45.681938,-78.88806,45.688105,-78.890623,78133138,-628,0.0,0.0,"{""highway"": ""footway"", ""portage"": ""designated"", ""source"": ""Strava Heatmap"", ""surface"": ""ground""}"
975803944,,443.6,45.683454,-78.909677,45.684928,-78.904834,-628,-628,0.0,0.0,"{""highway"": ""footway"", ""portage"": ""designated"", ""source"": ""Strava Heatmap""}"
975803945,,153.2,45.678326,-78.922622,45.679538,-78.921919,1183277,1183277,0.0,233.3223166076867,"{""highway"": ""footway"", ""portage"": ""designated"", ""source"": ""Strava Heatmap""}"
975803946,,1470.1,45.680467,-78.951032,45.669948,-78.943062,2990353,1183277,0.0,0.0,"{""highway"": ""footway"", ""portage"": ""designated"", ""source"": ""Strava Heatmap""}"
975803947,,432.4,45.664142,-78.969506,45.661397,-78.966896,78133060,1183277,62.39942141544563,235.42398681254915,"{""highway"": ""footway"", ""portage"": ""designated"", ""source"": ""Strava Heatmap""}"
975803958,,146.1,45.667749,-78.982432,45.668922,-78.982137,78133087,78133087,229.95861847899184,210.36520303053808,"{""highway"": ""footway"", ""portage"": ""designated"", ""source"": ""Strava Heatmap""}"
975803959,,72.3,45.667982,-78.972843,45.668551,-78.972654,78133087,78133087,128.35337918065625,0.0,"{""highway"": ""footway"", ""portage"": ""designated"", ""source"": ""Strava Heatmap""}"
975803960,,319.5,45.67367,-78.970462,45.675654,-78.968278,78133087,2990353,246.3076553040535,0.0,"{""highway"": ""footway"", ""portage"": ""designated"", ""source"": ""Strava Heatmap""}"
976130933,,69.7,45.733183,-78.871864,45.732842,-78.87122,-618,-618,0.0,62.69963734434935,"{""highway"": ""footway"", ""portage"": ""designated"", ""source"": ""Strava Heatmap""}"
976130934,,488.1,45.709403,-78.913701,45.710322,-78.907623,2990353,1183599,240.82864142431416,0.0,"{""highway"": ""footway"", ""portage"": ""designated"", ""source"": ""Strava Heatmap""}"
976130937,,213.9,45.721618,-78.889353,45.720887,-78.887069,1183599,77849493,226.84619769745905,0.0,"{""highway"": ""footway"", ""portage"": ""designated"", ""source"": ""Strava Heatmap""}"
976130939,,1712.1,45.72318,-78.877595,45.73468,-78.868339,77849493,-618,180.35607174774165,114.09413301222604,"{""highway"": ""footway"", ""portage"": ""designated"", ""source"": ""Strava Heatmap""}"
1097136420,Tim River to Tim River,118.4,45.758398,-78.990781,45.758017,-78.989465,2990355,2990355,223.04180709688978,236.24084644677643,"{""description"": ""Portage Route: 120m"", ""highway"": ""footway"", ""portage"": ""designated"", ""surface"": ""ground""}"
1119754607,,58.6,45.645227,-78.826593,45.644718,-78.826398,77890847,77890847,199.69242528556293,239.80772769557854,"{""highway"": ""footway"", ""portage"": ""designated"", ""source"": ""Strava Heatmap"", ""surface"": ""dirt""}"
1119754608,,63.6,45.641582,-78.821524,45.641747,-78.820893,1180931,1180931,231.3188600284415,0.0,"{""highway"": ""footway"", ""portage"": ""designated"", ""source"": ""Strava Heatmap"", ""surface"": ""dirt""}"
1151278863,,422.9,45.563844,-78.87451,45.560558,-78.871942,78046537,78032839,0.0,239.99117943091522,"{""highway"": ""footway"", ""portage"": ""designated"", ""sac_scale"": ""hiking"", ""source"": ""CanVec 6.0 - NRCan"", ""surface"": ""ground""}"
1151278864,Western Uplands Backpacking Trail,187.6,45.569418,-78.86507,45.570014,-78.863109,,1182114,,242.28991703385267,"{""highway"": ""footway"", ""portage"": ""designated"", ""sac_scale"": ""hiking"", ""source"": ""CanVec 6.0 - NRCan, Strava Heatmap Data"", ""surface"": ""ground""}"
1151278865,Western Uplands Backpacking Trail,293.5,45.567343,-78.866598,45.569418,-78.86507,1182103,,247.54519622464153,,"{""bicycle"": ""no"", ""highway"": ""footway"", ""portage"": ""designated"", ""sac_scale"": ""hiking"", ""source"": ""CanVec 6.0 - NRCan, Strava Heatmap Data"", ""surface"": ""ground""}"
1151278866,,71.6,45.567343,-78.866598,45.567221,-78.867488,1182103,1182103,247.54519622464153,215.78346892425034,"{""highway"": ""footway"", ""portage"": ""designated"", ""source"": ""CanVec 6.0 - NRCan""}"
1151278867,,129.7,45.570475,-78.861682,45.570014,-78.863109,1182114,1182114,0.0,242.28991703385267,"{""highway"": ""footway"", ""portage"": ""designated"", ""source"": ""CanVec 6.0 - NRCan""}"
1151278869,Western Uplands Backpacking Trail,794.8,45.569153,-78.850387,45.570797,-78.841241,1182114,78026996,248.05418104041388,201.78766382559002,"{""highway"": ""footway"", ""portage"": ""designated"", ""sac_scale"": ""hiking"", ""source"": ""CanVec 6.0 - NRCan, Strava Heatmap Data"", ""surface"": ""ground""}"
1151278871,,18.4,45.570797,-78.841241,45.570932,-78.841103,78026996,78026996,201.78766382559002,0.0,"{""highway"": ""footway"", ""portage"": ""designated"", ""source"": ""CanVec 6.0 - NRCan""}"
1151278872,,13.8,45.569233,-78.850522,45.569153,-78.850387,1182114,1182114,235.34928260592136,248.05418104041388,"{""highway"": ""footway"", ""portage"": ""designated"", ""source"": ""CanVec 6.0 - NRCan""}"
1151278878,Western Uplands Backpacking Trail,229.1,45.578221,-78.827164,45.577198,-78.82467,1151278876,78026914,243.22137691926739,230.05592114792017,"{""highway"": ""footway"", ""portage"": ""designated"", ""sac_scale"": ""hiking"", ""source"": ""CanVec 6.0 - NRCan, Strava Heatmap Data"", ""surface"": ""ground""}"
1151278879,,96.4,45.577198,-78.82467,45.576658,-78.823701,78026914,78026914,230.05592114792017,0.0,"{""highway"": ""footway"", ""portage"": ""designated"", ""source"": ""CanVec 6.0 - NRCan""}"
1151278880,,56.0,45.578316,-78.827872,45.578221,-78.827164,1151278876,1151278876,228.14508023472814,243.22137691926739,"{""highway"": ""footway"", ""portage"": ""designated"", ""source"": ""CanVec 6.0 - NRCan""}"
1151278881,,839.6,45.564038,-78.768192,45.567856,-78.760435,1182112,78027903,208.6721461417546,0.0,"{""highway"": ""footway"", ""portage"": ""designated"", ""source"": ""CanVec 6.0 - NRCan"", ""surface"": ""ground""}"
1151278882,,1292.1,45.581553,-78.757418,45.570608,-78.756851,78028908,78027903,241.1467143758385,0.0,"{""highway"": ""footway"", ""portage"": ""designated"", ""source"": ""Strava Heatmap"", ""surface"": ""ground""}"
1151278883,,2323.9,45.583342,-78.751841,45.579282,-78.729586,74719546,2411726,217.02525917564034,243.95882761830782,"{""highway"": ""footway"", ""portage"": ""designated"", ""source"": ""Strava Heatmap"", ""surface"": ""ground""}"
1151278884,,115.2,45.597552,-78.750164,45.598438,-78.75093,-669,78027514,95.89690992925364,248.38154715594456,"{""abandoned:gauge"": ""1435"", ""abandoned:name"": ""CN Algonquin Subdivision"", ""abandoned:railway"": ""rail"", ""abandoned:usage"": ""branch"", ""highway"": ""footway"", ""old_railway_operator"": ""Canadian National Railway"", ""portage"": ""designated"", ""railway"": ""abandoned"", ""source"": ""Strava Heatmap"", ""surface"": ""ground""}"
1151278885,,1947.7,45.597552,-78.750164,45.600025,-78.731424,-669,2416860,95.89690992925364,0.0,"{""highway"": ""footway"", ""portage"": ""designated"", ""source"": ""Strava Heatmap"", ""surface"": ""ground""}"
1151278886,,11.7,45.604269,-78.756656,45.604163,-78.756658,1182111,1182111,0.0,212.06005033243406,"{""highway"": ""footway"", ""portage"": ""designated"", ""source"": ""Strava Heatmap""}"
1151278887,,641.1,45.604163,-78.756658,45.599557,-78.751867,1182111,-669,212.06005033243406,52.356526994222435,"{""abandoned:gauge"": ""1435"", ""abandoned:name"": ""CN Algonquin Subdivision"", ""abandoned:railway"": ""rail"", ""abandoned:usage"": ""branch"", ""highway"": ""footway"", ""old_railway_operator"": ""Canadian National Railway"", ""portage"": ""designated"", ""railway"": ""abandoned"", ""surface"": ""ground""}"
1151278888,,144.2,45.598438,-78.75093,45.599557,-78.751867,78027514,-669,248.38154715594456,52.356526994222435,"{""abandoned:gauge"": ""1435"", ""abandoned:name"": ""CN Algonquin Subdivision"", ""abandoned:railway"": ""rail"", ""abandoned:usage"": ""branch"", ""highway"": ""footway"", ""old_railway_operator"": ""Canadian National Railway"", ""portage"": ""designated"", ""railway"": ""abandoned"", ""surface"": ""ground""}"
1151278889,,1173.8,45.590659,-78.757832,45.598438,-78.75093,78028066,78027514,125.34187625447112,248.38154715594456,"{""highway"": ""footway"", ""portage"": ""designated"", ""source"": ""Strava Heatmap"", ""surface"": ""ground""}"
1151278890,,682.6,45.59383,-78.767031,45.589799,-78.760672,1182113,78028908,209.44492921465007,0.0,"{""highway"": ""footway"", ""portage"": ""designated"", ""source"": ""Strava Heatmap"", ""surface"": ""ground""}"
1151278892,,765.6,45.607626,-78.781574,45.601861,-78.776868,78027356,1182113,45.88554379279709,0.0,"{""highway"": ""footway"", ""portage"": ""designated"", ""source"": ""Strava Heatmap"", ""surface"": ""ground""}"
1151278896,,207.1,45.617854,-78.772915,45.618967,-78.770941,1182111,1182107,214.71319487768048,0.0,"{""highway"": ""footway"", ""portage"": ""designated"", ""source"": ""Strava Heatmap"", ""surface"": ""ground""}"
1151278897,,524.8,45.622313,-78.762904,45.624817,-78.758434,1182107,77890670,220.2857656706493,173.32886928243957,"{""highway"": ""footway"", ""portage"": ""designated"", ""source"": ""Strava Heatmap""}"
1151278898,,15.1,45.627938,-78.752977,45.628038,-78.752846,77890670,77890670,155.70404228718496,170.76263188793152,"{""bridge"": ""yes"", ""highway"": ""footway"", ""layer"": ""1"", ""portage"": ""designated"", ""source"": ""Strava Heatmap"", ""surface"": ""wood""}"
1151278899,,63.5,45.627737,-78.75373,45.627938,-78.752977,77890670,77890670,223.80226670355995,155.70404228718496,"{""highway"": ""footway"", ""portage"": ""designated"", ""source"": ""Strava Heatmap""}"
1151278900,,1458.0,45.628038,-78.752846,45.633755,-78.738536,77890670,2415090,170.76263188793152,0.0,"{""highway"": ""footway"", ""portage"": ""designated"", ""source"": ""Strava Heatmap""}"
1151346296,,297.8,45.781231,-78.70912,45.782069,-78.712613,1474864,1474864,0.0,217.8098936051655,"{""highway"": ""footway"", ""portage"": ""designated"", ""sac_scale"": ""hiking""}"
1151346297,,2635.2,45.779874,-78.750708,45.771319,-78.727378,104187034,77847780,244.1406572578115,0.0,"{""highway"": ""footway"", ""portage"": ""designated"", ""source"": ""Strava Heatmap""}"
1151346298,,1907.4,45.779354,-78.786123,45.778362,-78.762769,1475586,104187034,245.04170754182795,0.0,"{""highway"": ""footway"", ""portage"": ""designated"", ""source"": ""Strava Heatmap""}"
1151346299,,420.7,45.777261,-78.803169,45.778414,-78.798652,104187645,1475586,235.9298118382617,0.0,"{""highway"": ""footway"", ""portage"": ""designated"", ""source"": ""Strava Heatmap""}"
1151346300,,504.7,45.773195,-78.821649,45.775626,-78.817097,104187045,104187645,169.89211529843092,0.0,"{""highway"": ""footway"", ""portage"": ""designated"", ""source"": ""Strava Heatmap""}"
1151346301,,113.6,45.771652,-78.828764,45.771417,-78.827495,104187168,104187045,225.99988678912146,0.0,"{""highway"": ""footway"", ""portage"": ""designated"", ""source"": ""Strava Heatmap""}"
1151346302,,198.3,45.765187,-78.845817,45.765485,-78.843534,1475590,104186627,238.5331073509991,0.0,"{""highway"": ""footway"", ""portage"": ""designated"", ""source"": ""Strava Heatmap""}"
1151346303,,537.7,45.765927,-78.838174,45.766541,-78.831868,104186627,104187168,199.3996983287513,0.0,"{""highway"": ""footway"", ""portage"": ""designated"", ""source"": ""Strava Heatmap""}"
1151346304,,780.8,45.790864,-78.901266,45.796033,-78.904583,-763,-763,31.494291158593857,77.94139669374731,"{""highway"": ""footway"", ""portage"": ""designated"", ""source"": ""Strava Heatmap""}"
1151346306,,1323.9,45.77191,-78.930157,45.782027,-78.922662,104220035,-763,0.0,228.47964217493106,"{""highway"": ""footway"", ""portage"": ""designated"", ""source"": ""Strava Heatmap""}"
1151346307,,332.9,45.768707,-78.928665,45.766846,-78.926097,104220035,15577464,0.0,0.0,"{""highway"": ""footway"", ""portage"": ""designated"", ""source"": ""Strava Heatmap""}"
1151346309,,88.9,45.710532,-78.951477,45.711257,-78.951773,1183601,78168527,214.21512970743075,220.56088325373398,"{""highway"": ""footway"", ""portage"": ""designated"", ""source"": ""Strava Heatmap""}"
1151346310,,640.2,45.700146,-78.952853,45.705482,-78.954945,2990353,1183601,0.0,0.0,"{""highway"": ""footway"", ""portage"": ""designated"", ""source"": ""Strava Heatmap""}"
1151346311,,367.6,45.655757,-78.983827,45.652555,-78.983813,1183279,1183275,248.08831281451313,236.99840112596087,"{""highway"": ""footway"", ""portage"": ""designated"", ""source"": ""Strava Heatmap""}"
1151346313,,57.4,45.605339,-78.927916,45.604852,-78.92803,1151346315,1151346315,230.83521961222354,236.3134830714845,"{""highway"": ""footway"", ""portage"": ""designated"", ""source"": ""Strava Heatmap Data""}"
1151346314,Little McCraney - Rain Cart Path,190.7,45.605339,-78.927916,45.604708,-78.925775,1151346315,1151346315,230.83521961222354,235.50885383174457,"{""hand_cart"": ""yes"", ""highway"": ""footway"", ""portage"": ""designated"", ""source"": ""Strava Heatmap Data""}"
1152290233,,205.8,45.714697,-78.705368,45.713594,-78.703669,6462741,6462741,226.2302496151461,0.0,"{""highway"": ""footway"", ""portage"": ""designated"", ""source"": ""Strava Heatmap""}"
1152290234,,134.0,45.716068,-78.706967,45.715171,-78.705913,-615,6462741,0.0,228.09283720167775,"{""highway"": ""footway"", ""portage"": ""designated"", ""source"": ""Strava Heatmap""}"
1152290237,,152.3,45.725422,-78.707657,45.724282,-78.706768,77847865,77847865,47.88506578812315,190.95460223594492,"{""highway"": ""footway"", ""portage"": ""designated"", ""source"": ""Strava Heatmap""}"
1152290238,,304.3,45.722928,-78.722518,45.723393,-78.71916,77847779,77847865,242.79407458196118,229.0282327575708,"{""highway"": ""footway"", ""portage"": ""designated"", ""source"": ""Strava Heatmap""}"
1152290239,,193.5,45.720218,-78.734599,45.720797,-78.732896,77847779,77847779,164.04661651810255,0.0,"{""highway"": ""footway"", ""portage"": ""designated"", ""source"": ""Strava Heatmap""}"
1152290241,,842.5,45.713045,-78.757141,45.714365,-78.748344,1180411,-615,0.0,0.0,"{""highway"": ""footway"", ""portage"": ""designated"", ""source"": ""Strava Heatmap""}"
1152290242,,858.4,45.668704,-78.701375,45.662634,-78.697163,75196215,1154075,0.0,0.0,"{""highway"": ""footway"", ""portage"": ""designated"", ""source"": ""Strava Heatmap""}"
1152290243,,1356.0,45.683069,-78.711173,45.673555,-78.706039,75196311,75196215,246.0648942010126,236.8732150834837,"{""highway"": ""footway"", ""portage"": ""designated"", ""source"": ""Strava Heatmap""}"
1152290244,,912.1,45.687779,-78.708909,45.695316,-78.70531,75196311,6462741,212.5669757704611,245.2683226943579,"{""highway"": ""footway"", ""portage"": ""designated"", ""source"": ""Strava Heatmap""}"
1152290245,,819.5,45.690716,-78.816484,45.687424,-78.807517,1180411,1180932,240.40134935745962,0.0,"{""highway"": ""footway"", ""portage"": ""designated"", ""source"": ""Strava Heatmap"", ""surface"": ""ground""}"
1152290246,,422.9,45.67981,-78.789968,45.676849,-78.786808,1180932,1180935,246.1969710406855,0.0,"{""highway"": ""footway"", ""portage"": ""designated"", ""source"": ""Strava Heatmap""}"
1152504879,,1384.9,45.943567,-78.726409,45.938301,-78.715808,1475065,-763,247.979868844692,57.8774493172644,"{""highway"": ""footway"", ""portage"": ""designated"", ""source"": ""Strava Heatmap""}"
1152504880,,1799.9,45.93838,-78.754873,45.94356,-78.733289,1477514,1475065,235.51496609536352,0.0,"{""highway"": ""footway"", ""portage"": ""designated"", ""source"": ""Strava Heatmap""}"
1152504898,,1020.6,45.923053,-78.853702,45.929229,-78.846212,59878657,59642893,232.67738206445327,226.19415464135923,"{""highway"": ""footway"", ""portage"": ""designated"", ""source"": ""Strava Heatmap""}"
1152504899,,1052.5,45.912742,-78.861624,45.92074,-78.856586,59877455,59878657,249.75613146235963,0.0,"{""highway"": ""footway"", ""portage"": ""designated"", ""source"": ""Strava Heatmap""}"
1152504900,,144.0,45.907875,-78.871166,45.908914,-78.870159,931721,59877455,231.79859080529613,0.0,"{""highway"": ""footway"", ""portage"": ""designated"", ""source"": ""Strava Heatmap""}"
1152504901,,622.5,45.90636,-78.874733,45.907644,-78.88086,931721,-530,0.0,0.0,"{""highway"": ""footway"", ""portage"": ""designated"", ""source"": ""Strava Heatmap""}"
1152504905,,438.8,45.881906,-78.882828,45.884466,-78.879134,1152504908,59847283,201.55614685166125,0.0,"{""foot"": ""yes"", ""highway"": ""footway"", ""portage"": ""designated""}"
1152504906,,378.6,45.868466,-78.868172,45.867953,-78.863679,-763,,0.0,,"{""highway"": ""footway"", ""portage"": ""designated"", ""source"": ""Strava Heatmap""}"
1152504907,,1821.6,45.864281,-78.889387,45.877308,-78.888222,-763,59672245,54.4041103673275,247.61635630647572,"{""foot"": ""yes"", ""highway"": ""footway"", ""portage"": ""designated""}"
1152504909,,313.7,45.881707,-78.894831,45.880937,-78.891122,59878691,59672245,242.70639368895436,0.0,"{""highway"": ""footway"", ""portage"": ""designated"", ""source"": ""Strava Heatmap""}"
1152504910,,801.9,45.884182,-78.904914,45.881709,-78.896243,104347857,59878691,221.8676814163582,0.0,"{""highway"": ""footway"", ""portage"": ""designated"", ""source"": ""Strava Heatmap""}"
1152504911,,2754.1,45.856842,-78.931215,45.872054,-78.940815,104347856,104347857,235.72362512582117,209.88143806885893,"{""highway"": ""footway"", ""portage"": ""designated"", ""source"": ""Strava Heatmap""}"
1152504912,,943.9,45.856232,-78.931072,45.853341,-78.923335,104347856,,0.0,,"{""highway"": ""footway"", ""portage"": ""designated"", ""source"": ""Strava Heatmap""}"
1152504913,,245.7,45.852202,-78.933071,45.854017,-78.93293,104347856,104347856,177.34449529760963,0.0,"{""highway"": ""footway"", ""portage"": ""designated"", ""source"": ""Strava Heatmap""}"
1152504914,,133.0,45.821644,-78.92819,45.822252,-78.929304,-763,-763,71.97979621921729,16.51522376220812,"{""highway"": ""footway"", ""portage"": ""designated"", ""source"": ""Strava Heatmap""}"
1152504915,,164.3,45.824131,-78.93482,45.824847,-78.936416,,,,,"{""highway"": ""footway"", ""portage"": ""designated"", ""source"": ""Strava Heatmap""}"
1152504916,,278.4,45.81343,-78.92149,45.814038,-78.924227,104347818,104347818,206.54604177128132,43.345275379583306,"{""highway"": ""footway"", ""portage"": ""designated"", ""source"": ""Strava Heatmap""}"
1152504917,,127.6,45.782175,-79.002637,45.78274,-79.001425,-763,-763,99.11999425199691,201.89235983480629,"{""highway"": ""footway"", ""portage"": ""designated"", ""source"": ""Strava Heatmap""}"
1152504918,,254.5,45.780521,-79.009923,45.781019,-79.007034,-763,-763,230.80610717813036,0.0,"{""highway"": ""footway"", ""portage"": ""designated"", ""source"": ""Strava Heatmap""}"
1152504919,,89.2,45.778148,-79.019708,45.77749,-79.019393,-763,-763,77.1205386163489,0.0,"{""highway"": ""footway"", ""portage"": ""designated""}"
1152504921,,111.7,45.779926,-79.027022,45.780205,-79.025892,105783371,105783371,173.88174810806564,174.8205452724809,"{""highway"": ""footway"", ""portage"": ""designated"", ""source"": ""Strava Heatmap""}"
1152504923,,267.5,45.776233,-79.060266,45.777731,-79.057815,105783288,105783288,0.0,231.4560120543273,"{""highway"": ""footway"", ""portage"": ""designated"", ""source"": ""Strava Heatmap""}"
1152504924,,778.9,45.767862,-79.055995,45.773225,-79.05994,105782817,105783288,0.0,247.61742367353995,"{""highway"": ""footway"", ""portage"": ""designated"", ""source"": ""Strava Heatmap""}"
1152504925,,820.7,45.764839,-79.045153,45.767495,-79.054057,105782784,105782817,0.0,198.46911971292946,"{""highway"": ""footway"", ""portage"": ""designated"", ""source"": ""Strava Heatmap""}"
1152504926,,314.3,45.76115,-79.037155,45.763253,-79.03808,105783321,105782784,74.94200439161094,199.78232868397492,"{""highway"": ""footway"", ""portage"": ""designated"", ""source"": ""Strava Heatmap""}"
1152504927,,356.5,45.754946,-79.035653,45.756954,-79.038311,2990354,105783321,0.0,237.77856333164104,"{""highway"": ""footway"", ""portage"": ""designated"", ""source"": ""Strava Heatmap""}"
1152504928,,302.7,45.747529,-79.024748,45.748103,-79.021598,2990354,101298518,231.73008517181216,0.0,"{""highway"": ""footway"", ""portage"": ""designated"", ""source"": ""Strava Heatmap""}"
1152504929,,487.6,45.744284,-79.013386,45.747203,-79.017394,101298271,101298518,0.0,227.76026835859406,"{""highway"": ""footway"", ""portage"": ""designated"", ""source"": ""Strava Heatmap""}"
1152504930,,282.5,45.740713,-79.004652,45.741998,-79.007274,78168493,101298271,0.0,33.834109946788395,"{""highway"": ""footway"", ""portage"": ""designated"", ""source"": ""Strava Heatmap""}"
1152504932,,1642.9,45.731507,-78.987848,45.739457,-79.001905,78168689,78168493,0.0,203.9503247409444,"{""highway"": ""footway"", ""portage"": ""designated"", ""source"": ""Strava Heatmap""}"
1152504933,,912.2,45.732096,-78.974994,45.731937,-78.984743,78168502,78168689,0.0,237.0001157201608,"{""highway"": ""footway"", ""portage"": ""designated"", ""source"": ""Strava Heatmap""}"
1152504934,,943.3,45.730801,-78.956537,45.728967,-78.967653,78168188,78168502,0.0,197.70060095656657,"{""highway"": ""footway"", ""portage"": ""designated"", ""source"": ""Strava Heatmap""}"
1152504935,,145.4,45.728105,-78.955789,45.72936,-78.955626,78168427,78168188,179.24930729995506,151.65671903654257,"{""highway"": ""footway"", ""portage"": ""designated"", ""source"": ""Strava Heatmap""}"
1152504936,,459.9,45.722238,-78.951723,45.72598,-78.953423,78168527,78168427,0.0,130.3465960778936,"{""highway"": ""footway"", ""portage"": ""designated"", ""source"": ""Strava Heatmap""}"
1152504944,,3305.4,45.732855,-78.913711,45.75324,-78.931757,-618,15577464,33.362416389004224,0.0,"{""highway"": ""footway"", ""portage"": ""designated"", ""source"": ""Strava Heatmap""}"
1152504945,,221.8,45.753838,-78.903134,45.752066,-78.902355,1475590,976130940,152.46817942774277,229.9303581921576,"{""highway"": ""footway"", ""portage"": ""designated"", ""source"": ""Strava Heatmap""}"
1152543209,,274.5,45.799193,-79.065479,45.79774,-79.063005,105783456,105783364,231.30012240637842,0.0,"{""highway"": ""footway"", ""portage"": ""designated"", ""source"": ""Strava Heatmap""}"
1152543210,,2376.3,45.804649,-79.047025,45.814703,-79.024192,105783364,-534,0.0,0.0,"{""highway"": ""footway"", ""portage"": ""designated"", ""source"": ""Strava Heatmap""}"
1152543211,,350.4,45.86652,-79.110844,45.868681,-79.108727,,1505916,,247.33903000417183,"{""highway"": ""footway"", ""portage"": ""designated"", ""source"": ""Strava Heatmap""}"
1152543212,,135.9,45.874582,-79.092028,45.875531,-79.090959,920339,920339,100.55690187618863,0.0,"{""highway"": ""footway"", ""portage"": ""designated""}"
1152543213,,160.9,45.895724,-79.052044,45.896826,-79.050729,59646780,59646780,192.44335196969132,0.0,"{""highway"": ""footway"", ""portage"": ""designated""}"
1152543214,,896.2,45.900163,-79.045337,45.897315,-79.041356,59646780,920339,184.95701184599017,0.0,"{""highway"": ""footway"", ""portage"": ""designated""}"
1152543215,,348.6,45.905357,-79.059906,45.902687,-79.05781,59679419,59646780,246.21385724270368,0.0,"{""highway"": ""footway"", ""portage"": ""designated""}"
1152543216,,301.6,45.905058,-79.068823,45.903505,-79.066669,59877991,59679419,233.5132087187322,0.0,"{""highway"": ""footway"", ""portage"": ""designated""}"
1152543217,,594.2,45.914401,-79.070386,45.909372,-79.069996,59847797,59877991,247.31858037881412,0.0,"{""highway"": ""footway"", ""note"": ""Approximate"", ""portage"": ""designated"", ""source"": ""NRCan-CanVec-7.0""}"
1152543218,,925.6,45.923389,-79.078086,45.917113,-79.071768,143849282,59847797,222.04471427970878,0.0,"{""highway"": ""footway"", ""note"": ""Approximate"", ""portage"": ""designated"", ""source"": ""NRCan-CanVec-7.0""}"
1152543220,,1041.8,45.923829,-78.852784,45.915956,-78.848485,59878657,-546,208.73777676530486,0.0,"{""highway"": ""footway"", ""portage"": ""designated""}"
1152573256,,839.2,45.908239,-78.714387,45.915198,-78.714235,,104140581,,107.42147090455062,"{""highway"": ""footway"", ""portage"": ""designated"", ""source"": ""Strava Heatmap""}"
1152573270,,121.5,45.888927,-78.699202,45.889009,-78.697641,1474979,1474978,241.9486209293028,0.0,"{""highway"": ""footway"", ""portage"": ""designated"", ""source"": ""Strava Heatmap""}"
1152573271,,429.7,45.889823,-78.706521,45.887256,-78.704765,104140549,1474979,188.169865517346,0.0,"{""highway"": ""footway"", ""portage"": ""designated"", ""source"": ""Strava Heatmap""}"
1152573272,,1882.5,45.906369,-78.71503,45.891594,-78.707659,,104140549,,0.0,"{""highway"": ""footway"", ""portage"": ""designated"", ""source"": ""Strava Heatmap""}"
1152573273,,372.8,45.8945,-78.763926,45.894513,-78.759795,,,,,"{""highway"": ""footway"", ""portage"": ""designated"", ""source"": ""Strava Heatmap""}"
1152573274,,284.7,45.891122,-78.772554,45.893124,-78.7714,-763,-763,177.96302499283033,56.774494272606425,"{""highway"": ""footway"", ""portage"": ""designated"", ""source"": ""Strava Heatmap""}"
1152573275,,1309.6,45.901503,-78.738836,45.906181,-78.725948,-763,,0.0,,"{""highway"": ""footway"", ""portage"": ""designated"", ""source"": ""Strava Heatmap""}"
1152573276,Allen Rapids Portage,2114.4,45.8728,-78.846324,45.87604,-78.824451,,-763,,20.538559930712296,"{""highway"": ""footway"", ""portage"": ""designated"", ""source"": ""Strava Heatmap""}"
1152782962,,305.8,45.625865,-78.77165,45.624237,-78.769013,78027791,1182107,219.71648136259319,0.0,"{""highway"": ""footway"", ""portage"": ""designated"", ""source"": ""Strava Heatmap"", ""surface"": ""ground""}"
1152782963,,406.3,45.614928,-78.83968,45.613429,-78.836185,1182109,1182110,248.2440966850287,0.0,"{""highway"": ""footway"", ""portage"": ""designated""}"
1152782964,,367.2,45.615672,-78.84825,45.616117,-78.844078,77890622,1182109,146.26775894632846,0.0,"{""highway"": ""footway"", ""portage"": ""designated""}"
1152782974,,367.6,45.553283,-78.788777,45.550937,-78.78564,1182168,78033744,221.65444953160855,0.0,"{""highway"": ""footway"", ""portage"": ""designated""}"
1152782975,,676.2,45.559996,-78.782187,45.561899,-78.774664,1182168,1182112,229.4783576496048,0.0,"{""highway"": ""footway"", ""portage"": ""designated"", ""source"": ""Strava Heatmap"", ""surface"": ""ground""}"
1152782976,,405.4,45.585647,-78.733278,45.582621,-78.731377,-669,-669,0.0,0.0,"{""highway"": ""footway"", ""portage"": ""designated"", ""source"": ""Strava Heatmap"", ""surface"": ""ground""}"
1152782979,,130.9,45.596536,-78.749313,45.597552,-78.750164,-669,-669,95.79834592673824,95.89690992925364,"{""abandoned:gauge"": ""1435"", ""abandoned:name"": ""CN Algonquin Subdivision"", ""abandoned:railway"": ""rail"", ""abandoned:usage"": ""branch"", ""highway"": ""footway"", ""old_railway_operator"": ""Canadian National Railway"", ""portage"": ""designated"", ""railway"": ""abandoned"", ""source"": ""Strava Heatmap"", ""surface"": ""ground""}"
1152782980,,174.1,45.596536,-78.749313,45.595851,-78.747376,-669,-669,95.79834592673824,0.0,"{""highway"": ""footway"", ""portage"": ""designated""}"
1152782981,,135.0,45.599557,-78.751867,45.599442,-78.750322,-669,-669,52.356526994222435,0.0,"{""highway"": ""footway"", ""portage"": ""designated""}"
1152782982,,244.5,45.797879,-78.945774,45.798786,-78.943201,-763,-763,138.32681778772823,49.77336673715015,"{""highway"": ""footway"", ""portage"": ""designated"", ""source"": ""Strava Heatmap""}"
1152782983,,314.5,45.714717,-78.815831,45.714229,-78.812047,77849502,77849357,211.19444761804857,0.0,"{""highway"": ""footway"", ""portage"": ""designated"", ""source"": ""Strava Heatmap""}"
1152782984,,136.0,45.699341,-78.787944,45.700466,-78.78828,1184537353,1180411,0.0,179.79224501719028,"{""highway"": ""footway"", ""portage"": ""designated"", ""source"": ""Strava Heatmap""}"
1158061693,,525.1,45.861815,-79.110604,45.864635,-79.116044,-534,-534,116.57642570093631,93.93760211230838,"{""highway"": ""track"", ""portage"": ""designated""}"
1158061698,,2509.2,45.849281,-79.083965,45.860645,-79.108424,-534,-534,0.0,37.29104001909073,"{""highway"": ""footway"", ""portage"": ""designated""}"
1158061699,,144.4,45.832971,-79.065154,45.833629,-79.066323,59681268,59681268,10.285731628156633,109.09654096834394,"{""highway"": ""footway"", ""portage"": ""designated""}"
1158061700,,134.7,45.794366,-79.06599,45.795424,-79.065162,105783364,105783364,149.84323907378783,35.57579534357475,"{""highway"": ""footway"", ""portage"": ""designated""}"
1158061701,,426.6,45.788829,-79.068528,45.791937,-79.066926,-763,-763,0.0,106.384920114582,"{""highway"": ""footway"", ""portage"": ""designated""}"
1178791208,,819.2,45.615891,-78.778426,45.610718,-78.783647,1182111,78027356,0.0,225.5036494999058,"{""highway"": ""footway"", ""portage"": ""designated"", ""source"": ""Strava Heatmap"", ""surface"": ""ground""}"
1532767912,,54.9,45.576704,-78.817152,45.576276,-78.817449,78026914,78026914,230.6516496392702,188.98800511521088,"{""highway"": ""path"", ""portage"": ""yes""}"
1532767913,,41.2,45.576723,-78.815988,45.576764,-78.815462,78026914,1182106,245.56963624724722,0.0,"{""highway"": ""path"", ""portage"": ""yes""}"
1532767914,Western Uplands Backpacking Trail,61.2,45.576704,-78.817152,45.576308,-78.816617,78026914,78026914,230.6516496392702,182.75525462620163,"{""highway"": ""footway"", ""portage"": ""yes"", ""sac_scale"": ""hiking"", ""source"": ""CanVec 6.0 - NRCan, Strava Heatmap Data"", ""surface"": ""ground""}"
1532767915,Western Uplands Backpacking Trail,91.1,45.576308,-78.816617,45.576723,-78.815988,78026914,78026914,182.75525462620163,245.56963624724722,"{""highway"": ""footway"", ""portage"": ""yes"", ""sac_scale"": ""hiking"", ""source"": ""CanVec 6.0 - NRCan, Strava Heatmap Data"", ""surface"": ""ground""}"
1532966492,,111.3,45.783346,-79.062558,45.784108,-79.062139,-763,-763,29.492694671984207,65.80290409835797,"{""highway"": ""path"", ""portage"": ""yes""}"
1533218009,,184.7,45.860828,-79.108687,45.861815,-79.110604,-534,-534,29.74137922613543,116.57642570093631,"{""highway"": ""footway"", ""portage"": ""designated""}"
1533218017,,76.2,45.822991,-79.042484,45.823231,-79.043227,-534,-534,0.0,0.0,"{""highway"": ""path"", ""portage"": ""designated""}"
1533218020,,137.5,45.820421,-79.032024,45.819565,-79.030866,-534,-534,0.0,0.0,"{""highway"": ""path"", ""portage"": ""designated""}"
1540002386,,381.0,45.61558,-78.690348,45.613213,-78.693472,181009976,180902866,246.4511248379262,0.0,"{""highway"": ""path"", ""portage"": ""yes"", ""source"": ""strava heatmap""}"
74112958,Minnesing Trail - Polly's Pitch,1614.2,45.587407,-78.611089,45.587016,-78.599526,161500876,161500865,76.20612370174948,36.840826478094634,"{""foot"": ""yes"", ""highway"": ""cycleway"", ""piste:difficulty"": ""intermediate"", ""piste:grooming"": ""backcountry"", ""piste:type"": ""nordic"", ""portage"": ""designated"", ""surface"": ""ground""}"
74152462,Linda Lake - Iris Lake Portage,427.1,45.619329,-78.595991,45.621881,-78.592342,,166665916,,0.0,"{""highway"": ""footway"", ""portage"": ""designated"", ""source"": ""Strava Heatmap"", ""surface"": ""ground""}"
74158035,Owl - Linda,1253.1,45.605449,-78.624113,45.61056,-78.611002,74163175,2221713,0.0,0.0,"{""highway"": ""footway"", ""portage"": ""designated"", ""source"": ""Strava Heatmap"", ""surface"": ""ground""}"
74158038,Polly Lake - Linda Lake Portage,939.6,45.599489,-78.607483,45.606487,-78.606464,21130925,2221713,243.6270273495926,0.0,"{""highway"": ""footway"", ""portage"": ""designated"", ""source"": ""Strava Heatmap"", ""surface"": ""dirt""}"
74269452,Cache Lake - Canisbay Lake Portage,589.8,45.559663,-78.587135,45.55525,-78.585748,2163205,166310997,0.0,248.8782137668682,"{""highway"": ""footway"", ""motor_vehicle"": ""no"", ""portage"": ""designated"", ""source"": ""survey"", ""surface"": ""dirt""}"
74270111,,149.7,45.554677,-78.62487,45.553425,-78.625339,166125419,166125392,9.917256014119559,95.76217426428421,"{""highway"": ""footway"", ""portage"": ""designated"", ""source"": ""Strava Heatmap"", ""surface"": ""ground""}"
74270119,,412.5,45.549291,-78.621336,45.546505,-78.619003,166125392,2216559,241.13696108454445,248.9772105516924,"{""highway"": ""footway"", ""portage"": ""designated"", ""source"": ""Strava Heatmap"", ""surface"": ""ground""}"
74452157,Ouse Lake - Source Lake,364.2,45.546791,-78.670788,45.548178,-78.666836,2214782,2315488,11.719976104503035,0.0,"{""highway"": ""footway"", ""portage"": ""designated"", ""source"": ""Strava Heatmap"", ""surface"": ""dirt""}"
74744040,Raven - Owl,411.3,45.594967,-78.643222,45.598129,-78.640981,74714038,74163175,228.67478113366036,244.40292017938407,"{""highway"": ""footway"", ""portage"": ""designated"", ""source"": ""Strava Heatmap""}"
74748712,Bruce - Raven,915.3,45.587303,-78.649065,45.580369,-78.645168,74714038,173382476,241.1261762455188,0.0,"{""highway"": ""footway"", ""portage"": ""designated"", ""source"": ""Strava Heatmap""}"
74748906,Bruce - Source,540.3,45.57759,-78.642584,45.573628,-78.639406,173382476,2315488,240.9068048838884,0.0,"{""highway"": ""footway"", ""portage"": ""designated"", ""source"": ""Strava Heatmap"", ""surface"": ""ground""}"
75033942,,109.0,45.707535,-78.378906,45.707684,-78.37752,2974045,2974045,0.0,248.04042112545633,"{""highway"": ""footway"", ""portage"": ""designated"", ""source"": ""CanVec 6.0 - NRCan"", ""surface"": ""unpaved""}"
75196375,,523.7,45.663181,-78.666232,45.661525,-78.660633,181023576,2415716,185.2906607932446,0.0,"{""highway"": ""footway"", ""portage"": ""designated"", ""source"": ""GPS""}"
75196446,,390.2,45.637633,-78.687248,45.64079,-78.685809,181010290,181010509,228.68340832563632,0.0,"{""highway"": ""footway"", ""portage"": ""designated"", ""source"": ""GPS""}"
75204364,Burnt Island Lake - Little Otterslide Lake Portage,785.8,45.667786,-78.612443,45.672757,-78.605671,2415716,2973296,245.7140076321676,0.0,"{""highway"": ""footway"", ""portage"": ""designated"", ""sac_scale"": ""hiking"", ""source"": ""Strava Heatmap"", ""surface"": ""dirt""}"
75204983,Iris Lake - Alder Lake Portage,2103.7,45.643729,-78.602006,45.629298,-78.588946,75204082,166665916,238.9164869248832,0.0,"{""highway"": ""footway"", ""portage"": ""designated"", ""source"": ""Strava Heatmap"", ""surface"": ""dirt""}"
75205083,Alder Lake - Bridie Lake Portage,150.4,45.64796,-78.606095,45.646909,-78.604943,75204082,75204082,237.66984566208035,0.0,"{""foot"": ""yes"", ""highway"": ""footway"", ""portage"": ""designated"", ""source"": ""strava heatmap"", ""surface"": ""dirt""}"
77848623,Big Trout Lake Portage,665.4,45.730093,-78.61407,45.735022,-78.612196,-1152,-1152,0.0,0.0,"{""highway"": ""footway"", ""portage"": ""designated"", ""sac_scale"": ""hiking"", ""source"": ""survey"", ""surface"": ""dirt""}"
78412513,,255.3,45.670341,-78.247841,45.668729,-78.246128,78412661,78412661,45.33004312244391,207.02963045601524,"{""highway"": ""footway"", ""portage"": ""designated"", ""source"": ""CanVec 6.0 - NRCan"", ""surface"": ""dirt""}"
78510128,,1198.6,45.845698,-78.398396,45.854523,-78.391214,2408816,2408816,244.0762989792759,245.14012622585767,"{""highway"": ""footway"", ""portage"": ""designated"", ""source"": ""Strava Heatmap""}"
104081089,,1303.8,45.809197,-78.566458,45.802264,-78.55305,104081118,104081193,242.72761642585186,0.0,"{""highway"": ""footway"", ""portage"": ""designated"", ""source"": ""NRCan-CanVec-7.0""}"
104081112,,361.6,45.796604,-78.553222,45.793524,-78.551761,104081193,104081189,241.6916985041772,0.0,"{""highway"": ""footway"", ""portage"": ""designated"", ""source"": ""NRCan-CanVec-7.0""}"
104081246,,1063.2,45.791272,-78.548978,45.782774,-78.542888,104081189,1474420,211.07795564556037,0.0,"{""highway"": ""footway"", ""portage"": ""designated"", ""source"": ""NRCan-CanVec-7.0""}"
104081587,,671.4,45.850012,-78.54894,45.849241,-78.541233,6529609,3379405,0.0,249.3504516942613,"{""highway"": ""footway"", ""portage"": ""designated"", ""source"": ""Strava Heatmap""}"
104082040,,251.9,45.887565,-78.570162,45.888535,-78.567402,104082092,104082338,213.07094832145523,0.0,"{""highway"": ""footway"", ""portage"": ""designated"", ""source"": ""NRCan-CanVec-7.0""}"
161484745,Dickson Lake - Lake Lavieille Portage,77.0,45.81898,-78.211205,45.819654,-78.211302,161484740,161484740,129.75890626503923,102.20298684934512,"{""highway"": ""footway"", ""maintained"": ""yes"", ""portage"": ""designated"", ""source"": ""survey"", ""surface"": ""earth""}"
168945453,Opeongo Lake - Wright Lake Portage,265.4,45.746313,-78.300852,45.748198,-78.299,2974045,2148691,243.50092663620953,0.0,"{""highway"": ""footway"", ""maintained"": ""yes"", ""portage"": ""designated"", ""source"": ""survey"", ""surface"": ""earth""}"
175820299,Wright Lake - Bonfield Lake Portage,262.4,45.75943,-78.282319,45.759106,-78.279295,2148691,160624850,210.3604223125575,0.0,"{""highway"": ""footway"", ""maintained"": ""yes"", ""portage"": ""designated"", ""source"": ""survey"", ""surface"": ""earth""}"
175820592,Dickson L - Bonfield L Portage,5280.1,45.763047,-78.271419,45.780361,-78.220029,160624850,2163081,247.52831695643243,248.78078316561707,"{""highway"": ""footway"", ""maintained"": ""yes"", ""portage"": ""designated"", ""source"": ""survey"", ""surface"": ""earth""}"
292380437,Longer Lake - Big Trout Lake Portage,296.4,45.785018,-78.657023,45.782976,-78.655048,104130761,6462738,231.99357416712633,0.0,"{""highway"": ""footway"", ""length"": ""300"", ""portage"": ""designated"", ""sac_scale"": ""hiking"", ""source"": ""survey"", ""surface"": ""dirt""}"
292380495,Big Trout L - Merchant L Portage,1842.2,45.781849,-78.566002,45.78012,-78.547253,-1218,1474420,0.0,0.0,"{""highway"": ""footway"", ""length"": ""1840"", ""portage"": ""designated"", ""source"": ""survey"", ""surface"": ""dirt""}"
292380499,Merchant L - Happy Isle L Portage,331.3,45.757916,-78.529956,45.756079,-78.526684,1474420,1180401,230.7737557679323,0.0,"{""highway"": ""footway"", ""length"": ""340"", ""portage"": ""designated"", ""source"": ""survey"", ""surface"": ""dirt""}"
292380679,Happy Isle - Opeongo Portage,2173.6,45.745245,-78.476524,45.737636,-78.453252,1180401,2974045,226.96158442391098,0.0,"{""highway"": ""footway"", ""length"": ""2235"", ""portage"": ""designated"", ""source"": ""survey"", ""surface"": ""dirt""}"
531083069,,910.5,45.593655,-78.32528,45.585962,-78.326115,140792118,140792120,56.53621174242112,0.0,"{""highway"": ""path"", ""horse"": ""no"", ""mtb:scale:imba"": ""1"", ""mtb:scale:uphill"": ""1"", ""portage"": ""designated"", ""sac_scale"": ""hiking"", ""surface"": ""unpaved"", ""trail_visibility"": ""good""}"
639483754,,842.2,45.776525,-78.659852,45.775767,-78.670006,6462738,1474865,0.0,163.27069161369207,"{""highway"": ""footway"", ""portage"": ""designated""}"
659124195,,181.3,45.547741,-78.569008,45.547025,-78.567044,2216561,2216561,229.82990873712797,249.11891491174754,"{""highway"": ""footway"", ""portage"": ""designated"", ""source"": ""Strava Heatmap"", ""surface"": ""ground""}"
720909773,,855.1,45.566022,-78.489319,45.571587,-78.482813,3378614,2212875,248.99084706046932,0.0,"{""highway"": ""footway"", ""portage"": ""designated"", ""source"": ""Strava Heatmap"", ""surface"": ""ground""}"
827793628,Minnesing Trail - Polly's Pitch,356.5,45.5868,-78.59844,45.589036,-78.595269,161500865,-1351,122.32480405879319,1.8696284964227248,"{""foot"": ""yes"", ""highway"": ""cycleway"", ""piste:difficulty"": ""intermediate"", ""piste:grooming"": ""backcountry"", ""piste:type"": ""nordic"", ""portage"": ""designated"", ""surface"": ""ground""}"
827793629,Minnesing Trail - Polly's Pitch,92.7,45.587016,-78.599526,45.5868,-78.59844,161500865,161500865,36.840826478094634,122.32480405879319,"{""foot"": ""yes"", ""highway"": ""cycleway"", ""piste:difficulty"": ""intermediate"", ""piste:grooming"": ""backcountry"", ""piste:type"": ""nordic"", ""portage"": ""designated"", ""surface"": ""ground""}"
846596002,,64.0,45.571848,-78.437827,45.572317,-78.437471,166307937,166307937,238.99910630712418,248.4750633617689,"{""highway"": ""service"", ""portage"": ""designated"", ""service"": ""driveway"", ""surface"": ""unpaved""}"
975803893,,119.6,45.657449,-78.686438,45.656901,-78.685184,181029662,181029662,152.354154181248,0.0,"{""highway"": ""footway"", ""portage"": ""designated"", ""source"": ""Strava Heatmap""}"
975803894,,396.4,45.661672,-78.686153,45.662838,-78.682045,1154075,181023556,245.60563567728826,0.0,"{""highway"": ""footway"", ""portage"": ""designated"", ""source"": ""Strava Heatmap""}"
975803895,,114.4,45.662849,-78.680267,45.66286,-78.678824,2415826,2415826,180.43207115743633,0.0,"{""highway"": ""footway"", ""portage"": ""designated"", ""source"": ""Strava Heatmap""}"
975803896,,484.5,45.661938,-78.675862,45.662658,-78.670543,2415826,181023576,249.07642577671152,0.0,"{""highway"": ""footway"", ""portage"": ""designated"", ""source"": ""Strava Heatmap""}"
975803897,Baby Joe Lake to Burnt Island Lake Portage (190m),164.0,45.622774,-78.682274,45.622926,-78.680271,2415686,2415716,238.1591795875314,0.0,"{""highway"": ""footway"", ""length"": ""190"", ""portage"": ""designated"", ""source"": ""Strava Heatmap""}"
975803898,,32.3,45.62252,-78.682477,45.622774,-78.682274,2415686,2415686,239.39829250657948,238.1591795875314,"{""highway"": ""footway"", ""portage"": ""designated"", ""source"": ""Strava Heatmap""}"
976161221,,412.5,45.907039,-78.562943,45.908708,-78.55854,104082151,2973187,239.74464876446845,0.0,"{""highway"": ""footway"", ""portage"": ""designated"", ""source"": ""Strava Heatmap""}"
976161223,,875.8,45.907772,-78.584763,45.9101,-78.594762,104082107,104082204,0.0,231.33097453384514,"{""highway"": ""footway"", ""portage"": ""designated"", ""source"": ""Strava Heatmap""}"
976161224,,388.4,45.907908,-78.581939,45.907866,-78.577106,976161222,104082151,150.7195238611982,0.0,"{""highway"": ""footway"", ""portage"": ""designated"", ""source"": ""Strava Heatmap""}"
976161225,,371.9,45.900601,-78.593749,45.90269,-78.590376,976161230,104082107,0.0,0.0,"{""highway"": ""footway"", ""portage"": ""designated"", ""source"": ""Strava Heatmap""}"
976161231,,144.7,45.886436,-78.656944,45.886414,-78.655078,6463261,13125165,213.10326932785622,0.0,"{""highway"": ""footway"", ""portage"": ""designated"", ""source"": ""Strava Heatmap""}"
976161232,,745.0,45.827111,-78.634099,45.823824,-78.62618,13125166,6529609,212.28422266290568,0.0,"{""highway"": ""footway"", ""portage"": ""designated"", ""source"": ""Strava Heatmap""}"
976161235,,91.3,45.824842,-78.668153,45.825611,-78.668134,104136061,104136061,71.9981687843444,22.364443534572,"{""highway"": ""footway"", ""portage"": ""designated"", ""source"": ""Strava Heatmap""}"
979914838,,69.2,45.547484,-78.565866,45.54768,-78.565024,166125328,166125328,141.4693264592954,73.3155067782164,"{""highway"": ""footway"", ""portage"": ""designated"", ""source"": ""Strava Heatmap"", ""surface"": ""ground""}"
1040595831,,1929.6,45.666143,-78.193693,45.681861,-78.193709,1186076,78413195,236.86103624906843,233.6581511064595,"{""highway"": ""footway"", ""portage"": ""designated"", ""surface"": ""dirt""}"
1150243877,Track and Tower Trail,21.6,45.547678,-78.561986,45.547861,-78.561939,166125328,166125328,163.9264696353198,168.0697494783267,"{""bicycle"": ""no"", ""highway"": ""footway"", ""portage"": ""designated"", ""sac_scale"": ""mountain_hiking"", ""surface"": ""ground"", ""trail_visibility"": ""excellent""}"
1150243878,,133.9,45.547896,-78.561593,45.548089,-78.559966,166125328,2213666,195.2595444816605,247.58133569143797,"{""highway"": ""footway"", ""portage"": ""designated"", ""source"": ""Strava Heatmap""}"
1150243880,Track and Tower Trail,127.1,45.547484,-78.565866,45.547025,-78.567044,166125328,2216561,141.4693264592954,249.11891491174754,"{""bicycle"": ""no"", ""highway"": ""footway"", ""portage"": ""designated"", ""sac_scale"": ""mountain_hiking"", ""surface"": ""ground"", ""trail_visibility"": ""excellent""}"
1150243886,,678.3,45.561105,-78.633046,45.557437,-78.626133,166187203,166187171,242.3642064800824,244.02651770492724,"{""abandoned:railway"": ""rail"", ""highway"": ""footway"", ""portage"": ""designated"", ""railway"": ""abandoned"", ""source"": ""CanVec 6.0 - NRCan""}"
1150243887,,40.8,45.557437,-78.626133,45.557092,-78.625953,166187171,166125419,244.02651770492724,211.09518118367933,"{""highway"": ""footway"", ""portage"": ""designated"", ""source"": ""Strava Heatmap""}"
1150326535,Minnesing Trail - Callighen's Corners,70.1,45.61879,-78.596392,45.619329,-78.595991,,,,,"{""foot"": ""yes"", ""highway"": ""cycleway"", ""portage"": ""designated"", ""source"": ""Strava Heatmap"", ""surface"": ""ground""}"
1150326536,Linda Lake - Iris Lake Portage,363.7,45.615938,-78.597381,45.61879,-78.596392,2221713,,244.96131127016125,,"{""highway"": ""footway"", ""portage"": ""designated"", ""source"": ""Strava Heatmap"", ""surface"": ""ground""}"
1150326544,,488.5,45.589036,-78.595269,45.586627,-78.590377,-1351,2163205,1.8696284964227248,0.0,"{""highway"": ""footway"", ""portage"": ""designated"", ""surface"": ""ground""}"
1150326545,,35.1,45.587652,-78.611306,45.587407,-78.611089,161500876,161500876,102.78705953929875,76.20612370174948,"{""highway"": ""footway"", ""portage"": ""designated""}"
1150811643,,240.8,45.556898,-78.369013,45.558306,-78.36668,75097434,75097699,76.65977402529721,0.0,"{""highway"": ""footway"", ""portage"": ""designated""}"
1150811644,,309.5,45.565434,-78.360145,45.563589,-78.362854,1151865,75097699,237.31263218815081,206.4536877728811,"{""highway"": ""footway"", ""portage"": ""designated""}"
1150811645,,1018.8,45.565535,-78.297133,45.573594,-78.292685,75098558,74955070,226.1599213287567,233.43030289359882,"{""highway"": ""footway"", ""portage"": ""designated"", ""source"": ""CanVec 6.0 - NRCan"", ""surface"": ""unpaved""}"
1150811646,,1880.2,45.563522,-78.310491,45.576962,-78.299746,1152934,,185.9458332470067,,"{""highway"": ""footway"", ""portage"": ""designated"", ""source"": ""CanVec 6.0 - NRCan"", ""surface"": ""unpaved""}"
1150811647,,1435.0,45.555877,-78.341159,45.564439,-78.349374,75091653,1151865,0.0,245.59062129757208,"{""highway"": ""footway"", ""portage"": ""designated"", ""source"": ""CanVec 6.0 - NRCan""}"
1150811648,,831.7,45.550302,-78.327734,45.554634,-78.33635,1152934,75091653,0.0,233.08855567689767,"{""highway"": ""footway"", ""portage"": ""designated"", ""source"": ""CanVec 6.0 - NRCan""}"
1150842110,,1043.8,45.813898,-78.194572,45.820871,-78.185997,2163081,1155573,247.62214399444886,0.0,"{""highway"": ""footway"", ""portage"": ""designated"", ""source"": ""CanVec 6.0 - NRCan""}"
1150842113,,4645.5,45.735874,-78.199605,45.769747,-78.197136,1186099,2163081,234.4789458404738,0.0,"{""highway"": ""footway"", ""portage"": ""designated""}"
1150842132,Opeongo - Dickson Cart Trail,7830.2,45.747561,-78.30335,45.774378,-78.230632,160624908,-1293,36.76584169919891,72.7984159997902,"{""hand_cart"": ""yes"", ""highway"": ""footway"", ""portage"": ""designated"", ""source"": ""survey"", ""surface"": ""unpaved""}"
1150842139,,1461.0,45.637225,-78.356591,45.644657,-78.342566,2974045,2163172,230.21665190176913,0.0,"{""highway"": ""footway"", ""portage"": ""designated""}"
1150842140,,1053.7,45.639359,-78.363497,45.646634,-78.35675,2974045,2974045,0.0,0.0,"{""highway"": ""footway"", ""portage"": ""designated""}"
1150842141,,569.3,45.646883,-78.454333,45.65019,-78.448867,,75032570,,0.0,"{""highway"": ""footway"", ""portage"": ""designated""}"
1150842154,,689.2,45.633209,-78.449298,45.636994,-78.455477,75032643,75032594,220.63329272286103,57.55489208944717,"{""highway"": ""footway"", ""portage"": ""designated"", ""source"": ""Strava Heatmap""}"
1150842155,,2050.0,45.623561,-78.461971,45.627726,-78.443045,74894335,75032643,247.29788374913858,0.0,"{""highway"": ""footway"", ""portage"": ""designated"", ""source"": ""Strava Heatmap"", ""surface"": ""ground""}"
1150842156,,215.0,45.617899,-78.466708,45.619242,-78.464752,74894335,74894335,213.34634546852746,0.0,"{""highway"": ""footway"", ""portage"": ""designated"", ""source"": ""Strava Heatmap""}"
1150842157,,4511.9,45.58281,-78.452628,45.617362,-78.460944,166308067,74894335,246.54342541612837,0.0,"{""highway"": ""footway"", ""portage"": ""designated"", ""source"": ""Strava Heatmap"", ""surface"": ""unpaved""}"
1151028670,Source Lake Road,349.2,45.561311,-78.633265,45.564267,-78.632066,2315488,2315488,241.85543616894628,247.81435511967305,"{""highway"": ""service"", ""portage"": ""yes"", ""surface"": ""gravel""}"
1151346295,,1421.8,45.789504,-78.685847,45.787932,-78.669248,1474864,1474867,217.3511406952789,0.0,"{""highway"": ""footway"", ""portage"": ""designated"", ""sac_scale"": ""hiking""}"
1152262455,,63.7,45.7631,-78.520335,45.762693,-78.519778,104081114,104081114,110.32776698876322,0.0,"{""highway"": ""footway"", ""portage"": ""designated"", ""source"": ""Strava Heatmap""}"
1152262456,,105.1,45.736856,-78.610981,45.737645,-78.611499,6462738,6462738,242.3511926938427,208.69862963701442,"{""highway"": ""footway"", ""portage"": ""designated"", ""sac_scale"": ""hiking"", ""source"": ""Strava Heatmap"", ""surface"": ""dirt""}"
1152262457,,299.4,45.716455,-78.616133,45.718996,-78.615619,77848622,-1152,0.0,0.0,"{""highway"": ""footway"", ""portage"": ""designated"", ""source"": ""Strava Heatmap""}"
1152262458,,372.8,45.709843,-78.610315,45.712194,-78.613531,77848612,77848622,240.20090762835787,248.09539765477035,"{""highway"": ""footway"", ""portage"": ""designated"", ""source"": ""Strava Heatmap""}"
1152262459,,548.2,45.719844,-78.56221,45.715797,-78.565451,77848598,2423130,0.0,239.92731641775825,"{""highway"": ""footway"", ""portage"": ""designated"", ""source"": ""Strava Heatmap""}"
1152262460,,1842.8,45.729175,-78.541036,45.723874,-78.554441,77848668,-1159,222.96761840500446,0.0,"{""highway"": ""footway"", ""portage"": ""designated"", ""source"": ""Strava Heatmap""}"
1152262461,,916.3,45.728045,-78.53368,45.731359,-78.524136,77848668,1180401,237.82633658306833,0.0,"{""highway"": ""footway"", ""portage"": ""designated"", ""source"": ""Strava Heatmap""}"
1152262462,,1893.1,45.766617,-78.451953,45.754398,-78.439417,2409748,2974045,247.07364553566242,0.0,"{""highway"": ""footway"", ""portage"": ""designated"", ""source"": ""Strava Heatmap"", ""surface"": ""unpaved""}"
1152262463,,1320.1,45.760022,-78.482525,45.750223,-78.489376,2409748,1180401,0.0,106.87121621885709,"{""highway"": ""footway"", ""portage"": ""designated"", ""source"": ""Strava Heatmap""}"
1152262464,,851.3,45.781402,-78.466489,45.77712,-78.461979,75251360,2409748,0.0,0.0,"{""highway"": ""footway"", ""portage"": ""designated"", ""source"": ""Strava Heatmap""}"
1152262465,,3029.6,45.794516,-78.42927,45.779432,-78.45384,180569686,2409748,0.0,244.36651134369674,"{""highway"": ""footway"", ""portage"": ""designated"", ""source"": ""Strava Heatmap""}"
1152262466,Hogan - Big Crow Cart Path,1167.2,45.845225,-78.470374,45.841772,-78.457806,-1464,2409417,208.97991579999692,0.0,"{""hand_cart"": ""yes"", ""highway"": ""footway"", ""portage"": ""designated"", ""source"": ""Strava Heatmap""}"
1152262467,Hogan - Big Crow Cart Path,5541.3,45.839611,-78.51728,45.845225,-78.470374,3379405,-1464,244.52627749146745,208.97991579999692,"{""hand_cart"": ""yes"", ""highway"": ""footway"", ""portage"": ""designated"", ""source"": ""Strava Heatmap""}"
1152262468,,2499.9,45.844284,-78.500979,45.845225,-78.470374,3379405,-1464,223.54345897394964,208.97991579999692,"{""highway"": ""footway"", ""portage"": ""designated"", ""source"": ""Strava Heatmap""}"
1152262469,,2537.6,45.804572,-78.621662,45.784248,-78.627413,6529609,6462738,0.0,0.0,"{""highway"": ""footway"", ""portage"": ""designated"", ""source"": ""Strava Heatmap""}"
1152573261,,444.8,45.940495,-78.586209,45.944436,-78.585522,2973185,104083486,0.0,0.0,"{""highway"": ""footway"", ""portage"": ""designated"", ""source"": ""Strava Heatmap""}"
1152573262,,1685.4,45.913364,-78.627632,45.912482,-78.606603,15577463,104082204,0.0,0.0,"{""highway"": ""footway"", ""portage"": ""designated"", ""source"": ""Strava Heatmap""}"
1152573266,,596.9,45.909589,-78.636815,45.914534,-78.63386,104140693,15577463,122.46515914141908,243.42193460575845,"{""highway"": ""footway"", ""portage"": ""designated"", ""source"": ""Strava Heatmap""}"
1152573267,,1255.5,45.901052,-78.661903,45.901043,-78.646303,104140480,104140483,240.4998953413554,0.0,"{""highway"": ""footway"", ""portage"": ""designated"", ""source"": ""Strava Heatmap""}"
1152573268,,1277.8,45.895366,-78.67631,45.88477,-78.675493,1474978,6463261,0.0,248.3372651368733,"{""highway"": ""footway"", ""portage"": ""designated"", ""source"": ""Strava Heatmap""}"
1152573269,,564.0,45.897795,-78.673332,45.900101,-78.666929,1474978,104140363,232.4525783646982,0.0,"{""highway"": ""footway"", ""portage"": ""designated"", ""source"": ""Strava Heatmap""}"
1152782938,,296.1,45.893295,-78.204504,45.895342,-78.206029,6529634,161469533,0.0,223.3263525303072,"{""highway"": ""footway"", ""portage"": ""designated""}"
1152782939,,91.6,45.896944,-78.195611,45.897651,-78.195058,2148867,2148867,94.11208508407495,0.0,"{""highway"": ""footway"", ""portage"": ""designated"", ""source"": ""Strava Heatmap""}"
1152782940,,180.7,45.89376,-78.199467,45.895252,-78.198923,160652731,160652731,34.90676717218003,162.70185119800084,"{""highway"": ""footway"", ""portage"": ""designated"", ""source"": ""Strava Heatmap""}"
1152782941,,184.2,45.891837,-78.203317,45.892563,-78.20136,160652679,160652679,161.77054784993024,0.0,"{""highway"": ""footway"", ""portage"": ""designated""}"
1152782948,,87.4,45.605749,-78.211993,45.605211,-78.211184,78423969,78423716,71.95822886624468,0.0,"{""highway"": ""footway"", ""portage"": ""designated"", ""surface"": ""dirt""}"
1152782949,,248.7,45.605817,-78.202139,45.607283,-78.199729,78423716,78423846,228.01861897611784,0.0,"{""highway"": ""footway"", ""portage"": ""designated"", ""surface"": ""dirt""}"
1152782950,,810.4,45.610511,-78.227425,45.609493,-78.217545,78423768,78423969,232.8786422792703,0.0,"{""highway"": ""footway"", ""portage"": ""designated"", ""surface"": ""dirt""}"
1152782951,,586.8,45.696678,-78.202075,45.691541,-78.201688,78413298,78413195,0.0,220.02864572572344,"{""highway"": ""footway"", ""portage"": ""designated""}"
1152782952,,615.7,45.705818,-78.200711,45.700879,-78.200533,78413015,78413298,23.309543370881197,192.64649507930977,"{""highway"": ""footway"", ""portage"": ""designated""}"
1152782953,,607.0,45.716376,-78.201364,45.711498,-78.20315,78413095,78413015,0.0,249.8311774002964,"{""highway"": ""footway"", ""portage"": ""designated""}"
1152782954,,673.0,45.72252,-78.192075,45.71787,-78.196281,1186099,78413095,0.0,245.8363503175305,"{""highway"": ""footway"", ""portage"": ""designated""}"
1152782961,,69.4,45.821245,-78.663996,45.820815,-78.663449,976161236,976161236,248.89534841365855,235.8046984164517,"{""highway"": ""footway"", ""portage"": ""designated"", ""source"": ""Strava Heatmap""}"
1153088353,Old Railway Bike Trail,169.2,45.558461,-78.520161,45.559244,-78.518344,2213666,2213666,0.0,0.0,"{""abandoned:railway"": ""rail"", ""bicycle"": ""designated"", ""foot"": ""designated"", ""highway"": ""cycleway"", ""portage"": ""designated"", ""railway"": ""abandoned"", ""sac_scale"": ""hiking"", ""segregated"": ""no"", ""surface"": ""ground"", ""website"": ""https://www.algonquinpark.on.ca/visit/recreational_activites/old-railway-bike-trail.php""}"
1153088354,,22.0,45.559244,-78.518344,45.559262,-78.518062,2213666,2213666,0.0,0.0,"{""highway"": ""footway"", ""portage"": ""designated""}"
1153088355,,23.6,45.558276,-78.52031,45.558461,-78.520161,2213666,2213666,0.0,0.0,"{""highway"": ""footway"", ""portage"": ""designated"", ""surface"": ""ground""}"
1153088357,Highland Backpacking Trail,112.6,45.566022,-78.489319,45.565309,-78.490209,3378614,3378614,248.99084706046932,244.32153392040868,"{""bicycle"": ""no"", ""highway"": ""footway"", ""portage"": ""designated"", ""sac_scale"": ""hiking"", ""source"": ""CanVec 6.0 - NRCan"", ""surface"": ""ground"", ""trail_visibility"": ""excellent""}"
1153088358,,5.7,45.565305,-78.490282,45.565309,-78.490209,3378614,3378614,245.6480281246511,244.32153392040868,"{""highway"": ""footway"", ""portage"": ""designated"", ""source"": ""Strava Heatmap"", ""surface"": ""ground""}"
1153088366,,3334.6,45.606226,-78.38482,45.629645,-78.367109,74887770,2974045,141.0471238254984,0.0,"{""highway"": ""footway"", ""portage"": ""designated"", ""source"": ""Strava Heatmap"", ""surface"": ""ground""}"
1153088367,,1406.8,45.600481,-78.381085,45.590145,-78.37556,74887966,166308053,139.31998791630704,0.0,"{""highway"": ""footway"", ""portage"": ""designated"", ""source"": ""Strava Heatmap""}"
1153088368,,485.8,45.599229,-78.398985,45.602351,-78.395163,1151256,74887966,204.29766313344,0.0,"{""highway"": ""footway"", ""portage"": ""designated"", ""source"": ""Strava Heatmap"", ""surface"": ""ground""}"
1153088369,,640.7,45.595085,-78.417118,45.596826,-78.409451,166308000,1151256,238.50430249928635,0.0,"{""highway"": ""footway"", ""portage"": ""designated"", ""source"": ""Strava Heatmap"", ""surface"": ""ground""}"
1153088370,,522.8,45.587085,-78.425828,45.590625,-78.421948,166307992,166308000,249.85322658297753,249.71646601623988,"{""highway"": ""footway"", ""portage"": ""designated"", ""source"": ""Strava Heatmap"", ""surface"": ""ground""}"
1153088371,,884.9,45.579583,-78.434849,45.584836,-78.427808,166307937,166307992,231.0125251892828,0.0,"{""highway"": ""footway"", ""portage"": ""designated"", ""source"": ""Strava Heatmap"", ""surface"": ""ground""}"
1153088998,,224.8,45.708126,-78.608208,45.706658,-78.606694,77848612,2423130,0.0,0.0,"{""highway"": ""footway"", ""portage"": ""designated"", ""sac_scale"": ""hiking"", ""source"": ""CanVec 6.0 - NRCan""}"
1153910367,,1064.8,45.92432,-78.379779,45.923442,-78.367056,-1116,-1116,16.1986775330681,0.0,"{""highway"": ""footway"", ""portage"": ""designated"", ""source"": ""Strava Heatmap""}"
1153910368,,1464.1,45.916425,-78.441211,45.916111,-78.425501,78631316,-1211,221.41602242192664,0.0,"{""highway"": ""footway"", ""portage"": ""designated"", ""source"": ""Strava Heatmap""}"
1153910369,,129.5,45.916898,-78.444124,45.915927,-78.443633,78631316,78631316,106.25945004238373,27.448097287130512,"{""highway"": ""footway"", ""portage"": ""designated"", ""source"": ""Strava Heatmap""}"
1153910370,,204.4,45.913106,-78.451813,45.914349,-78.450172,78631202,78631202,222.2496869917811,39.36311760745715,"{""highway"": ""footway"", ""portage"": ""designated"", ""source"": ""Strava Heatmap""}"
1153910371,,517.3,45.890416,-78.546961,45.890806,-78.540426,104082338,2973187,206.69871763514826,0.0,"{""highway"": ""footway"", ""portage"": ""designated"", ""source"": ""Strava Heatmap""}"
1153910372,,1109.1,45.90284,-78.523771,45.904619,-78.534581,104082231,2973187,0.0,248.19811273005692,"{""highway"": ""footway"", ""portage"": ""designated"", ""source"": ""Strava Heatmap""}"
1153910373,,706.6,45.896133,-78.519098,45.902017,-78.520798,104082112,104082231,0.0,0.0,"{""highway"": ""footway"", ""portage"": ""designated"", ""source"": ""Strava Heatmap""}"
1153910374,,1781.3,45.888694,-78.492839,45.895719,-78.510353,3379405,104082112,229.58676669034318,127.29978784038589,"{""highway"": ""footway"", ""portage"": ""designated"", ""source"": ""Strava Heatmap""}"
1153910379,,225.9,45.834235,-78.408833,45.835724,-78.407264,2408816,2408816,249.34274407521187,0.0,"{""highway"": ""footway"", ""portage"": ""designated"", ""source"": ""Strava Heatmap""}"
1153910380,,381.2,45.868063,-78.349431,45.869563,-78.353335,2406676,2406676,241.65721649144257,248.63378650975224,"{""highway"": ""footway"", ""portage"": ""designated"", ""source"": ""strava heatmap""}"
1153910381,,158.5,45.870394,-78.342912,45.869984,-78.344808,2406676,2406676,0.0,243.83055164671035,"{""highway"": ""footway"", ""portage"": ""designated"", ""source"": ""strava heatmap""}"
1153910382,,189.4,45.870049,-78.338144,45.87057,-78.340206,2406676,2406676,0.0,224.34873097572205,"{""highway"": ""footway"", ""portage"": ""designated"", ""source"": ""strava heatmap""}"
1182073956,,686.6,45.625766,-78.229686,45.629064,-78.235972,78412660,78412487,0.0,199.73712520748396,"{""highway"": ""footway"", ""portage"": ""designated"", ""surface"": ""unpaved""}"
1182073960,,1082.2,45.617074,-78.227204,45.625241,-78.222749,78423768,78412660,0.0,249.0794145575996,"{""highway"": ""footway"", ""portage"": ""designated"", ""surface"": ""unpaved""}"
1182073963,,474.1,45.648702,-78.216507,45.650626,-78.211408,78412622,78412486,241.44842254268505,111.34337967313469,"{""highway"": ""footway"", ""portage"": ""designated"", ""surface"": ""unpaved""}"
1182073964,,1328.1,45.637458,-78.2304,45.645219,-78.223421,78412487,78412622,239.80589560675585,0.0,"{""highway"": ""footway"", ""portage"": ""designated"", ""surface"": ""unpaved""}"
1182073965,,347.8,45.650257,-78.20155,45.651761,-78.205268,1186076,78412486,0.0,243.01746783422684,"{""highway"": ""footway"", ""note"": ""Needs improvement - no Strava or GPX data currently"", ""portage"": ""designated"", ""source"": ""CanVec 6.0 - NRCan"", ""surface"": ""unpaved""}"
1182073971,,758.4,45.667159,-78.244382,45.663857,-78.238377,1040595828,1040595828,213.29419445673847,199.27839382206307,"{""highway"": ""footway"", ""portage"": ""designated""}"
1182073980,,124.4,45.675387,-78.251868,45.674476,-78.251383,75034680,75034826,175.9829726091331,187.0649194590752,"{""highway"": ""footway"", ""portage"": ""designated""}"
1182073984,,328.6,45.67917,-78.256205,45.677082,-78.254886,75034677,75034680,160.59222597574822,234.95503254445742,"{""highway"": ""footway"", ""portage"": ""designated""}"
1182073991,,1072.5,45.689337,-78.26558,45.68148,-78.261523,161496599,75034677,168.04763994861315,216.52044813333012,"{""highway"": ""footway"", ""portage"": ""designated""}"
1182073994,,316.0,45.757587,-78.419606,45.760228,-78.41912,2409999,180625810,123.71323966382771,33.456340673390976,"{""highway"": ""footway"", ""portage"": ""designated""}"
1182073995,,979.5,45.760091,-78.41906,45.762664,-78.408281,180625810,2974105,17.47976455024174,0.0,"{""highway"": ""footway"", ""portage"": ""designated""}"
1182073996,,177.8,45.756902,-78.419948,45.758377,-78.420117,2974045,180625821,0.0,139.14283118159278,"{""highway"": ""footway"", ""portage"": ""designated""}"
1182074003,,1015.4,45.712665,-78.431364,45.720654,-78.42873,2974045,2974045,0.0,0.0,"{""highway"": ""footway"", ""portage"": ""designated"", ""surface"": ""unpaved""}"
1182074006,,102.9,45.698822,-78.274702,45.698546,-78.273739,161496586,161496527,219.2845190549397,0.0,"{""highway"": ""footway"", ""portage"": ""designated"", ""surface"": ""unpaved""}"
1182380863,,601.8,45.58521,-78.316643,45.589479,-78.312892,140792119,74954852,165.9009149048808,171.35659604883602,"{""highway"": ""footway"", ""portage"": ""designated""}"
1182380864,,1306.4,45.588602,-78.301997,45.593725,-78.290476,74954852,74954985,215.5730898512836,0.0,"{""highway"": ""footway"", ""portage"": ""designated"", ""surface"": ""unpaved""}"
1182380874,,493.2,45.606527,-78.396413,45.608755,-78.401356,74887966,74887917,0.0,118.16505627783104,"{""highway"": ""footway"", ""portage"": ""designated"", ""source"": ""Strava Heatmap"", ""surface"": ""ground""}"
1182380882,,866.7,45.570249,-78.43859,45.563114,-78.438569,-980,2214853,126.24632534223349,236.33326397654548,"{""highway"": ""footway"", ""portage"": ""designated"", ""surface"": ""unpaved""}"
1182380883,,191.0,45.571848,-78.437827,45.570249,-78.43859,166307937,-980,238.99910630712418,126.24632534223349,"{""highway"": ""service"", ""portage"": ""designated"", ""service"": ""driveway"", ""surface"": ""unpaved""}"
1182380884,,23.2,45.572522,-78.437516,45.572317,-78.437471,166307937,166307937,236.78773549869456,248.4750633617689,"{""highway"": ""footway"", ""portage"": ""designated"", ""surface"": ""unpaved""}"
1182380885,,55.1,45.563145,-78.438557,45.562666,-78.438735,2214853,2214853,239.39152105007514,0.0,"{""highway"": ""footway"", ""portage"": ""designated"", ""surface"": ""unpaved""}"
1182380887,,42.0,45.567447,-78.512396,45.567816,-78.512405,2212997,2212997,24.850884885689645,18.12488157082175,"{""highway"": ""footway"", ""portage"": ""designated"", ""surface"": ""ground""}"
1182607083,,151.3,45.565873,-78.451923,45.564932,-78.450671,2212856,2212856,0.0,235.6559471966734,"{""highway"": ""footway"", ""portage"": ""designated"", ""surface"": ""ground""}"
1186118527,,174.8,45.868174,-78.337048,45.869054,-78.337417,2406676,2406676,242.88261133831259,224.50784262071608,"{""highway"": ""footway"", ""portage"": ""designated"", ""source"": ""strava heatmap""}"
1189444056,,154.4,45.842343,-78.400318,45.84348,-78.39971,2408816,2408816,0.0,0.0,"{""highway"": ""footway"", ""portage"": ""designated"", ""source"": ""Strava Heatmap""}"
1426924408,,112.9,45.905526,-78.58593,45.906449,-78.585657,104082107,104082107,0.0,0.0,"{""highway"": ""footway"", ""portage"": ""designated""}"
1444087306,Track and Tower Trail,27.2,45.547861,-78.561939,45.547896,-78.561593,166125328,166125328,168.0697494783267,195.2595444816605,"{""bicycle"": ""no"", ""highway"": ""footway"", ""portage"": ""designated"", ""sac_scale"": ""mountain_hiking"", ""surface"": ""ground"", ""trail_visibility"": ""excellent""}"
1497132580,Deer Yard Lake to Lake La Muir Portage,1513.8,45.820439,-78.583587,45.81223,-78.573085,6529609,104081118,221.17275525038653,0.0,"{""highway"": ""footway"", ""portage"": ""designated"", ""source"": ""strava heatmap""}"
1539495482,,114.5,45.893939,-78.271078,45.894614,-78.271988,6529634,6529634,0.0,235.47111211208966,"{""highway"": ""path"", ""portage"": ""designated""}"
1543331578,,36.9,45.561105,-78.633046,45.561416,-78.633199,166187203,2315488,242.3642064800824,229.86093508307806,"{""highway"": ""footway"", ""portage"": ""designated"", ""source"": ""Strava Heatmap"", ""surface"": ""gravel""}"
1543331579,,30.9,45.564267,-78.632066,45.56448,-78.63232,2315488,2315488,247.81435511967305,246.10537902771324,"{""highway"": ""footway"", ""portage"": ""designated"", ""source"": ""Strava Heatmap"", ""surface"": ""gravel""}"
1546756616,,311.1,45.645271,-78.457543,45.646883,-78.454333,75032594,,228.3000147479067,,"{""highway"": ""track"", ""portage"": ""designated""}"
1546756617,,69.2,45.644691,-78.457803,45.645271,-78.457543,75032594,75032594,234.00197010452868,228.3000147479067,"{""highway"": ""footway"", ""portage"": ""designated""}"
78412456,,643.7,45.65267,-78.160445,45.652561,-78.152817,1186076,78412673,237.3898177178342,128.47398197159654,"{""foot"": ""yes"", ""highway"": ""path"", ""portage"": ""designated"", ""source"": ""CanVec 6.0 - NRCan""}"
78412463,,740.8,45.661719,-78.136121,45.668136,-78.13468,3376430,1186079,249.51079338987492,0.0,"{""highway"": ""footway"", ""portage"": ""designated"", ""source"": ""Strava Heatmap"", ""surface"": ""dirt""}"
78412663,,114.6,45.658647,-78.138093,45.659426,-78.137343,78412451,3376430,146.20299609638613,0.0,"{""highway"": ""footway"", ""portage"": ""yes"", ""source"": ""Strava Heatmap"", ""surface"": ""dirt""}"
78415038,,305.1,45.676572,-78.112135,45.678821,-78.110043,78415097,3376432,248.85477796998694,0.0,"{""highway"": ""footway"", ""portage"": ""designated"", ""source"": ""CanVec 6.0 - NRCan""}"
78415089,,439.5,45.644874,-78.04733,45.642001,-78.043991,251662777,251662777,232.76630246093157,231.74864305728843,"{""description"": ""Location is approximate"", ""fixme"": ""resurvey"", ""highway"": ""footway"", ""portage"": ""designated"", ""source"": ""CanVec 6.0 - NRCan""}"
78415261,,724.8,45.66406,-78.07899,45.670303,-78.077114,78415083,78415112,0.0,136.39539284415045,"{""highway"": ""footway"", ""portage"": ""designated"", ""source"": ""CanVec 6.0 - NRCan""}"
78557570,,2697.5,45.768248,-78.130701,45.753913,-78.104014,75356040,78557855,245.28727955195498,0.0,"{""highway"": ""footway"", ""portage"": ""designated""}"
78567829,,714.6,45.828967,-78.125792,45.82876,-78.116714,1155571,75364154,242.54962991177618,0.0,"{""highway"": ""footway"", ""portage"": ""designated"", ""source"": ""CanVec 6.0 - NRCan""}"
78567962,,576.6,45.831501,-78.091459,45.835116,-78.086641,75364154,78567852,235.20488576654654,0.0,"{""highway"": ""footway"", ""portage"": ""designated"", ""source"": ""CanVec 6.0 - NRCan""}"
104747936,,1119.8,45.783208,-77.97755,45.791706,-77.978704,-1599,104748351,31.973039944308752,184.71823935088915,"{""highway"": ""track"", ""lanes"": ""1"", ""motor_vehicle"": ""private"", ""portage"": ""designated"", ""surface"": ""unpaved""}"
104802435,,288.7,45.840693,-77.818843,45.843135,-77.817612,104802505,1483827,58.29353792757696,0.0,"{""description"": ""These are historic portages and may not exist."", ""highway"": ""footway"", ""portage"": ""unknown"", ""source"": ""NRCan-CanVec-7.0""}"
104802478,,352.0,45.824446,-77.813237,45.826678,-77.811876,-1769,-1769,0.0,0.0,"{""description"": ""These are historic portages and may not exist."", ""highway"": ""footway"", ""portage"": ""unknown"", ""source"": ""NRCan-CanVec-7.0""}"
104802528,,1044.7,45.834407,-77.818776,45.827411,-77.814234,104802745,-1769,39.78915131019872,0.0,"{""description"": ""These are historic portages and may not exist."", ""highway"": ""footway"", ""portage"": ""unknown"", ""source"": ""NRCan-CanVec-7.0""}"
455096924,Eastern Pines Backpacking Trail,315.1,45.865244,-77.748496,45.866146,-77.752256,105868625,104803341,210.009140392,44.938936759012805,"{""bicycle"": ""no"", ""highway"": ""footway"", ""portage"": ""designated"", ""sac_scale"": ""hiking"", ""surface"": ""ground""}"
906391402,,252.9,45.857506,-77.738465,45.859656,-77.737513,105868484,1507034,214.01485665998075,0.0,"{""foot"": ""yes"", ""highway"": ""footway"", ""portage"": ""designated"", ""source"": ""Strava Heatmap"", ""surface"": ""ground""}"
963056170,,49.5,45.854976,-77.755405,45.85476,-77.75488,1483831,1483831,231.21991728956763,228.18517301438405,"{""highway"": ""footway"", ""portage"": ""designated"", ""source"": ""Strava Heatmap;Bing Imagery"", ""surface"": ""gravel""}"
976750348,White Partridge - Travers Cart Path,13158.6,45.849482,-78.100499,45.930454,-78.016472,75364154,-1621,175.82950512307067,121.25317807047153,"{""hand_cart"": ""yes"", ""highway"": ""footway"", ""horse"": ""yes"", ""portage"": ""designated"", ""surface"": ""gravel""}"
977660248,,2498.9,45.93189,-78.106345,45.949021,-78.091541,1187948,1187447,0.0,237.27620483774157,"{""highway"": ""footway"", ""portage"": ""designated"", ""source"": ""Strava Heatmap"", ""surface"": ""ground""}"
1040595826,,1013.6,45.663091,-78.099933,45.67054,-78.103179,3376429,3376432,0.0,0.0,"{""highway"": ""footway"", ""portage"": ""designated"", ""source"": ""Strava Heatmap"", ""surface"": ""dirt""}"
1040595834,,550.9,45.67942,-78.098134,45.683369,-78.096165,3376432,1186190,200.43725036364438,0.0,"{""highway"": ""footway"", ""portage"": ""designated"", ""source"": ""Strava Heatmap"", ""surface"": ""dirt""}"
1040896278,,1292.8,45.673888,-78.142375,45.684429,-78.139433,1186079,3376432,0.0,249.50968051866386,"{""highway"": ""footway"", ""portage"": ""designated"", ""source"": ""Strava Heatmap"", ""surface"": ""dirt""}"
1137099262,,90.1,45.833802,-77.776654,45.833096,-77.776675,104802694,104803403,0.0,44.898015344676274,"{""highway"": ""footway"", ""portage"": ""designated"", ""source"": ""Strava Heatmap""}"
1137099263,,227.4,45.831232,-77.775445,45.83281,-77.776266,104803403,104803403,186.89894789351064,0.0,"{""highway"": ""footway"", ""portage"": ""designated"", ""source"": ""Strava Heatmap""}"
1137099264,,146.0,45.831557,-77.790232,45.830698,-77.78901,1483826,1137099261,219.71637628572105,0.0,"{""highway"": ""footway"", ""portage"": ""designated"", ""source"": ""Strava Heatmap""}"
1137099266,Eastern Pines Backpacking Trail,159.3,45.866305,-77.752594,45.866912,-77.754142,104803341,104803341,40.552263212008235,149.8055687476761,"{""bicycle"": ""no"", ""highway"": ""footway"", ""portage"": ""designated"", ""sac_scale"": ""hiking"", ""surface"": ""ground""}"
1137099267,Eastern Pines Backpacking Trail,31.6,45.866146,-77.752256,45.866305,-77.752594,104803341,104803341,44.938936759012805,40.552263212008235,"{""bicycle"": ""no"", ""bridge"": ""boardwalk"", ""highway"": ""footway"", ""layer"": ""1"", ""portage"": ""designated"", ""sac_scale"": ""hiking"", ""surface"": ""wood""}"
1137099278,,8.7,45.858889,-77.695171,45.858949,-77.695098,1190940456,1190940456,115.9648053233872,116.68865674294082,"{""bicycle"": ""no"", ""highway"": ""footway"", ""portage"": ""designated"", ""source"": ""Strava Heatmap""}"
1137099280,,53.2,45.843336,-77.693771,45.84296,-77.693402,105868221,105868221,233.52013879888315,0.0,"{""highway"": ""footway"", ""portage"": ""designated"", ""source"": ""Strava Heatmap""}"
1150842109,,1196.1,45.780351,-78.156391,45.774122,-78.146032,2163081,75356040,147.68656628522464,0.0,"{""highway"": ""footway"", ""portage"": ""designated"", ""source"": ""CanVec 6.0 - NRCan""}"
1150842111,,2494.7,45.811072,-78.161336,45.823724,-78.138556,1155532,1155571,242.9979998419567,0.0,"{""highway"": ""footway"", ""portage"": ""designated""}"
1150842112,,855.6,45.79392,-78.183796,45.798835,-78.17995,2163081,1155532,237.0970404711592,0.0,"{""highway"": ""footway"", ""portage"": ""designated""}"
1152782932,,3614.1,45.912834,-78.161653,45.9345,-78.176287,1155644,1187447,228.71119118724428,227.98446794927608,"{""highway"": ""footway"", ""portage"": ""designated"", ""source"": ""Strava Heatmap""}"
1152782933,,589.0,45.907105,-78.17582,45.91044,-78.170878,75367659,1155644,245.56346583049083,0.0,"{""highway"": ""footway"", ""portage"": ""designated"", ""source"": ""Strava Heatmap""}"
1152782934,,34.0,45.90625,-78.177751,45.906455,-78.177473,75367659,75367659,0.0,0.0,"{""highway"": ""footway"", ""portage"": ""designated"", ""source"": ""Strava Heatmap""}"
1152782935,,118.6,45.904669,-78.178819,45.905451,-78.178484,75367659,75367659,106.51502554260587,19.625311683976438,"{""highway"": ""footway"", ""portage"": ""designated"", ""source"": ""Strava Heatmap""}"
1152782936,,78.1,45.899686,-78.183798,45.900186,-78.183127,2148867,2148867,248.24743833418628,247.982921311951,"{""highway"": ""footway"", ""portage"": ""designated"", ""source"": ""Strava Heatmap""}"
1152782937,,253.9,45.901832,-78.181264,45.90366,-78.179616,75367725,75367725,180.41052726265147,69.38853717786111,"{""highway"": ""footway"", ""portage"": ""designated"", ""source"": ""Strava Heatmap""}"
1152782942,,460.3,45.743812,-78.069828,45.743209,-78.064132,78414029,1186134,236.87846116631576,0.0,"{""highway"": ""footway"", ""portage"": ""designated"", ""source"": ""Strava Heatmap""}"
1152782943,,540.0,45.691122,-78.075487,45.695849,-78.074094,78413960,1186131,220.52989881362015,222.14009978322252,"{""highway"": ""footway"", ""portage"": ""designated"", ""source"": ""Strava Heatmap""}"
1152782944,,223.9,45.686618,-78.0806,45.688124,-78.078772,78414246,78413960,223.3629585874473,0.0,"{""highway"": ""footway"", ""portage"": ""designated"", ""source"": ""Strava Heatmap""}"
1152782945,,471.8,45.639202,-78.091361,45.63514,-78.09089,3376429,1186182,0.0,245.03011257909702,"{""highway"": ""footway"", ""portage"": ""designated""}"
1152782946,,326.5,45.594945,-78.169449,45.597749,-78.168827,,78423935,,0.0,"{""highway"": ""footway"", ""portage"": ""designated"", ""surface"": ""dirt""}"
1152782947,,204.2,45.603455,-78.169715,45.601796,-78.168705,78423846,78423935,187.40186842354967,0.0,"{""highway"": ""footway"", ""portage"": ""designated"", ""surface"": ""dirt""}"
1153088343,,1522.3,45.842861,-77.990184,45.851343,-77.975618,78567890,104794552,211.87308567262875,0.0,"{""highway"": ""footway"", ""portage"": ""designated""}"
1153088344,,1310.1,45.865415,-77.948562,45.872525,-77.935089,104794552,6463262,198.43800702883593,0.0,"{""highway"": ""footway"", ""portage"": ""designated""}"
1153088345,,3930.8,45.855271,-77.8391,45.875899,-77.812206,104802922,1483831,249.1371364198694,0.0,"{""highway"": ""footway"", ""portage"": ""designated""}"
1153088346,,222.8,45.864074,-77.871359,45.864653,-77.869001,104794453,104794453,223.89041880792402,221.30138893672105,"{""highway"": ""footway"", ""portage"": ""designated""}"
1153088347,,216.9,45.858381,-77.84697,45.859071,-77.848871,104802922,-1837,248.31508062801677,0.0,"{""highway"": ""footway"", ""portage"": ""designated""}"
1153088348,,63.3,45.860188,-77.858107,45.859937,-77.857414,104802693,104802693,234.61268843578313,229.81186374092843,"{""highway"": ""footway"", ""portage"": ""designated""}"
1153088349,,99.9,45.858989,-77.852124,45.859522,-77.85125,-1837,-1837,0.0,0.0,"{""highway"": ""footway"", ""portage"": ""designated""}"
1153088350,,354.5,45.822023,-77.776439,45.821223,-77.772455,104803232,-1769,244.05769394782507,0.0,"{""highway"": ""footway"", ""portage"": ""designated""}"
1153088351,,2070.0,45.843318,-77.815799,45.835212,-77.798393,1483827,1483826,246.38208312078189,213.03282625136606,"{""highway"": ""footway"", ""portage"": ""designated"", ""source"": ""Strava Heatmap""}"
1153088359,,348.0,45.777001,-77.710791,45.779553,-77.710563,105868753,105869878,164.992186754956,100.70556546928923,"{""highway"": ""footway"", ""portage"": ""designated""}"
1153088360,,45.1,45.773439,-77.708445,45.773157,-77.708661,105869855,105868753,242.35629636768377,185.7390275626073,"{""highway"": ""footway"", ""portage"": ""designated""}"
1153088361,,211.6,45.766961,-77.711277,45.767963,-77.70914,105869807,105869855,19.590262502948942,0.0,"{""highway"": ""footway"", ""portage"": ""designated"", ""source"": ""Strava Heatmap""}"
1153088362,,164.9,45.77413,-77.742346,45.774709,-77.743999,105870590,105870590,0.0,155.8032500328693,"{""highway"": ""footway"", ""portage"": ""designated"", ""source"": ""Strava Heatmap""}"
1153088363,,680.9,45.766565,-77.738434,45.770524,-77.741239,1507075,105870590,191.5451957640252,240.29747903724882,"{""highway"": ""footway"", ""portage"": ""designated"", ""source"": ""Strava Heatmap""}"
1153088364,,445.9,45.758235,-77.728396,45.7564,-77.723968,1507075,105869861,226.4469784641353,0.0,"{""highway"": ""footway"", ""portage"": ""designated"", ""source"": ""Strava Heatmap""}"
1153088365,,538.6,45.759251,-77.71883,45.763047,-77.71479,105870065,105869807,149.43719776785028,0.0,"{""highway"": ""footway"", ""portage"": ""designated"", ""source"": ""Strava Heatmap""}"
1153093328,,305.1,45.867171,-77.902596,45.866778,-77.899403,1483648,104794453,217.40368765827654,242.40395047948783,"{""highway"": ""footway"", ""portage"": ""designated""}"
1153093330,,488.1,45.865843,-77.922235,45.864311,-77.916905,,1483648,,226.32355719760878,"{""highway"": ""footway"", ""portage"": ""designated""}"
1153093332,,1749.8,45.859768,-77.948757,45.850759,-77.933756,104794552,-1738,0.0,189.51971748912882,"{""highway"": ""footway"", ""portage"": ""designated""}"
1153093333,,10.0,45.901838,-77.886624,45.901844,-77.886495,1483831,1483831,193.1519952939154,0.0,"{""highway"": ""footway"", ""portage"": ""designated""}"
1153093334,,854.0,45.901838,-77.886624,45.906417,-77.89389,1483831,1483774,193.1519952939154,243.91142946541882,"{""highway"": ""footway"", ""portage"": ""designated""}"
1153093335,,4926.5,45.870961,-77.920404,45.901838,-77.886624,,1483831,,193.1519952939154,"{""highway"": ""footway"", ""portage"": ""designated""}"
1153093336,,4946.9,45.742207,-78.008876,45.777921,-77.983586,-1574,-524,36.170152957499155,106.49650605021428,"{""highway"": ""track"", ""lanes"": ""2"", ""motor_vehicle"": ""private"", ""portage"": ""designated"", ""source"": ""CanVec 6.0 - NRCan;NRCan-CanVec-7.0"", ""surface"": ""unpaved"", ""vehicle"": ""forestry""}"
1153093337,,10.8,45.651241,-77.918486,45.651143,-77.918494,104741663,104741663,201.74907806160084,193.86694819513383,"{""bridge"": ""yes"", ""hand_cart"": ""yes"", ""highway"": ""footway"", ""layer"": ""1"", ""portage"": ""designated""}"
1153093338,,1667.0,45.664746,-77.917126,45.651241,-77.918486,-1643,104741663,8.125571856400532,201.74907806160084,"{""hand_cart"": ""yes"", ""highway"": ""footway"", ""portage"": ""designated""}"
1153093339,,16.8,45.664881,-77.917029,45.664746,-77.917126,-1643,-1643,8.655117586762914,8.125571856400532,"{""bridge"": ""yes"", ""hand_cart"": ""yes"", ""highway"": ""footway"", ""layer"": ""1"", ""portage"": ""designated""}"
1153093340,,2448.7,45.680122,-77.897444,45.664881,-77.917029,-1651,-1643,87.86838698799801,8.655117586762914,"{""hand_cart"": ""yes"", ""highway"": ""footway"", ""portage"": ""designated""}"
1153093341,Wilkins Lake - Dennisons Bay Cart Trail,1126.6,45.651143,-77.918494,45.642716,-77.916239,104741663,,193.86694819513383,,"{""hand_cart"": ""yes"", ""highway"": ""footway"", ""portage"": ""designated""}"
1153093346,,1380.8,45.674685,-77.871001,45.663824,-77.872541,3376458,104746597,249.25466407816333,162.3533056665385,"{""highway"": ""footway"", ""portage"": ""designated""}"
1153093347,,704.1,45.68108,-77.884684,45.683977,-77.877058,482006162,3376458,108.19860889507027,0.0,"{""highway"": ""footway"", ""portage"": ""designated""}"
1153093348,,1495.0,45.680068,-77.908528,45.681565,-77.890603,1482896,482006162,243.58267176422203,246.83117809417493,"{""highway"": ""footway"", ""portage"": ""designated""}"
1153093349,,959.2,45.680521,-77.928612,45.673901,-77.934443,1482896,104741690,232.6751168309152,161.8018200977292,"{""highway"": ""footway"", ""portage"": ""designated""}"
1153093350,,777.3,45.669396,-77.974902,45.666271,-77.966012,104741675,104741690,12.78502611624179,0.0,"{""highway"": ""footway"", ""portage"": ""designated""}"
1153093351,,617.9,45.67451,-77.984023,45.671373,-77.978741,3376428,104741675,206.14076645547817,0.0,"{""highway"": ""footway"", ""portage"": ""designated""}"
1153093352,,966.9,45.712489,-77.978874,45.718006,-77.969707,104742374,1482891,204.76517652757045,0.0,"{""highway"": ""footway"", ""portage"": ""designated""}"
1153093353,,940.6,45.702029,-77.982991,45.70947,-77.982415,251662778,104742374,226.37176014678562,0.0,"{""highway"": ""footway"", ""portage"": ""designated""}"
1153093354,,2393.6,45.713245,-78.011053,45.700515,-77.991445,-1564,251662778,0.0,0.0,"{""highway"": ""footway"", ""portage"": ""designated""}"
1153093355,,1638.7,45.742207,-78.008876,45.732664,-77.99507,-1574,1482891,36.170152957499155,0.0,"{""highway"": ""footway"", ""portage"": ""designated""}"
1153093356,,734.1,45.717671,-78.025008,45.715426,-78.016242,-1949,-1564,225.32605406856257,0.0,"{""highway"": ""footway"", ""portage"": ""designated""}"
1153093357,,3782.9,45.717671,-78.025008,45.742207,-78.008876,-1949,-1574,225.32605406856257,36.170152957499155,"{""highway"": ""track"", ""lanes"": ""2"", ""motor_vehicle"": ""private"", ""portage"": ""designated"", ""source"": ""CanVec 6.0 - NRCan;NRCan-CanVec-7.0"", ""surface"": ""unpaved"", ""vehicle"": ""forestry""}"
1153093359,,810.6,45.778027,-77.983154,45.783208,-77.97755,-524,-1599,125.44988326747571,31.973039944308752,"{""highway"": ""unclassified"", ""lanes"": ""2"", ""portage"": ""designated"", ""source"": ""CanVec 6.0 - NRCan;NRCan-CanVec-7.0"", ""surface"": ""unpaved""}"
1153093361,,299.8,45.791706,-77.978704,45.793572,-77.976003,104748351,104748351,184.71823935088915,229.62721824642406,"{""highway"": ""track"", ""lanes"": ""1"", ""portage"": ""designated"", ""surface"": ""unpaved""}"
1153093365,,35.5,45.777921,-77.983586,45.778027,-77.983154,-524,-524,106.49650605021428,125.44988326747571,"{""bridge"": ""yes"", ""highway"": ""track"", ""lanes"": ""2"", ""layer"": ""1"", ""motor_vehicle"": ""private"", ""portage"": ""designated"", ""source"": ""CanVec 6.0 - NRCan;NRCan-CanVec-7.0"", ""surface"": ""unpaved""}"
1153093366,,305.4,45.717671,-78.025008,45.71725,-78.028654,-1949,78413995,225.32605406856257,173.56644386932888,"{""highway"": ""footway"", ""portage"": ""designated""}"
1153093367,Cart Path,7569.7,45.850759,-77.933756,45.793572,-77.976003,-1738,104748351,189.51971748912882,229.62721824642406,"{""hand_cart"": ""yes"", ""highway"": ""footway"", ""portage"": ""designated"", ""surface"": ""unpaved""}"
1153093368,,4705.8,45.826037,-78.057141,45.835991,-78.009081,1187855,78567890,249.03550102756432,0.0,"{""highway"": ""footway"", ""portage"": ""designated""}"
1153093369,,1135.2,45.833692,-78.081103,45.83389,-78.067808,78567852,1187855,240.2697907596565,0.0,"{""highway"": ""footway"", ""portage"": ""designated""}"
1153621654,,4271.1,45.803223,-77.69807,45.836461,-77.685909,105869927,105868221,244.17511462704067,0.0,"{""highway"": ""footway"", ""portage"": ""designated""}"
1153910394,,2314.9,45.851613,-78.103886,45.866525,-78.113732,75364154,-1529,105.8156455643473,0.0,"{""highway"": ""footway"", ""portage"": ""designated""}"
1186118452,,506.2,45.660858,-78.089442,45.661072,-78.083612,3376429,78415083,238.3319411851408,0.0,"{""highway"": ""footway"", ""portage"": ""designated""}"
1186118465,,2343.5,45.708889,-78.052152,45.699101,-78.071674,78413916,1186131,196.5147076057419,243.28997055682026,"{""highway"": ""footway"", ""portage"": ""designated""}"
1186118466,,26.8,45.713313,-78.050794,45.713105,-78.050966,1186134,78413916,0.0,216.0273139532822,"{""highway"": ""footway"", ""portage"": ""designated""}"
1186118483,,1555.3,45.750695,-78.097906,45.747218,-78.081138,78557855,78414029,238.29461655921912,0.0,"{""highway"": ""footway"", ""portage"": ""designated""}"
1189496487,,381.4,45.852859,-77.833454,45.850898,-77.830077,1483827,1483827,233.88983166284504,225.96731986091226,"{""highway"": ""footway"", ""portage"": ""designated""}"
1189496500,,593.3,45.865843,-77.922235,45.870961,-77.920404,,,,,"{""hand_cart"": ""yes"", ""highway"": ""footway"", ""portage"": ""designated"", ""surface"": ""gravel"", ""tracktype"": ""grade2""}"
1190940417,,130.7,45.78729,-77.743742,45.788159,-77.7448,1483651,105869852,0.0,214.16347232217404,"{""highway"": ""footway"", ""portage"": ""designated""}"
1190940418,,1954.9,45.792274,-77.747674,45.808219,-77.75292,105869852,-1769,0.0,0.0,"{""highway"": ""footway"", ""portage"": ""designated"", ""surface"": ""unpaved""}"
1191303490,,22.9,45.835537,-77.776367,45.835721,-77.776232,104802694,1483831,185.68416415589243,0.0,"{""highway"": ""footway"", ""portage"": ""designated""}"
1191303492,,32.6,45.886148,-77.799991,45.886383,-77.79974,104803828,104803828,244.6927463992548,248.16936609280916,"{""embankment"": ""yes"", ""highway"": ""footway"", ""layer"": ""1"", ""portage"": ""designated""}"
1191303493,,1013.2,45.879022,-77.805256,45.886148,-77.799991,1483831,104803828,221.27123317082894,244.6927463992548,"{""highway"": ""footway"", ""portage"": ""designated""}"
1191303494,,1307.5,45.886383,-77.79974,45.897357,-77.797437,104803828,1483841,248.16936609280916,0.0,"{""highway"": ""footway"", ""portage"": ""designated""}"
1191303497,,250.7,45.865021,-77.755453,45.866912,-77.754142,1483831,104803341,241.62966906021143,149.8055687476761,"{""highway"": ""footway"", ""portage"": ""designated"", ""surface"": ""ground""}"
1191303498,,68.6,45.865118,-77.747935,45.86561,-77.747399,105868625,105868625,164.46316620054415,0.0,"{""highway"": ""footway"", ""portage"": ""designated"", ""surface"": ""ground""}"
1191303499,,81.6,45.864088,-77.745354,45.864798,-77.745587,1507034,105868625,0.0,22.098767205468455,"{""highway"": ""footway"", ""portage"": ""designated""}"
1532690874,,444.9,45.872793,-77.925067,45.870961,-77.920404,6463262,,213.52427973668344,,"{""highway"": ""footway"", ""portage"": ""designated""}"
1537980052,Eastern Pines Backpacking Trail,45.8,45.865244,-77.748496,45.865118,-77.747935,105868625,105868625,210.009140392,164.46316620054415,"{""bicycle"": ""no"", ""highway"": ""footway"", ""portage"": ""designated"", ""sac_scale"": ""hiking"", ""surface"": ""ground""}"
1540740014,,377.9,45.677002,-77.908971,45.673781,-77.907519,1482896,,204.49302490578526,,"{""highway"": ""footway"", ""portage"": ""designated""}"
105868586,,740.1,45.852941,-77.686461,45.855374,-77.678071,105868221,105868192,52.531043796283434,0.0,"{""highway"": ""footway"", ""portage"": ""designated"", ""source"": ""Strava Heatmap"", ""surface"": ""ground""}"
105868701,,545.9,45.856446,-77.688958,45.861004,-77.687985,105868221,105868372,0.0,153.78830523971223,"{""highway"": ""footway"", ""portage"": ""designated"", ""source"": ""Strava Heatmap"", ""surface"": ""ground""}"
628304799,,37.1,45.87201,-77.560298,45.871857,-77.560711,435954589,435954589,220.3191264812517,238.4375403475757,"{""highway"": ""footway"", ""portage"": ""designated"", ""source"": ""Strava Heatmap"", ""surface"": ""ground""}"
1137099257,,114.0,45.888787,-77.680695,45.889754,-77.681067,105863965,105863965,240.86913055889983,243.3599472765468,"{""highway"": ""footway"", ""portage"": ""designated"", ""source"": ""Strava Heatmap"", ""surface"": ""ground""}"
1137099258,,244.8,45.887816,-77.681274,45.888821,-77.679284,105863965,105863965,0.0,237.46278580378979,"{""highway"": ""footway"", ""portage"": ""designated"", ""source"": ""Strava Heatmap"", ""surface"": ""ground""}"
1137099259,,320.5,45.881405,-77.683512,45.884053,-77.682232,105863765,105863678,0.0,209.45558059553258,"{""highway"": ""footway"", ""portage"": ""designated"", ""source"": ""Strava Heatmap""}"
1137099260,,712.0,45.874278,-77.654031,45.871349,-77.647191,105863793,105868535,249.68204159782343,0.0,"{""highway"": ""footway"", ""portage"": ""designated"", ""source"": ""Strava Heatmap""}"
1137099271,,287.2,45.876203,-77.684858,45.878586,-77.683858,105863750,105863765,121.17977524690605,0.0,"{""highway"": ""footway"", ""portage"": ""designated"", ""source"": ""Strava Heatmap""}"
1137099272,,476.4,45.886836,-77.656339,45.88497,-77.650991,105863840,105863506,131.01954074893837,0.0,"{""highway"": ""footway"", ""portage"": ""designated"", ""source"": ""Strava Heatmap"", ""surface"": ""ground""}"
1137099273,,119.7,45.887073,-77.659285,45.886926,-77.657799,105863840,105863840,231.96414259349433,0.0,"{""highway"": ""footway"", ""portage"": ""designated"", ""source"": ""Strava Heatmap"", ""surface"": ""ground""}"
1137099274,,742.1,45.879994,-77.666685,45.885709,-77.66396,105863793,105863840,228.45997135942744,0.0,"{""highway"": ""footway"", ""portage"": ""designated"", ""source"": ""Strava Heatmap"", ""surface"": ""ground""}"
1137099275,,640.8,45.876418,-77.674237,45.878329,-77.667217,105868623,105863793,238.1214887466065,0.0,"{""highway"": ""footway"", ""portage"": ""designated"", ""source"": ""Strava Heatmap""}"
1137099276,,436.1,45.871695,-77.680357,45.874447,-77.683933,15429240,105868239,230.24012749265142,37.570237824968295,"{""highway"": ""footway"", ""portage"": ""designated"", ""source"": ""Strava Heatmap"", ""surface"": ""ground""}"
1137099279,,301.5,45.871672,-77.680009,45.873566,-77.677541,15429240,105868623,233.6789866252965,159.84397023390088,"{""highway"": ""footway"", ""portage"": ""designated"", ""source"": ""Strava Heatmap"", ""surface"": ""ground""}"
1153088338,,342.5,45.877329,-77.578363,45.875797,-77.574798,435954587,435954589,247.340358487334,203.50967209802664,"{""highway"": ""footway"", ""portage"": ""designated"", ""source"": ""Strava Heatmap"", ""surface"": ""ground""}"
1153088339,,772.1,45.80971,-77.541009,45.815733,-77.539399,435956852,6465253,229.9790552928713,220.53724684392253,"{""highway"": ""footway"", ""portage"": ""designated"", ""source"": ""Strava Heatmap""}"
1153088340,,879.4,45.827764,-77.564492,45.823706,-77.558115,435956867,6465253,0.0,0.0,"{""highway"": ""footway"", ""portage"": ""designated"", ""source"": ""Strava Heatmap""}"
1153088341,,378.1,45.85618,-77.672999,45.854344,-77.669201,105868192,105868501,230.13786085553184,0.0,"{""highway"": ""footway"", ""portage"": ""designated"", ""source"": ""strava heatmap""}"
1153088342,,2193.3,45.859818,-77.660758,45.866062,-77.640985,105868501,105868535,215.5600388369595,0.0,"{""highway"": ""footway"", ""portage"": ""designated""}"
1153621637,,1178.6,45.830168,-77.543283,45.838723,-77.548789,435956333,435956855,237.0928644111123,232.69720363914868,"{""highway"": ""footway"", ""portage"": ""designated"", ""source"": ""Strava Heatmap""}"
1153621638,,712.0,45.833448,-77.557346,45.837859,-77.551058,435956867,435956855,89.96959518346384,0.0,"{""highway"": ""footway"", ""portage"": ""designated"", ""source"": ""Strava Heatmap""}"
1153621639,,1359.7,45.809046,-77.555916,45.817251,-77.546791,435956850,6465253,244.2512095383454,245.24956975210642,"{""highway"": ""footway"", ""portage"": ""designated"", ""source"": ""Strava Heatmap""}"
1153621640,,156.3,45.827791,-77.540025,45.828425,-77.538285,6465253,6465254,244.668153999215,0.0,"{""highway"": ""footway"", ""portage"": ""designated""}"
1153621642,,974.4,45.829618,-77.661694,45.834148,-77.651995,105868460,105868177,218.05594197886398,227.86133223368932,"{""highway"": ""footway"", ""portage"": ""designated""}"
1153621650,,29.1,45.834795,-77.679619,45.835039,-77.679695,105868460,105868460,0.0,249.31047766280724,"{""highway"": ""footway"", ""portage"": ""designated""}"
1153621652,CN Beachburg Subdivision,485.3,45.835957,-77.685806,45.835039,-77.679695,105868221,105868460,240.62632427031198,249.31047766280724,"{""abandoned:railway"": ""rail"", ""electrified"": ""no"", ""highway"": ""footway"", ""old_railway_operator"": ""Canadian National Railway;Canadian Northern Railway"", ""portage"": ""designated"", ""railway"": ""abandoned"", ""source"": ""NRCan-CanVec-7.0"", ""usage"": ""branch""}"
1153621653,,58.2,45.835957,-77.685806,45.836461,-77.685909,105868221,105868221,240.62632427031198,0.0,"{""highway"": ""footway"", ""portage"": ""designated""}"
1190940446,,50.9,45.874897,-77.68488,45.874623,-77.684386,105863750,105868239,25.50298243448727,0.0,"{""highway"": ""footway"", ""portage"": ""designated"", ""source"": ""strava heatmap"", ""surface"": ""ground""}"
1537980071,,32.1,45.871803,-77.680352,45.871752,-77.679968,15429240,15429240,239.57827511524607,240.0246993479557,"{""highway"": ""footway"", ""portage"": ""designated"", ""source"": ""Strava Heatmap"", ""surface"": ""ground""}"
1548589244,,149.9,45.861209,-77.555004,45.860879,-77.556847,435956857,435956857,246.4314929241957,215.15103214150366,"{""highway"": ""path"", ""portage"": ""yes""}"
105508645,,309.7,45.946235,-78.964337,45.948586,-78.963145,144081838,144048550,23.8382649541774,0.0,"{""highway"": ""footway"", ""portage"": ""designated"", ""source"": ""Strava Heatmap"", ""surface"": ""dirt""}"
106580107,,1229.2,46.048202,-78.971302,46.05213,-78.957593,2997936,144338617,240.8960492647795,0.0,"{""highway"": ""footway"", ""portage"": ""designated"", ""source"": ""survey""}"
106580145,,2773.2,46.012828,-78.958887,46.005994,-78.930857,2997936,931647,242.40655582413953,0.0,"{""highway"": ""footway"", ""portage"": ""designated"", ""source"": ""Strava Heatmap"", ""surface"": ""dirt""}"
106580272,,519.9,46.000283,-78.906841,46.003932,-78.9032,931647,59877433,155.3867136618835,0.0,"{""highway"": ""footway"", ""portage"": ""designated"", ""source"": ""Strava Heatmap"", ""surface"": ""dirt""}"
144437865,Kiosk to Little Mink,637.3,46.082776,-78.836007,46.078026,-78.836191,2998019,1955720,244.57723724913106,0.0,"{""highway"": ""footway"", ""portage"": ""designated"", ""source"": ""GPX""}"
144438011,Little Mink to Mink,386.7,46.076629,-78.82803,46.076027,-78.823553,569434068,3380586,230.10409697244665,0.0,"{""bicycle"": ""permissive"", ""foot"": ""yes"", ""highway"": ""footway"", ""motor_vehicle"": ""no"", ""portage"": ""designated"", ""source"": ""GPX"", ""surface"": ""dirt""}"
144438014,Mink to Whitebirch,958.7,46.075979,-78.825328,46.06801,-78.823893,3380586,144575514,245.28820123905618,0.0,"{""bicycle"": ""permissive"", ""foot"": ""yes"", ""highway"": ""footway"", ""motor_vehicle"": ""no"", ""portage"": ""designated"", ""smoothness"": ""impassable"", ""source"": ""Strava Heatmap"", ""surface"": ""dirt""}"
365211408,Portage North Tea Lake to Manitou Lake,471.7,45.974603,-79.009136,45.977819,-79.007253,2997921,2997936,228.6332788369195,0.0,"{""highway"": ""footway"", ""portage"": ""designated"", ""source"": ""gps""}"
365211626,Portage North Tea Lake to Manitou Lake,580.1,45.970662,-78.992458,45.974656,-78.99625,2997921,2997936,0.0,0.0,"{""highway"": ""footway"", ""portage"": ""designated"", ""source"": ""survey""}"
973890291,Mink to Cauchon,439.5,46.054684,-78.759461,46.05757,-78.756719,3380586,13073534,240.65819684601254,0.0,"{""highway"": ""footway"", ""portage"": ""designated"", ""smoothness"": ""impassable"", ""source"": ""Strava Heatmap"", ""surface"": ""dirt""}"
974505237,,1699.1,46.004972,-78.74482,46.014547,-78.730132,106590797,106590943,202.17773752243795,242.39540276937296,"{""highway"": ""footway"", ""portage"": ""designated"", ""source"": ""Strava Heatmap"", ""surface"": ""dirt""}"
974505240,,593.7,46.028787,-78.725161,46.033036,-78.726291,106590943,106590943,0.0,248.01394814247269,"{""highway"": ""footway"", ""portage"": ""designated"", ""source"": ""Strava Heatmap"", ""surface"": ""dirt""}"
974505241,,584.3,46.044555,-78.855892,46.040208,-78.853394,3380585,144843176,0.0,0.0,"{""highway"": ""footway"", ""portage"": ""designated"", ""source"": ""Strava Heatmap"", ""surface"": ""dirt""}"
974505242,,839.1,46.05956,-78.883922,46.054229,-78.878968,2998019,3380585,0.0,239.58907116578834,"{""highway"": ""footway"", ""portage"": ""designated"", ""source"": ""Strava Heatmap"", ""surface"": ""dirt""}"
974505243,,736.6,46.0489,-78.923075,46.048941,-78.93025,144338724,144338617,240.16398647643314,235.40460390538053,"{""highway"": ""footway"", ""portage"": ""designated"", ""source"": ""Strava Heatmap"", ""surface"": ""dirt""}"
974505244,,262.0,46.04894,-78.923227,46.049814,-78.920424,144338724,2998019,230.580615205728,0.0,"{""highway"": ""footway"", ""portage"": ""designated"", ""source"": ""Strava Heatmap"", ""surface"": ""dirt""}"
974505248,,334.6,46.054702,-78.797962,46.053115,-78.794958,144575514,144576727,241.80852295573615,0.0,"{""highway"": ""footway"", ""portage"": ""designated"", ""smoothness"": ""impassable"", ""source"": ""Strava Heatmap"", ""surface"": ""dirt""}"
974505249,,363.1,46.044005,-78.764627,46.042064,-78.76156,144576727,59643359,233.27145071698476,0.0,"{""highway"": ""footway"", ""portage"": ""designated"", ""smoothness"": ""impassable"", ""source"": ""Strava Heatmap"", ""surface"": ""dirt""}"
974505250,,1141.0,46.051508,-78.757511,46.044106,-78.750452,3380586,59643359,247.38828884817966,0.0,"{""highway"": ""footway"", ""portage"": ""designated"", ""smoothness"": ""impassable"", ""source"": ""Strava Heatmap"", ""surface"": ""dirt""}"
975045654,,1178.5,45.973052,-78.885159,45.982396,-78.885401,1954671,931647,0.0,0.0,"{""highway"": ""footway"", ""portage"": ""designated"", ""source"": ""Strava Heatmap"", ""surface"": ""dirt""}"
975045655,,322.7,45.967677,-78.885643,45.96969,-78.885464,144354555,1954671,35.30756860515091,0.0,"{""highway"": ""footway"", ""portage"": ""designated"", ""source"": ""Strava Heatmap"", ""surface"": ""dirt""}"
975045656,,1031.7,45.95757,-78.886539,45.965797,-78.88572,105508649,144354555,249.38599633923045,0.0,"{""highway"": ""footway"", ""portage"": ""designated"", ""source"": ""Strava Heatmap"", ""surface"": ""dirt""}"
975045657,,529.9,45.952462,-78.891796,45.95558,-78.887409,1951871,105508649,212.1738643866966,0.0,"{""highway"": ""footway"", ""portage"": ""designated"", ""source"": ""Strava Heatmap"", ""surface"": ""dirt""}"
975045660,,1869.7,45.971682,-79.046972,45.963023,-79.028219,1950325,2997921,245.31623515009284,0.0,"{""highway"": ""footway"", ""portage"": ""designated"", ""source"": ""Strava Heatmap"", ""surface"": ""dirt""}"
975045661,1530m Portage (Kakasamic Lake/ Lorne Lake),1446.9,45.993398,-79.077045,45.983635,-79.066411,161005620,1950325,230.34179822539787,0.0,"{""highway"": ""footway"", ""portage"": ""designated"", ""source"": ""Strava Heatmap"", ""surface"": ""dirt""}"
975045674,420m Portage (O lake/ Kakasamic Lake),400.2,45.993034,-79.101772,45.994493,-79.097268,59775855,161005620,197.95979855190143,0.0,"{""highway"": ""footway"", ""portage"": ""designated"", ""source"": ""Strava Heatmap"", ""surface"": ""dirt""}"
975045675,190m Portage (Mattowacka Lake/ O Lake),236.1,45.992694,-79.106724,45.992524,-79.104151,59679785,59775855,176.51623004978163,0.0,"{""highway"": ""footway"", ""portage"": ""designated"", ""source"": ""Strava Heatmap"", ""surface"": ""dirt""}"
975045676,1530m Portage (Fasset Lake/ Mattowcka Lake),1534.6,46.010227,-79.102893,45.998224,-79.112303,930579,931651,0.0,20.750718727459052,"{""bicycle"": ""unknown"", ""highway"": ""footway"", ""horse"": ""unknown"", ""portage"": ""designated"", ""surface"": ""dirt""}"
975045677,,1001.5,46.025351,-79.094149,46.032346,-79.089317,930579,932764,0.0,0.0,"{""highway"": ""footway"", ""portage"": ""designated"", ""source"": ""Strava Heatmap"", ""surface"": ""dirt""}"
975673028,,207.9,45.997617,-78.738911,45.999429,-78.739441,104145649,104145649,0.0,213.95216073639344,"{""highway"": ""footway"", ""portage"": ""designated"", ""source"": ""Strava Heatmap"", ""surface"": ""dirt""}"
975673029,,1434.7,45.993759,-78.761555,45.996339,-78.744786,3210119,104145649,0.0,238.38685296427948,"{""highway"": ""footway"", ""portage"": ""designated"", ""source"": ""Strava Heatmap"", ""surface"": ""dirt""}"
975673030,,137.1,46.011223,-78.816687,46.012186,-78.817719,3210119,1958958,133.48103643021108,21.06175120916205,"{""highway"": ""footway"", ""portage"": ""designated"", ""source"": ""Strava Heatmap"", ""surface"": ""dirt""}"
975673050,,255.3,45.951543,-79.086215,45.953476,-79.086714,143977805,143977805,57.06692613257226,234.19903075961363,"{""highway"": ""footway"", ""portage"": ""designated"", ""source"": ""Strava Heatmap"", ""surface"": ""dirt""}"
975673051,,1753.5,45.949859,-79.083334,45.964099,-79.078205,143977805,161003231,240.40013403061212,171.9933259518315,"{""highway"": ""footway"", ""portage"": ""designated"", ""source"": ""Strava Heatmap"", ""surface"": ""dirt""}"
975673052,,254.5,45.949859,-79.083334,45.951356,-79.085687,143977805,143977805,240.40013403061212,94.85490483630414,"{""highway"": ""footway"", ""portage"": ""designated"", ""source"": ""Strava Heatmap"", ""surface"": ""dirt""}"
1040642317,,771.5,46.03411,-78.845149,46.039142,-78.848871,1959549,144843176,239.8336107741858,58.3282072360795,"{""highway"": ""footway"", ""portage"": ""designated"", ""source"": ""Strava Heatmap"", ""surface"": ""dirt""}"
1040642318,,119.1,46.031672,-78.840444,46.032547,-78.841111,1959549,1959549,112.22178463494986,24.383850305776843,"{""highway"": ""footway"", ""portage"": ""designated"", ""source"": ""Strava Heatmap"", ""surface"": ""dirt""}"
1040642319,,403.5,46.0182,-78.846266,46.018901,-78.842499,1958959,1958958,244.32409659702924,0.0,"{""highway"": ""footway"", ""portage"": ""designated"", ""source"": ""Strava Heatmap"", ""surface"": ""dirt""}"
1152504882,,694.3,45.951851,-78.76229,45.946596,-78.766365,104345963,1477514,232.88639744436418,217.3682233384503,"{""highway"": ""footway"", ""portage"": ""designated"", ""source"": ""Strava Heatmap""}"
1152504883,,915.4,45.954142,-78.759051,45.960923,-78.755297,104345963,104345878,238.91174687816246,0.0,"{""highway"": ""footway"", ""portage"": ""designated"", ""source"": ""Strava Heatmap""}"
1152504884,,644.1,45.980447,-78.764538,45.98138,-78.770361,-2398,3210119,12.003099373561746,0.0,"{""highway"": ""footway"", ""portage"": ""designated"", ""source"": ""Strava Heatmap""}"
1152504885,,218.7,45.97564,-78.7673,45.97666,-78.765129,-2398,-2398,0.0,0.0,"{""highway"": ""footway"", ""portage"": ""designated"", ""source"": ""Strava Heatmap""}"
1152504886,,666.5,45.969207,-78.763133,45.973295,-78.768866,1958558,-2398,0.0,4.986330080773177,"{""highway"": ""footway"", ""portage"": ""designated"", ""source"": ""NRCan-CanVec-7.0""}"
1152504887,,948.6,45.966904,-78.871319,45.971812,-78.878148,1958321,1954671,0.0,240.91513938123154,"{""highway"": ""footway"", ""portage"": ""designated""}"
1152504888,,843.5,45.9692,-78.860563,45.9747,-78.854516,1958321,1958551,0.0,0.0,"{""highway"": ""footway"", ""portage"": ""designated""}"
1152504889,,789.6,45.97928,-78.844755,45.977528,-78.835425,1958551,144761561,249.78577912961796,0.0,"{""highway"": ""footway"", ""portage"": ""designated""}"
1152504890,,533.3,45.976899,-78.821412,45.976914,-78.815052,144761561,-2398,205.66863781159694,5.515416358594607,"{""highway"": ""footway"", ""portage"": ""designated""}"
1152504891,,337.5,45.97473,-78.799876,45.973585,-78.796271,-2398,-2398,16.37506738603766,5.887525439718003,"{""highway"": ""footway"", ""portage"": ""designated"", ""source"": ""Strava Heatmap""}"
1152504892,,946.1,45.966206,-78.791747,45.973261,-78.793707,104346013,-2398,0.0,6.795924886500869,"{""highway"": ""footway"", ""portage"": ""designated"", ""source"": ""Strava Heatmap""}"
1152504893,,255.2,45.962239,-78.781342,45.964338,-78.782509,59877399,104345892,0.0,162.7007514673448,"{""highway"": ""footway"", ""portage"": ""designated"", ""source"": ""Strava Heatmap""}"
1152504894,,377.7,45.954467,-78.789819,45.957395,-78.788054,59644648,59877399,247.28440569332045,234.25937553758965,"{""highway"": ""footway"", ""portage"": ""designated"", ""source"": ""Strava Heatmap""}"
1152504895,,696.4,45.957462,-78.804577,45.956795,-78.796319,-2141,59644648,0.0,242.38868951712982,"{""highway"": ""footway"", ""portage"": ""designated"", ""source"": ""Strava Heatmap""}"
1152504896,,653.1,45.95289,-78.816328,45.956656,-78.811577,-2141,-2141,0.0,0.0,"{""highway"": ""footway"", ""portage"": ""designated"", ""source"": ""Strava Heatmap""}"
1152504897,,227.2,45.949623,-78.820753,45.951267,-78.819531,59672364,59672364,244.2275525980765,205.49432117155825,"{""highway"": ""footway"", ""portage"": ""designated"", ""source"": ""Strava Heatmap""}"
1152543221,,52.3,45.943434,-78.964773,45.942967,-78.964817,144081838,144081845,0.0,0.0,"{""highway"": ""footway"", ""portage"": ""designated"", ""source"": ""Strava Heatmap"", ""surface"": ""dirt""}"
1152573248,,182.1,45.948627,-79.081794,45.949859,-79.083334,2997921,143977805,0.0,240.40013403061212,"{""highway"": ""footway"", ""portage"": ""designated"", ""source"": ""Strava Heatmap"", ""surface"": ""dirt""}"
1152573249,,705.2,45.967954,-79.069136,45.970998,-79.062279,161003231,1950325,245.06709829414027,0.0,"{""highway"": ""footway"", ""portage"": ""designated"", ""source"": ""Strava Heatmap""}"
1152573250,,180.2,46.033949,-79.070166,46.034716,-79.071774,932764,932764,209.72799627141265,237.20243204295537,"{""highway"": ""footway"", ""portage"": ""designated"", ""source"": ""Strava Heatmap""}"
1152573251,,1302.9,46.031605,-79.066646,46.026809,-79.054653,-2137,-2137,0.0,0.0,"{""highway"": ""footway"", ""portage"": ""designated"", ""source"": ""Strava Heatmap""}"
1152573252,,215.1,46.026619,-79.052243,46.026076,-79.049809,-2137,-2137,0.0,0.0,"{""highway"": ""footway"", ""portage"": ""designated"", ""source"": ""Strava Heatmap""}"
1152573254,,197.7,46.02713,-79.030001,46.02832,-79.028564,921135746,921135746,0.0,182.2225336247976,"{""highway"": ""footway"", ""portage"": ""designated"", ""source"": ""Strava Heatmap""}"
1152573255,,447.9,45.965253,-78.75793,45.962159,-78.75525,1958558,104345878,226.02604392979646,131.47671846823977,"{""highway"": ""footway"", ""portage"": ""designated"", ""source"": ""Strava Heatmap""}"
1206017896,Boggy Lake - Dahinda Lake Portage,1420.1,46.008657,-78.87726,46.011705,-78.860353,59770027,144795284,241.12856526597616,0.0,"{""highway"": ""footway"", ""portage"": ""designated""}"
1206017897,North Sylvia Lake - Boggy Lake Portage,659.7,46.006007,-78.878832,46.003781,-78.886291,59770027,106580248,0.0,131.686201115943,"{""highway"": ""footway"", ""portage"": ""designated""}"
1219892182,,33.0,46.047242,-78.927521,46.047291,-78.927913,144338724,144338724,0.0,38.141105529998754,"{""highway"": ""footway"", ""portage"": ""designated"", ""source"": ""gps""}"
1220553291,,141.0,46.047474,-78.863644,46.046416,-78.863022,3380585,3380585,249.91486227125802,0.0,"{""highway"": ""footway"", ""portage"": ""designated""}"
1220553294,,205.5,46.049193,-78.864395,46.050018,-78.86651,3380585,3380585,248.2409977880661,243.58013283172707,"{""highway"": ""footway"", ""portage"": ""designated""}"
1434043167,,98.7,46.047567,-78.972195,46.048202,-78.971302,2997936,2997936,228.06672233034828,240.8960492647795,"{""highway"": ""footway"", ""portage"": ""designated"", ""source"": ""survey""}"
78516884,,2742.3,45.965947,-78.436409,45.986751,-78.430409,78517125,2973149,173.9105773012424,0.0,"{""highway"": ""footway"", ""portage"": ""designated"", ""source"": ""CanVec 6.0 - NRCan""}"
78517288,,2380.4,45.964635,-78.509074,45.9801,-78.494047,104083634,13125163,111.15974751301184,0.0,"{""highway"": ""footway"", ""portage"": ""designated"", ""source"": ""Strava Heatmap"", ""surface"": ""dirt""}"
78527998,,106.5,45.979332,-78.236365,45.979491,-78.235125,13140332,13140332,235.33153614467037,0.0,"{""highway"": ""footway"", ""portage"": ""designated"", ""source"": ""Strava Heatmap""}"
78602833,,380.6,45.992424,-78.262181,45.992927,-78.257658,222042188,222042186,0.0,188.4181677813809,"{""highway"": ""footway"", ""portage"": ""designated"", ""source"": ""CanVec 6.0 - NRCan""}"
104083564,,396.1,45.94544,-78.575986,45.94538,-78.570873,2973184,2973184,244.6720737190978,0.0,"{""highway"": ""footway"", ""portage"": ""designated"", ""source"": ""NRCan-CanVec-7.0""}"
106579680,,322.8,46.001153,-78.586417,46.000781,-78.583172,1519668,104083545,237.62654087879417,0.0,"{""highway"": ""footway"", ""portage"": ""designated""}"
106579877,,1016.9,46.024335,-78.561951,46.025209,-78.549535,106579844,106579990,198.3252000097015,0.0,"{""highway"": ""footway"", ""portage"": ""designated"", ""source"": ""Strava Heatmap""}"
106583027,,703.2,46.003095,-78.483855,46.009046,-78.482321,2973149,2973149,88.88564451526962,0.0,"{""highway"": ""footway"", ""portage"": ""designated"", ""source"": ""Strava Heatmap""}"
106583236,,1085.1,46.044966,-78.441597,46.05389,-78.438197,106583690,106584132,208.03621271762015,244.41186296406886,"{""description"": ""Unofficial portage"", ""highway"": ""footway"", ""portage"": ""designated"", ""smoothness"": ""impassable"", ""source"": ""NRCan-CanVec-7.0""}"
106583253,,1514.2,46.03264,-78.448649,46.044966,-78.441597,2973149,106583690,244.57725023991134,208.03621271762015,"{""description"": ""Unofficial portage"", ""highway"": ""footway"", ""portage"": ""designated"", ""smoothness"": ""impassable"", ""source"": ""NRCan-CanVec-7.0""}"
106602377,,140.8,46.015757,-78.286015,46.015715,-78.284202,8485316,106602369,37.82988664125982,0.0,"{""highway"": ""footway"", ""portage"": ""designated"", ""source"": ""NRCan-CanVec-7.0""}"
106602378,,87.4,46.011468,-78.296065,46.011939,-78.295241,1519903,1519903,0.0,0.0,"{""highway"": ""footway"", ""portage"": ""designated"", ""source"": ""NRCan-CanVec-7.0""}"
106602387,,303.3,46.050565,-78.2839,46.048123,-78.282604,16086962,16086962,249.82276904266456,248.5687901768697,"{""highway"": ""footway"", ""portage"": ""designated"", ""source"": ""Strava Heatmap""}"
106602409,,489.1,46.044806,-78.284879,46.048123,-78.282604,-2552,16086962,0.0,248.5687901768697,"{""highway"": ""footway"", ""portage"": ""designated"", ""source"": ""NRCan-CanVec-7.0""}"
106602429,,758.0,46.048464,-78.369749,46.053345,-78.363768,106602605,106602600,230.23502300755092,0.0,"{""highway"": ""footway"", ""portage"": ""designated""}"
106602434,,1227.2,46.016512,-78.306099,46.007775,-78.301572,106602608,1519903,240.4522002015734,0.0,"{""highway"": ""footway"", ""portage"": ""designated"", ""source"": ""NRCan-CanVec-7.0""}"
106602455,,108.7,46.032809,-78.327529,46.031906,-78.327171,1519902,1519902,225.97188698977843,225.29658928420642,"{""highway"": ""footway"", ""portage"": ""designated"", ""source"": ""NRCan-CanVec-7.0""}"
106602472,,1833.4,46.018125,-78.313926,46.031354,-78.305916,106602608,106602606,217.88950733058192,0.0,"{""highway"": ""footway"", ""portage"": ""designated"", ""source"": ""NRCan-CanVec-7.0""}"
106602537,,1730.1,46.048123,-78.282604,46.046368,-78.262454,16086962,1519900,248.5687901768697,225.9154352215597,"{""highway"": ""footway"", ""portage"": ""designated"", ""source"": ""NRCan-CanVec-7.0""}"
106602560,,2615.0,46.014574,-78.367546,46.027635,-78.345619,1519904,1519902,240.75041224924786,0.0,"{""highway"": ""footway"", ""portage"": ""designated""}"
507096668,,491.5,46.032439,-78.320523,46.033521,-78.315136,,106602606,,0.0,"{""highway"": ""footway"", ""portage"": ""designated"", ""source"": ""NRCan-CanVec-7.0""}"
507096669,,662.9,46.031906,-78.327171,46.032439,-78.320523,1519902,,225.29658928420642,,"{""highway"": ""footway"", ""portage"": ""designated"", ""source"": ""NRCan-CanVec-7.0"", ""surface"": ""ground"", ""tracktype"": ""grade5"", ""vehicle"": ""forestry""}"
700512809,,1039.1,46.05389,-78.438197,46.062335,-78.434,106584132,700512852,244.41186296406886,239.7649014922535,"{""description"": ""Unofficial portage"", ""highway"": ""footway"", ""note"": ""canoe portage"", ""portage"": ""designated"", ""smoothness"": ""impassable"", ""source"": ""NRCan-CanVec-10.0""}"
973890261,Laurel to Hurdman,137.5,46.066603,-78.607943,46.067399,-78.606899,9843627,9843627,221.58886258634124,0.0,"{""highway"": ""footway"", ""portage"": ""designated"", ""surface"": ""dirt""}"
973890285,Little Cauchon to Laurel,133.6,46.057118,-78.621404,46.058076,-78.620504,1519741,9843628,186.46085581139616,0.0,"{""highway"": ""footway"", ""portage"": ""designated"", ""smoothness"": ""impassable"", ""source"": ""GPX"", ""surface"": ""dirt""}"
974505245,,883.1,46.04909,-78.585616,46.054055,-78.579361,106580052,13125162,215.96592495248655,0.0,"{""highway"": ""footway"", ""portage"": ""designated"", ""source"": ""Strava Heatmap"", ""surface"": ""dirt""}"
974505246,,335.8,46.06272,-78.601629,46.062798,-78.597321,707859637,13736908,202.89631259759975,0.0,"{""highway"": ""footway"", ""portage"": ""designated"", ""smoothness"": ""impassable"", ""source"": ""Strava Heatmap"", ""surface"": ""dirt""}"
974505247,,1057.6,46.053771,-78.622277,46.046839,-78.613643,1519741,1519668,242.6155554820805,240.9926816199099,"{""highway"": ""footway"", ""portage"": ""designated"", ""source"": ""Strava Heatmap"", ""surface"": ""dirt""}"
974825065,,15.2,45.964498,-78.50908,45.964635,-78.509074,104083634,104083634,115.59115617885229,111.15974751301184,"{""bridge"": ""yes"", ""highway"": ""footway"", ""layer"": ""1"", ""portage"": ""designated"", ""source"": ""Strava Heatmap"", ""surface"": ""dirt""}"
974825066,,324.5,45.963619,-78.510538,45.964498,-78.50908,104083634,104083634,141.82088751144542,115.59115617885229,"{""highway"": ""footway"", ""portage"": ""designated"", ""source"": ""Strava Heatmap"", ""surface"": ""dirt""}"
974825067,,38.7,45.965179,-78.509713,45.96487,-78.509942,104083634,104083634,66.2194776056661,0.0,"{""highway"": ""footway"", ""portage"": ""designated"", ""source"": ""Strava Heatmap"", ""surface"": ""dirt""}"
974825068,,107.5,45.9629,-78.51024,45.962073,-78.509518,104083634,13125164,222.45190053931194,0.0,"{""highway"": ""footway"", ""portage"": ""designated"", ""source"": ""Strava Heatmap"", ""surface"": ""dirt""}"
974825069,,252.9,45.994676,-78.477013,45.992536,-78.47744,13125163,13125163,0.0,0.0,"{""highway"": ""footway"", ""portage"": ""designated"", ""source"": ""Strava Heatmap"", ""surface"": ""dirt""}"
974825070,,777.9,46.012734,-78.362965,46.009335,-78.355057,1519904,1519904,230.37666292871808,0.0,"{""highway"": ""footway"", ""portage"": ""designated"", ""source"": ""Strava Heatmap"", ""surface"": ""dirt""}"
974825071,,620.0,46.010069,-78.383133,46.012024,-78.376525,13140333,1519904,233.56806732310494,0.0,"{""highway"": ""footway"", ""portage"": ""designated"", ""source"": ""Strava Heatmap"", ""surface"": ""dirt""}"
974825072,,940.3,46.005013,-78.412016,46.008921,-78.402791,2973149,13140333,0.0,231.2220690246049,"{""highway"": ""footway"", ""portage"": ""designated"", ""source"": ""Strava Heatmap"", ""surface"": ""dirt""}"
974825078,,713.2,46.04125,-78.593523,46.046577,-78.590387,106580012,106580052,237.9208044904651,0.0,"{""highway"": ""footway"", ""portage"": ""designated"", ""source"": ""Strava Heatmap"", ""surface"": ""dirt""}"
976161212,,895.0,46.000521,-78.528035,46.005573,-78.520586,2973186,2973186,0.0,0.0,"{""highway"": ""footway"", ""portage"": ""designated"", ""source"": ""Strava Heatmap""}"
976161214,,1472.0,45.992863,-78.516629,46.002866,-78.508249,104083468,2973149,225.59178559351736,234.13760613474747,"{""highway"": ""footway"", ""portage"": ""designated"", ""source"": ""Strava Heatmap""}"
977347297,,1712.0,46.030486,-78.53117,46.024401,-78.542426,2973149,106579990,235.64774218828126,225.1217597369059,"{""highway"": ""footway"", ""portage"": ""designated"", ""source"": ""Strava Heatmap""}"
977347326,,66.1,46.057736,-78.460038,46.057657,-78.459199,106584071,106584071,78.45556386295713,0.0,"{""highway"": ""footway"", ""portage"": ""designated""}"
977347327,,653.1,46.065512,-78.46001,46.069307,-78.455946,,9839701,,0.0,"{""highway"": ""footway"", ""portage"": ""designated"", ""source"": ""Strava Heatmap""}"
977347328,,1240.3,46.06858,-78.462989,46.059609,-78.464844,-2537,106583940,7.879065327153172,0.0,"{""highway"": ""footway"", ""portage"": ""designated"", ""source"": ""Strava Heatmap""}"
977347329,Brent Crater Trail,150.5,46.069849,-78.462609,46.06858,-78.462989,-2537,-2537,122.03417156772946,7.879065327153172,"{""highway"": ""footway"", ""portage"": ""designated"", ""source"": ""Strava Heatmap""}"
977347330,Brent Crater Trail,146.4,46.073435,-78.465551,46.072527,-78.464205,28821262,28821262,244.88351914058927,243.7373017991909,"{""highway"": ""footway"", ""portage"": ""designated"", ""source"": ""Strava Heatmap""}"
977347331,,344.0,46.072527,-78.464205,46.069849,-78.462609,28821262,-2537,243.7373017991909,122.03417156772946,"{""highway"": ""footway"", ""portage"": ""designated"", ""source"": ""Strava Heatmap""}"
977578618,,210.9,45.961461,-78.197355,45.961872,-78.194976,977578620,977578620,242.67911325508274,0.0,"{""highway"": ""footway"", ""portage"": ""designated"", ""source"": ""Strava Heatmap""}"
977578627,,506.0,45.979625,-78.231977,45.977926,-78.226637,13140332,13140332,190.8370283961785,0.0,"{""highway"": ""footway"", ""portage"": ""designated"", ""source"": ""Strava Heatmap""}"
977578630,,701.0,45.989371,-78.251869,45.984088,-78.247971,18050393,13140332,241.15934827010017,0.0,"{""highway"": ""footway"", ""portage"": ""designated"", ""source"": ""Strava Heatmap""}"
979407423,,409.4,46.037214,-78.60451,46.039028,-78.600323,1519668,106580012,225.76778877416223,0.0,"{""highway"": ""footway"", ""portage"": ""designated"", ""source"": ""Strava Heatmap""}"
1152573257,,337.3,45.969604,-78.630446,45.968929,-78.626757,2973186,2973186,0.0,0.0,"{""highway"": ""footway"", ""portage"": ""designated"", ""source"": ""Strava Heatmap""}"
1152573258,,161.3,45.97109,-78.621691,45.970659,-78.619802,2973186,2973186,0.0,0.0,"{""highway"": ""footway"", ""portage"": ""designated"", ""source"": ""Strava Heatmap""}"
1152573259,,212.7,45.967656,-78.607707,45.969349,-78.606795,2973186,2973186,0.0,0.0,"{""highway"": ""footway"", ""portage"": ""designated"", ""source"": ""Strava Heatmap""}"
1152573260,,2965.2,45.949739,-78.589326,45.972845,-78.596917,104083486,2973186,0.0,217.29307121099674,"{""highway"": ""footway"", ""portage"": ""designated"", ""source"": ""Strava Heatmap""}"
1152782955,,193.1,46.112152,-78.283991,46.110602,-78.283549,9445138,680569605,239.45013580076983,243.72932178877838,"{""highway"": ""footway"", ""portage"": ""designated"", ""source"": ""Strava Heatmap""}"
1152782956,,744.5,46.101814,-78.293376,46.10224,-78.285409,9445136,9445138,245.48600182404348,0.0,"{""highway"": ""footway"", ""portage"": ""designated"", ""source"": ""Strava Heatmap""}"
1152782957,,268.6,46.086487,-78.277949,46.088727,-78.278091,680569320,680569320,131.00061497014048,120.87280977478439,"{""highway"": ""footway"", ""portage"": ""designated"", ""source"": ""Strava Heatmap""}"
1152782958,,1465.7,46.069282,-78.365842,46.075179,-78.380588,680569504,9733292,0.0,0.0,"{""highway"": ""footway"", ""portage"": ""designated""}"
1152782959,,859.8,46.058238,-78.368035,46.064962,-78.363547,106602600,680569504,0.0,0.0,"{""highway"": ""footway"", ""portage"": ""designated""}"
1152782960,,1115.3,46.066565,-78.629742,46.061938,-78.619789,680795603,9843628,244.19040927995718,0.0,"{""highway"": ""footway"", ""portage"": ""designated"", ""source"": ""NRCan-CanVec-10.0""}"
1153088336,,118.3,46.084543,-78.380546,46.083949,-78.379384,9733294,9733292,244.33052083124784,0.0,"{""highway"": ""footway"", ""portage"": ""designated"", ""source"": ""Strava Heatmap""}"
1153910366,,3669.7,45.950979,-78.332205,45.976897,-78.316613,78602603,-1116,247.7611603605621,0.0,"{""highway"": ""footway"", ""portage"": ""designated"", ""source"": ""Strava Heatmap""}"
1154149528,,699.7,46.051012,-78.66373,46.047062,-78.658627,1519741,106590850,0.0,237.54674199611438,"{""highway"": ""footway"", ""portage"": ""designated""}"
1154149529,,271.1,46.048762,-78.665771,46.050683,-78.665739,106590781,106590781,78.34618331445357,227.93801444099554,"{""highway"": ""footway"", ""portage"": ""designated""}"
1154149531,,2035.9,46.058653,-78.66683,46.066383,-78.647051,1519741,680795603,235.1535813522744,0.0,"{""highway"": ""footway"", ""portage"": ""designated""}"
1154149534,,1252.4,46.101137,-78.313292,46.102828,-78.300752,9445136,9445136,241.8106787976845,0.0,"{""highway"": ""footway"", ""portage"": ""designated""}"
1154149535,,103.8,46.091236,-78.35345,46.091205,-78.35212,9733294,9733294,234.42539754585846,232.20368218899608,"{""highway"": ""footway"", ""portage"": ""designated""}"
1154149537,,370.0,46.060045,-78.348216,46.062038,-78.345378,106602575,106602546,235.97008898399204,82.55743357837704,"{""highway"": ""footway"", ""portage"": ""designated""}"
1154149538,,830.8,46.055173,-78.362675,46.057869,-78.352972,106602600,106602575,241.72204168744562,0.0,"{""highway"": ""footway"", ""portage"": ""designated""}"
1154149539,,2527.9,46.030182,-78.391284,46.044297,-78.370328,2973149,106602605,242.45152267740193,0.0,"{""highway"": ""footway"", ""portage"": ""designated""}"
1154149541,,572.2,45.982486,-78.524008,45.987557,-78.523209,104083669,104083468,33.04238773209423,168.5282867654541,"{""highway"": ""footway"", ""portage"": ""designated""}"
1154149542,,455.9,46.020968,-78.577265,46.023755,-78.573675,106580015,21091548,0.0,0.0,"{""highway"": ""footway"", ""portage"": ""designated""}"
1154149543,,360.7,46.019502,-78.574721,46.018593,-78.570623,106580015,106580065,247.27373750296496,0.0,"{""highway"": ""footway"", ""portage"": ""designated""}"
1154149544,,1159.9,46.006019,-78.569178,46.014877,-78.561349,104083545,106580065,236.46362323615165,0.0,"{""highway"": ""footway"", ""portage"": ""designated""}"
1154149546,,149.9,46.11149,-78.682889,46.112287,-78.681888,9448577,9448577,0.0,248.23704740429127,"{""highway"": ""footway"", ""portage"": ""designated""}"
1154149547,,836.7,46.120644,-78.664452,46.116245,-78.671161,680795655,680795786,247.65471401225255,46.25279291909246,"{""highway"": ""footway"", ""portage"": ""designated""}"
1154149548,,130.7,46.121075,-78.664395,46.120402,-78.663168,680795655,680795655,238.95667889512012,244.73749028025009,"{""highway"": ""footway"", ""portage"": ""designated""}"
1154149549,,246.0,46.110104,-78.644258,46.108207,-78.643112,680795615,680795616,239.23634776282714,39.21003550800771,"{""highway"": ""footway"", ""portage"": ""designated""}"
1154149550,,125.5,46.096156,-78.63324,46.095744,-78.631855,680795616,680795616,232.0219515387227,225.7879923566212,"{""highway"": ""footway"", ""portage"": ""designated""}"
1154149551,,138.5,46.090999,-78.631808,46.090083,-78.630998,21089651,13158857,0.0,119.35742380867363,"{""highway"": ""footway"", ""portage"": ""designated""}"
1154149552,,77.5,46.087291,-78.627896,46.087606,-78.628737,9843627,13158857,0.0,210.68505431685938,"{""highway"": ""footway"", ""portage"": ""designated""}"
1154149553,,35.8,46.066127,-78.599965,46.066016,-78.599573,13736910,13736910,0.0,0.0,"{""highway"": ""footway"", ""portage"": ""designated""}"
1154149554,,11.6,46.066713,-78.601866,46.066814,-78.601875,13736910,9843627,0.0,1.7652574230847147,"{""highway"": ""footway"", ""portage"": ""designated""}"
1154149555,,125.2,46.064573,-78.596794,46.065131,-78.598073,13736908,13736908,0.0,104.29819877172653,"{""highway"": ""footway"", ""portage"": ""designated""}"
1154149556,,2121.0,46.050773,-78.539772,46.058681,-78.521788,2973149,-2505,244.63098501159703,0.0,"{""highway"": ""footway"", ""portage"": ""designated""}"
1154149557,,207.2,46.066814,-78.512322,46.068156,-78.511589,9843624,9843624,244.57339833241633,0.0,"{""highway"": ""footway"", ""portage"": ""designated""}"
1154149558,,476.7,46.085546,-78.486501,46.084756,-78.480541,28820855,28821262,246.39145258390164,0.0,"{""highway"": ""footway"", ""portage"": ""designated"", ""source"": ""NRCan-CanVec-10.0""}"
1154149559,,319.6,46.062335,-78.434,46.063012,-78.430622,700512852,106584184,239.7649014922535,0.0,"{""highway"": ""footway"", ""portage"": ""designated""}"
1154149560,,1496.1,46.058281,-78.452335,46.062335,-78.434,106584071,700512852,249.75171053974384,239.7649014922535,"{""highway"": ""footway"", ""portage"": ""designated""}"
1188919625,,248.7,45.996526,-78.541843,45.997625,-78.539811,2973186,2973186,0.0,0.0,"{""highway"": ""footway"", ""portage"": ""designated"", ""source"": ""Strava Heatmap""}"
1188919644,,88.6,45.956901,-78.535152,45.957422,-78.534296,2973184,13125164,53.17323803239401,0.0,"{""highway"": ""footway"", ""portage"": ""designated""}"
1189008573,,242.0,46.024803,-78.279252,46.026464,-78.278798,106602511,106602511,0.0,244.03149598954465,"{""highway"": ""footway"", ""portage"": ""designated"", ""source"": ""Strava Heatmap""}"
1189008574,,328.0,46.021439,-78.280604,46.023514,-78.279255,106602369,106602511,0.0,0.0,"{""highway"": ""footway"", ""portage"": ""designated"", ""source"": ""Strava Heatmap""}"
1189277576,,1061.8,46.082215,-78.192829,46.076078,-78.18252,-2700,-2700,13.554120791543292,37.55450635724239,"{""highway"": ""footway"", ""portage"": ""designated""}"
1189277577,,179.9,46.084586,-78.202834,46.083774,-78.200896,9843472,707845207,241.38336769239288,111.02404728188732,"{""highway"": ""footway"", ""portage"": ""designated""}"
1189277578,,648.6,46.075774,-78.223092,46.080911,-78.219303,707845664,9843472,248.01127927668122,0.0,"{""highway"": ""footway"", ""portage"": ""designated""}"
1189277599,,366.5,46.03122,-78.277762,46.033747,-78.276228,-2552,-2552,0.0,0.0,"{""highway"": ""footway"", ""portage"": ""designated"", ""source"": ""Strava Heatmap""}"
78588244,,552.1,45.949277,-78.092375,45.949869,-78.08672,1187447,1187447,239.0264537366465,0.0,"{""highway"": ""footway"", ""portage"": ""designated"", ""source"": ""Strava Heatmap"", ""surface"": ""ground""}"
977578624,,169.2,45.961794,-78.18763,45.960959,-78.185909,977578620,1187447,214.53225711192613,0.0,"{""highway"": ""footway"", ""portage"": ""designated"", ""source"": ""Strava Heatmap""}"
977660229,,795.6,46.049336,-77.894284,46.048145,-77.885078,9181388,9181388,0.0,248.4995644304213,"{""highway"": ""footway"", ""portage"": ""designated"", ""source"": ""Strava Heatmap""}"
977660230,,448.3,46.066326,-77.92788,46.064197,-77.923485,9181902,9181902,0.0,0.0,"{""highway"": ""footway"", ""portage"": ""designated"", ""source"": ""Strava Heatmap""}"
977660231,,1541.9,46.063572,-77.919395,46.061501,-77.904685,9181902,9181388,246.47060191368038,0.0,"{""highway"": ""footway"", ""portage"": ""designated"", ""source"": ""Strava Heatmap""}"
977660232,,126.3,46.036814,-77.99788,46.037318,-77.996651,9181364,9181364,0.0,0.0,"{""highway"": ""footway"", ""portage"": ""designated"", ""source"": ""Strava Heatmap""}"
977660233,,314.0,46.03234,-78.007054,46.034425,-78.004671,707844449,707844449,106.63302024394179,166.08029193208097,"{""highway"": ""footway"", ""portage"": ""designated"", ""source"": ""Strava Heatmap""}"
977660246,,942.1,45.959515,-78.071694,45.96051,-78.06288,1187447,9843439,0.0,70.88691627522158,"{""highway"": ""footway"", ""portage"": ""designated"", ""source"": ""Strava Heatmap"", ""surface"": ""ground""}"
977660247,,999.3,45.950283,-78.083096,45.957327,-78.078198,1187447,1187447,237.34526960630015,218.20814292233754,"{""highway"": ""footway"", ""portage"": ""designated"", ""source"": ""Strava Heatmap"", ""surface"": ""ground""}"
977660250,,1440.7,45.949374,-78.129624,45.948346,-78.112966,1187447,1187447,232.14390682031194,224.52792260182656,"{""highway"": ""footway"", ""portage"": ""designated"", ""source"": ""Strava Heatmap""}"
977660252,,313.2,45.954255,-78.15588,45.952256,-78.153807,1187447,1187447,0.0,0.0,"{""highway"": ""footway"", ""portage"": ""designated"", ""source"": ""Strava Heatmap""}"
1152782929,,185.5,45.955418,-78.186314,45.956526,-78.184943,1187447,1187447,0.0,0.0,"{""highway"": ""footway"", ""portage"": ""designated""}"
1152782930,,486.4,45.948529,-78.187277,45.952528,-78.185643,1187447,1187447,248.22515144105802,227.60000735254263,"{""highway"": ""footway"", ""portage"": ""designated""}"
1152782931,,189.9,45.944865,-78.189052,45.946263,-78.188128,1187447,1187447,227.2914675360739,0.0,"{""highway"": ""footway"", ""portage"": ""designated""}"
1153910386,,4493.7,46.02436,-77.757039,45.999131,-77.713578,13145152,13145153,0.0,0.0,"{""highway"": ""footway"", ""portage"": ""designated"", ""source"": ""Strava Heatmap""}"
1153910387,,1555.4,46.041027,-77.786779,46.033305,-77.771932,8415371,13145152,233.82167102537275,0.0,"{""highway"": ""footway"", ""portage"": ""designated"", ""source"": ""Strava Heatmap"", ""surface"": ""ground""}"
1153910388,,120.0,46.042922,-77.820684,46.042915,-77.819159,8415371,8415371,0.0,235.2584256596791,"{""highway"": ""footway"", ""portage"": ""designated"", ""source"": ""Strava Heatmap""}"
1153910389,,2056.8,46.042907,-77.815008,46.042563,-77.790082,8415371,8415371,0.0,242.52992285935275,"{""highway"": ""footway"", ""portage"": ""designated"", ""source"": ""Strava Heatmap"", ""surface"": ""ground""}"
1153910390,,145.9,46.045814,-77.834273,46.044967,-77.832938,8415371,8415371,0.0,0.0,"{""highway"": ""footway"", ""portage"": ""designated"", ""source"": ""Strava Heatmap""}"
1153910392,,464.4,46.049107,-77.87693,46.049172,-77.871116,9181388,9186024,0.0,0.0,"{""highway"": ""footway"", ""portage"": ""designated"", ""source"": ""Strava Heatmap""}"
1153910393,,308.9,46.049518,-77.869079,46.050884,-77.865981,9186024,9186024,0.0,0.0,"{""highway"": ""footway"", ""portage"": ""designated"", ""source"": ""Strava Heatmap""}"
1189277567,Lost Coin Lake Cart Trail,3802.3,46.05697,-78.087424,46.026774,-78.090589,,707845082,,236.47005779587775,"{""highway"": ""footway"", ""portage"": ""designated"", ""surface"": ""ground""}"
1189277568,Bissett Creek Road,2135.9,46.070476,-78.107138,46.088062,-78.098327,,-3115,,228.34795825518904,"{""attribution"": ""GeoBase\u00ae"", ""geobase:acquisitionTechnique"": ""Vector Data"", ""hand_cart"": ""yes"", ""highway"": ""track"", ""lanes"": ""2"", ""motor_vehicle"": ""forestry"", ""note"": ""forestry vehicles only - public traffic not permitted"", ""portage"": ""designated"", ""source"": ""Geobase_Import_2009;NRCan-CanVec-7.0;CanVec 6.0 - NRCan"", ""surface"": ""unpaved""}"
1189277569,,2329.7,46.070476,-78.107138,46.05697,-78.087424,,,,,"{""highway"": ""track"", ""motor_vehicle"": ""forestry"", ""portage"": ""designated"", ""surface"": ""unpaved"", ""tracktype"": ""grade2""}"
1189277571,Bissett Creek Road,5808.1,46.03457,-78.146051,46.070476,-78.107138,-3034,,34.976723532543275,,"{""attribution"": ""GeoBase\u00ae"", ""geobase:acquisitionTechnique"": ""Vector Data"", ""hand_cart"": ""yes"", ""highway"": ""track"", ""lanes"": ""2"", ""motor_vehicle"": ""forestry"", ""note"": ""forestry vehicles only - public traffic not permitted"", ""portage"": ""designated"", ""source"": ""Geobase_Import_2009;NRCan-CanVec-7.0;CanVec 6.0 - NRCan"", ""surface"": ""unpaved""}"
1189277572,,2143.1,46.035089,-78.16867,46.03457,-78.146051,707844454,-3034,249.878593870621,34.976723532543275,"{""highway"": ""footway"", ""portage"": ""designated"", ""surface"": ""ground""}"
1189277573,,426.7,46.044739,-78.168758,46.041233,-78.170734,707844621,707844454,0.0,0.0,"{""highway"": ""footway"", ""portage"": ""designated""}"
1189277574,,120.3,46.050719,-78.175407,46.049671,-78.17528,9843476,9843476,242.33611462877178,245.66969254856434,"{""highway"": ""footway"", ""portage"": ""designated""}"
1189277575,,212.6,46.057891,-78.183742,46.059301,-78.185468,9843476,9843476,113.35718592914256,222.09101096248563,"{""highway"": ""footway"", ""portage"": ""designated""}"
1189444162,,217.6,45.948275,-78.104114,45.948687,-78.102044,1187447,1187447,249.3421748269327,237.26221751745268,"{""highway"": ""footway"", ""portage"": ""designated"", ""source"": ""Strava Heatmap""}"
1189444164,,270.7,45.948815,-78.096567,45.949578,-78.094107,1187447,1187447,0.0,0.0,"{""highway"": ""footway"", ""portage"": ""designated"", ""source"": ""Strava Heatmap"", ""surface"": ""ground""}"
1532714765,,25.5,46.064704,-77.906848,46.064911,-77.90686,9181902,9181902,239.07382978494712,0.0,"{""highway"": ""path"", ""portage"": ""yes""}"
1153910384,,150.9,45.960268,-77.644667,45.959575,-77.643176,977660225,435953829,98.04672122225641,0.0,"{""highway"": ""footway"", ""portage"": ""designated"", ""source"": ""Strava Heatmap""}"
1153910385,,443.6,45.982407,-77.682674,45.984425,-77.687032,105855573,1506903,0.0,164.26387042973633,"{""highway"": ""footway"", ""portage"": ""designated"", ""source"": ""Strava Heatmap""}"
