from_id,to_id,kind,length_m,via
74647371,-1,river,0.0,unnamed waterway
74647378,-1,river,0.0,unnamed waterway
74647371,-2,river,10.7,unnamed waterway
2998118,-2,river,22.4,unnamed waterway
74647337,-3,river,19.7,Tonakela Creek
2411732,-3,river,27.0,Tonakela Creek
105679908,-4,river,16.8,Tonakela Creek
975803919,-4,river,26.0,Tonakela Creek
1182171,-4,river,15.9,Tonakela Creek
74450612,-5,river,0.0,unnamed waterway
975803919,-5,river,5.9,unnamed waterway
74450615,-6,river,0.0,unnamed waterway
74647337,-6,river,13.0,unnamed waterway
78033820,-7,river,7.1,Namakootchie Creek
2411732,-7,river,24.0,Namakootchie Creek
78032857,-8,river,2.2,unnamed waterway
2998118,-8,river,22.6,unnamed waterway
78033138,-9,river,12.2,unnamed waterway
78033666,-9,river,22.1,unnamed waterway
78033074,-10,river,0.0,Mink Creek
78033337,-10,river,7.9,Mink Creek
2998120,-10,river,15.1,Mink Creek
78033250,-11,river,0.0,Big East River
78039801,-11,river,0.0,Big East River
78040054,-11,river,25.2,Big East River
78040067,-11,river,0.0,Big East River
78040309,-11,river,0.0,Big East River
1182167,-11,river,22.2,Big East River
78033657,-12,river,0.0,unnamed waterway
1182170,-12,river,21.5,unnamed waterway
78032965,-13,river,15.1,unnamed waterway
78033395,-13,river,0.0,unnamed waterway
78033502,-14,river,21.1,Lupus Creek
78033827,-14,river,20.3,Lupus Creek
78033402,-15,river,12.6,Oak Creek
1182174,-15,river,14.8,Oak Creek
78033010,-16,river,0.0,unnamed waterway
78033804,-16,river,0.0,unnamed waterway
78033114,-17,river,22.5,unnamed waterway
2411726,-17,river,24.3,unnamed waterway
74712328,-17,river,0.0,unnamed waterway
78033814,-18,river,29.7,unnamed waterway
78033263,-19,river,0.0,Ahme Creek
82616185,-19,river,26.6,Ahme Creek
82616350,-19,river,0.0,Ahme Creek
2998120,-20,river,23.9,unnamed waterway
78033402,-21,river,17.7,unnamed waterway
78033846,-21,river,18.0,unnamed waterway
78033121,-22,river,18.7,unnamed waterway
78040309,-22,river,10.6,unnamed waterway
78033439,-23,river,0.0,Mink Creek
1152997388,-23,river,16.9,Mink Creek
78033074,-24,river,17.0,unnamed waterway
78033814,-24,river,7.2,unnamed waterway
78033175,-25,river,14.2,Tonakela Creek
975803921,-25,river,17.3,Tonakela Creek
78033133,-26,river,0.0,unnamed waterway
2998120,-26,river,0.0,unnamed waterway
78033173,-27,river,0.0,unnamed waterway
78033439,-27,river,15.4,unnamed waterway
78033509,-27,river,25.9,unnamed waterway
78033794,-28,river,5.6,unnamed waterway
82616830,-28,river,25.1,unnamed waterway
78033091,-29,river,0.0,unnamed waterway
78033468,-29,river,22.9,unnamed waterway
78033851,-30,river,0.0,unnamed waterway
82616185,-30,river,0.0,unnamed waterway
78033181,-31,river,0.0,unnamed waterway
1182168,-31,river,11.2,unnamed waterway
78033468,-32,river,22.6,unnamed waterway
78033573,-32,river,18.4,unnamed waterway
78033118,-33,river,0.0,Mink Creek
78033439,-33,river,0.0,Mink Creek
78033645,-34,river,7.2,unnamed waterway
78033017,-35,river,0.0,unnamed waterway
78032988,-36,river,10.3,unnamed waterway
1182168,-36,river,20.3,unnamed waterway
78033146,-37,river,24.7,Oak Creek
78033402,-37,river,29.5,Oak Creek
78033146,-38,river,0.0,Oak Creek
1152997389,-38,river,0.0,Oak Creek
78039801,-39,river,20.6,unnamed waterway
78040063,-39,river,21.2,unnamed waterway
78033074,-40,river,27.1,Mink Creek
78040077,-40,river,18.0,Mink Creek
78040139,-40,river,27.4,Mink Creek
78040067,-41,river,0.0,unnamed waterway
78040027,-42,river,27.3,Marion Creek
78040139,-42,river,0.0,Marion Creek
78040270,-42,river,0.0,Marion Creek
78040295,-42,river,23.1,Marion Creek
78039791,-43,river,0.0,Marion Creek
82690089,-43,river,19.8,Marion Creek
82510215,-44,river,15.3,unnamed waterway
82510546,-44,river,14.1,unnamed waterway
82510367,-45,river,28.6,Gateway Creek
82510546,-45,river,0.0,Gateway Creek
2412304,-46,river,26.1,unnamed waterway
82510482,-47,river,24.7,unnamed waterway
82510639,-48,river,16.9,unnamed waterway
82510312,-48,river,0.0,unnamed waterway
82510394,-48,river,0.0,unnamed waterway
82510367,-49,river,19.1,unnamed waterway
1240232,-49,river,18.9,unnamed waterway
82510482,-50,river,0.0,unnamed waterway
82616104,-50,river,0.0,unnamed waterway
82510204,-52,river,27.9,unnamed waterway
82510367,-53,river,19.8,unnamed waterway
82510367,-54,river,15.9,Gateway Creek
82510639,-54,river,16.9,Gateway Creek
2998114,-55,river,13.8,unnamed waterway
181034811,-56,river,4.0,Ermine Creek
181034813,-56,river,12.8,Ermine Creek
2998114,-56,river,21.2,Ermine Creek
181069957,-57,river,16.3,Gateway Creek
181069992,-57,river,18.5,Gateway Creek
181069993,-57,river,11.2,Gateway Creek
82616119,-58,river,21.6,unnamed waterway
82616550,-58,river,21.8,unnamed waterway
82616117,-59,river,11.6,Oxtongue River
82616350,-59,river,0.0,Oxtongue River
180764793,-59,river,29.0,Oxtongue River
180764856,-59,river,15.1,Oxtongue River
180764868,-59,river,29.4,Oxtongue River
181014547,-59,river,12.3,Oxtongue River
181020704,-59,river,12.6,Oxtongue River
181020709,-59,river,10.4,Oxtongue River
181033274,-59,river,21.8,Oxtongue River
181033655,-59,river,23.1,Oxtongue River
181033717,-59,river,28.7,Oxtongue River
181033950,-59,river,0.0,Oxtongue River
181034790,-59,river,27.3,Oxtongue River
181034792,-59,river,2.2,Oxtongue River
2412306,-59,river,5.3,Oxtongue River
2416076,-59,river,13.7,Oxtongue River
82616149,-60,river,27.7,unnamed waterway
82616256,-60,river,11.2,unnamed waterway
82690111,-60,river,0.0,unnamed waterway
1241872,-60,river,4.9,unnamed waterway
82616391,-61,river,22.3,unnamed waterway
82616593,-61,river,20.3,unnamed waterway
82616149,-62,river,18.6,unnamed waterway
82616436,-62,river,0.0,unnamed waterway
82616577,-62,river,24.9,unnamed waterway
82616850,-62,river,25.6,unnamed waterway
82616199,-63,river,0.0,unnamed waterway
1289367123,-63,river,17.9,unnamed waterway
1241112,-63,river,23.1,unnamed waterway
82616247,-64,river,7.1,Guskewau Creek
82616613,-64,river,27.7,Guskewau Creek
181033655,-64,river,0.0,Guskewau Creek
1241112,-65,river,26.7,unnamed waterway
82616148,-66,river,0.0,unnamed waterway
82616209,-66,river,0.0,unnamed waterway
82616550,-66,river,0.0,unnamed waterway
82616172,-67,river,18.0,unnamed waterway
82616276,-67,river,0.0,unnamed waterway
82616460,-67,river,20.7,unnamed waterway
1241112,-67,river,14.0,unnamed waterway
82616167,-68,river,23.1,unnamed waterway
82616359,-68,river,8.8,unnamed waterway
82616141,-69,river,24.1,unnamed waterway
82616626,-69,river,22.5,unnamed waterway
82616872,-69,river,20.9,unnamed waterway
82616266,-71,river,0.0,unnamed waterway
82616872,-71,river,25.5,unnamed waterway
82688769,-71,river,24.6,unnamed waterway
82616327,-72,river,22.7,unnamed waterway
82616142,-73,river,5.3,unnamed waterway
82616608,-74,river,26.1,unnamed waterway
82616649,-74,river,0.0,unnamed waterway
82616256,-75,river,22.1,unnamed waterway
82616142,-76,river,18.1,unnamed waterway
82616193,-76,river,16.3,unnamed waterway
1289511610,-76,river,22.8,unnamed waterway
82616105,-77,river,23.0,Maple Leaf Creek
1241112,-77,river,20.6,Maple Leaf Creek
82688769,-78,river,19.0,unnamed waterway
1241107,-78,river,0.0,unnamed waterway
82616365,-79,river,0.0,unnamed waterway
82616441,-79,river,0.0,unnamed waterway
82616247,-80,river,26.7,unnamed waterway
82616830,-80,river,0.0,unnamed waterway
82616408,-81,river,6.7,unnamed waterway
82616532,-81,river,18.1,unnamed waterway
82616543,-82,river,23.2,Gateway Creek
181285918,-82,river,0.0,Gateway Creek
82616476,-83,river,16.0,unnamed waterway
82616613,-83,river,0.0,unnamed waterway
82616294,-84,river,22.8,unnamed waterway
82616692,-84,river,16.8,unnamed waterway
82616570,-85,river,24.7,unnamed waterway
82616176,-86,river,23.7,unnamed waterway
82616276,-86,river,23.7,unnamed waterway
82616167,-87,river,0.0,unnamed waterway
82616425,-87,river,0.0,unnamed waterway
82616105,-88,river,0.0,Maple Leaf Creek
82616686,-88,river,15.0,Maple Leaf Creek
181033950,-88,river,22.2,Maple Leaf Creek
181033954,-88,river,15.6,Maple Leaf Creek
82616294,-89,river,26.0,unnamed waterway
82616445,-89,river,15.4,unnamed waterway
82616167,-90,river,24.5,unnamed waterway
82616294,-90,river,20.7,unnamed waterway
82616425,-90,river,19.4,unnamed waterway
82616409,-91,river,0.0,unnamed waterway
82616105,-92,river,9.2,unnamed waterway
82616417,-93,river,27.6,unnamed waterway
2998114,-93,river,0.0,unnamed waterway
82688623,-95,river,0.0,Maggie Creek
82688830,-95,river,0.0,Maggie Creek
1241869,-95,river,0.0,Maggie Creek
2998116,-95,river,10.3,Maggie Creek
82689507,-96,river,18.8,unnamed waterway
82689871,-96,river,21.1,unnamed waterway
82689871,-97,river,14.8,Hardy Creek
82688769,-98,river,18.4,Hardy Creek
82689871,-98,river,15.9,Hardy Creek
180752835,-99,river,1.0,Swan Creek
2412304,-99,river,25.8,Swan Creek
6463477,-99,river,18.4,Swan Creek
105679945,-100,river,22.5,unnamed waterway
180752835,-100,river,21.4,unnamed waterway
6463477,-101,river,26.5,unnamed waterway
6463477,-102,river,0.0,unnamed waterway
6463477,-103,river,13.5,unnamed waterway
6463477,-104,river,24.7,unnamed waterway
2411726,-105,river,23.3,unnamed waterway
6463477,-105,river,14.3,unnamed waterway
6463477,-106,river,23.4,unnamed waterway
2412301,-107,river,26.6,unnamed waterway
180764780,-108,river,20.6,Swan Creek
2412304,-108,river,15.8,Swan Creek
180764780,-109,river,4.1,unnamed waterway
180764856,-110,river,20.0,unnamed waterway
2412306,-111,river,23.1,unnamed waterway
82616365,-112,river,22.4,unnamed waterway
2412306,-112,river,12.6,unnamed waterway
181033271,-113,river,18.8,unnamed waterway
2412306,-114,river,17.9,unnamed waterway
181033761,-115,river,8.0,unnamed waterway
2416809,-115,river,24.6,unnamed waterway
82616327,-116,river,14.1,unnamed waterway
181033954,-116,river,20.8,unnamed waterway
82616108,-117,river,18.5,unnamed waterway
181014547,-117,river,26.9,unnamed waterway
181033971,-117,river,2.2,unnamed waterway
181033973,-117,river,0.0,unnamed waterway
82616369,-118,river,19.6,unnamed waterway
181033971,-118,river,20.2,unnamed waterway
181034001,-119,river,1.0,unnamed waterway
82616570,-120,river,3.8,unnamed waterway
181034002,-120,river,0.0,unnamed waterway
181014547,-121,river,20.5,unnamed waterway
181035386,-122,river,12.8,Gateway Creek
181035396,-122,river,19.8,Gateway Creek
2416076,-122,river,22.1,Gateway Creek
181035396,-123,river,19.6,unnamed waterway
82616409,-126,river,22.9,Gateway Creek
181069954,-126,river,9.0,Gateway Creek
181069954,-127,river,23.3,unnamed waterway
181069954,-128,river,19.1,Butter Ball Creek
181285159,-129,river,15.6,Parkside Creek
82510546,-134,river,15.7,Gateway Creek
181285881,-134,river,6.0,Gateway Creek
181285887,-134,river,13.6,Gateway Creek
181285887,-135,river,21.0,unnamed waterway
181285945,-135,river,20.4,unnamed waterway
2418412,-135,river,11.7,unnamed waterway
181285887,-136,river,19.1,Gateway Creek
181285918,-136,river,17.0,Gateway Creek
181285945,-137,river,0.0,unnamed waterway
180740253,-138,river,13.9,Smoke Creek
2998118,-138,river,24.0,Smoke Creek
6463477,-138,river,0.0,Smoke Creek
1241112,-139,river,20.6,unnamed waterway
1241112,-140,river,4.4,unnamed waterway
58462226,-141,river,0.0,Fourcorner Creek
58464227,-141,river,0.0,Fourcorner Creek
58465114,-141,river,28.7,Fourcorner Creek
58465185,-141,river,0.0,Fourcorner Creek
58461252,-142,river,29.0,unnamed waterway
58465365,-142,river,13.4,unnamed waterway
58462305,-143,river,17.0,unnamed waterway
58464635,-143,river,0.0,unnamed waterway
58465185,-144,river,22.7,Fourcorner Creek
3856550,-144,river,0.0,Fourcorner Creek
58462444,-145,river,14.9,unnamed waterway
58464444,-145,river,17.2,unnamed waterway
58464842,-146,river,0.0,unnamed waterway
904293,-146,river,0.0,unnamed waterway
58464444,-147,river,14.3,Gull River
58461712,-148,river,15.3,Perieau Creek
1150566327,-148,river,26.7,Perieau Creek
904307,-148,river,26.8,Perieau Creek
58463743,-149,river,0.0,Kingscote Creek
58464822,-149,river,0.0,Kingscote Creek
58465035,-149,river,0.0,Kingscote Creek
58460842,-150,river,0.0,unnamed waterway
58463120,-150,river,0.0,unnamed waterway
58461152,-151,river,24.3,unnamed waterway
58464299,-151,river,14.1,unnamed waterway
58462084,-152,river,0.0,Clyde Creek
58463602,-152,river,0.0,Clyde Creek
58464781,-152,river,0.0,Clyde Creek
80565572,-152,river,0.0,Clyde Creek
80565587,-152,river,0.0,Clyde Creek
80565669,-152,river,0.0,Clyde Creek
80565917,-152,river,11.5,Clyde Creek
80565920,-152,river,16.2,Clyde Creek
80565958,-152,river,28.1,Clyde Creek
80566048,-152,river,26.8,Clyde Creek
80566059,-152,river,18.8,Clyde Creek
1150566327,-152,river,22.2,Clyde Creek
904307,-153,river,19.8,Perieau Creek
80565606,-153,river,29.8,Perieau Creek
58460719,-154,river,0.0,Gull River
58461152,-154,river,0.0,Gull River
58462980,-154,river,0.0,Gull River
58465256,-154,river,16.3,Gull River
904307,-155,river,23.7,Perieau Creek
58464405,-155,river,13.2,Perieau Creek
58462912,-156,river,11.5,Kingscote Creek
58463746,-156,river,13.9,Kingscote Creek
904224,-156,river,21.8,Kingscote Creek
3856550,-156,river,0.0,Kingscote Creek
58463743,-157,river,0.0,Kingscote Creek
904224,-157,river,0.0,Kingscote Creek
58461950,-158,river,0.0,unnamed waterway
58462153,-158,river,0.0,unnamed waterway
58464016,-158,river,19.9,unnamed waterway
58464781,-159,river,0.0,unnamed waterway
58461712,-160,river,0.0,unnamed waterway
58464750,-160,river,19.7,unnamed waterway
58462376,-161,river,21.2,Boot Creek
58463339,-161,river,0.0,Boot Creek
58465329,-161,river,22.2,Boot Creek
1042373089,-162,river,14.1,unnamed waterway
58462548,-162,river,16.7,unnamed waterway
58465256,-164,river,12.3,Gull River
904304,-164,river,0.0,Gull River
58460719,-166,river,0.0,Gull River
58460908,-167,river,6.9,unnamed waterway
58460992,-167,river,9.9,unnamed waterway
58461576,-168,river,0.0,unnamed waterway
1042373089,-168,river,26.6,unnamed waterway
58460908,-170,river,28.0,unnamed waterway
1150566327,-170,river,25.1,unnamed waterway
2213691,-171,river,1.0,Mosquito Creek
3378616,-171,river,9.1,Mosquito Creek
74352019,-172,river,0.0,unnamed waterway
80505513,-172,river,22.1,unnamed waterway
74351695,-173,river,21.7,unnamed waterway
74351798,-173,river,0.0,unnamed waterway
74351658,-174,river,12.8,unnamed waterway
74350735,-175,river,28.7,unnamed waterway
74571198,-175,river,0.0,unnamed waterway
74571198,-176,river,27.4,unnamed waterway
74351953,-177,river,27.9,unnamed waterway
181381359,-177,river,22.0,unnamed waterway
74571198,-179,river,0.0,unnamed waterway
181381374,-179,river,24.9,unnamed waterway
74454883,-180,river,16.2,unnamed waterway
74454884,-180,river,17.7,unnamed waterway
75079518,-181,river,0.0,unnamed waterway
75080333,-182,river,22.1,unnamed waterway
75083482,-182,river,8.9,unnamed waterway
75080397,-183,river,0.0,Fin Creek
75080700,-184,river,15.0,Fin Creek
75083378,-184,river,16.8,Fin Creek
75080397,-185,river,27.8,Fin Creek
75083378,-185,river,21.3,Fin Creek
75079606,-186,river,14.1,unnamed waterway
75080700,-186,river,0.0,unnamed waterway
75083452,-186,river,11.9,unnamed waterway
75079871,-187,river,21.7,Mosquito Creek
75083482,-187,river,20.0,Mosquito Creek
75079144,-188,river,21.9,unnamed waterway
75080315,-188,river,0.0,unnamed waterway
75080534,-188,river,10.5,unnamed waterway
75079820,-189,river,13.4,unnamed waterway
75083482,-189,river,0.0,unnamed waterway
75079820,-190,river,0.0,unnamed waterway
1152840,-190,river,14.3,unnamed waterway
75079144,-191,river,0.0,Martin Creek
75080427,-191,river,22.8,Martin Creek
75083566,-191,river,0.0,Martin Creek
1152843,-191,river,13.8,Martin Creek
1208454,-191,river,0.0,Martin Creek
75079144,-192,river,28.0,unnamed waterway
75080070,-192,river,0.0,unnamed waterway
75083256,-194,river,18.1,unnamed waterway
75091817,-194,river,17.7,unnamed waterway
75091834,-194,river,0.0,unnamed waterway
166189583,-195,river,5.9,Rock Creek
166189614,-195,river,14.3,Rock Creek
166189617,-195,river,5.0,Rock Creek
166189628,-195,river,21.6,Rock Creek
166189657,-195,river,13.7,Rock Creek
2214853,-195,river,18.6,Rock Creek
2974053,-195,river,25.3,Rock Creek
75083191,-195,river,0.0,Rock Creek
75091702,-195,river,0.0,Rock Creek
75097434,-195,river,0.0,Rock Creek
75097699,-195,river,19.8,Rock Creek
166189631,-195,river,0.0,Rock Creek
1152942,-195,river,0.0,Rock Creek
2214857,-195,river,12.8,Rock Creek
75097601,-196,river,19.0,unnamed waterway
1152941,-196,river,0.0,unnamed waterway
75091545,-197,river,19.0,unnamed waterway
75091817,-197,river,0.0,unnamed waterway
75097808,-197,river,21.7,unnamed waterway
75091750,-198,river,13.9,unnamed waterway
75098575,-198,river,14.8,unnamed waterway
75091454,-199,river,0.0,Mud Creek
75098575,-199,river,4.9,Mud Creek
75099341,-199,river,0.0,Mud Creek
6498256,-199,river,14.6,Mud Creek
75099341,-200,river,19.8,Mud Creek
75098684,-200,river,12.0,Mud Creek
75098694,-200,river,0.0,Mud Creek
75091693,-201,river,18.3,unnamed waterway
75099341,-201,river,17.4,unnamed waterway
75091818,-202,river,0.0,unnamed waterway
6498256,-202,river,10.8,unnamed waterway
75091730,-203,river,24.6,unnamed waterway
6498256,-203,river,25.4,unnamed waterway
75091716,-204,river,0.0,unnamed waterway
75091818,-204,river,17.4,unnamed waterway
1152943,-204,river,21.6,unnamed waterway
6498256,-204,river,0.5,unnamed waterway
75091718,-205,river,9.7,unnamed waterway
75099341,-205,river,28.7,unnamed waterway
75099728,-205,river,9.8,unnamed waterway
75091724,-206,river,28.0,Fraser Creek
1152941,-206,river,29.7,Fraser Creek
75091755,-207,river,20.3,Fraser Creek
75091820,-207,river,0.0,Fraser Creek
15583758,-207,river,25.6,Fraser Creek
75091755,-208,river,27.9,Fraser Creek
6498256,-208,river,11.9,Fraser Creek
80504270,-209,river,0.0,unnamed waterway
80504325,-210,river,18.1,unnamed waterway
80504313,-211,river,0.0,unnamed waterway
80504479,-211,river,0.0,unnamed waterway
80504412,-212,river,0.0,unnamed waterway
80504462,-212,river,0.0,unnamed waterway
80504443,-213,river,11.1,unnamed waterway
1208433,-213,river,18.7,unnamed waterway
80504532,-214,river,23.5,unnamed waterway
6498256,-214,river,26.7,unnamed waterway
80504395,-216,river,0.0,unnamed waterway
1208428,-216,river,21.5,unnamed waterway
80504434,-217,river,0.0,unnamed waterway
6498256,-217,river,13.7,unnamed waterway
1208433,-218,river,0.0,unnamed waterway
6498256,-218,river,17.9,unnamed waterway
80504293,-219,river,13.2,unnamed waterway
80504293,-220,river,25.7,unnamed waterway
80507854,-220,river,11.2,unnamed waterway
6498256,-220,river,13.7,unnamed waterway
80504325,-221,river,0.0,unnamed waterway
6498256,-221,river,22.2,unnamed waterway
80504313,-222,river,28.4,unnamed waterway
6549546,-222,river,21.6,unnamed waterway
80505454,-223,river,14.8,unnamed waterway
80505646,-223,river,0.0,unnamed waterway
80505666,-223,river,16.2,unnamed waterway
1208461,-223,river,19.9,unnamed waterway
6549546,-223,river,28.8,unnamed waterway
80505697,-224,river,0.0,unnamed waterway
80505664,-225,river,0.0,unnamed waterway
1208470,-225,river,24.9,unnamed waterway
80505676,-226,river,4.1,unnamed waterway
3378611,-226,river,13.8,unnamed waterway
80505538,-227,river,0.0,unnamed waterway
3378611,-227,river,19.0,unnamed waterway
80505482,-228,river,0.0,unnamed waterway
80505600,-228,river,0.0,unnamed waterway
80505513,-229,river,24.1,unnamed waterway
80505613,-229,river,10.3,unnamed waterway
80505482,-230,river,0.0,Martin Creek
1208454,-230,river,18.1,Martin Creek
80505670,-231,river,26.0,unnamed waterway
3378611,-231,river,23.5,unnamed waterway
80505717,-232,river,15.3,unnamed waterway
3378611,-232,river,21.5,unnamed waterway
80505510,-233,river,8.9,unnamed waterway
3378611,-233,river,28.3,unnamed waterway
80505520,-234,river,26.6,unnamed waterway
80505587,-234,river,11.0,unnamed waterway
3378611,-235,river,22.2,unnamed waterway
80505524,-236,river,0.0,unnamed waterway
2974053,-236,river,0.0,unnamed waterway
80505546,-237,river,25.3,unnamed waterway
80506920,-237,river,26.5,unnamed waterway
80505482,-238,river,0.0,Martin Creek
80505575,-239,river,28.8,Galipo River
80506920,-239,river,15.3,Galipo River
181938475,-239,river,0.0,Galipo River
181938493,-239,river,0.0,Galipo River
181940354,-239,river,12.6,Galipo River
80505489,-240,river,0.0,unnamed waterway
80505546,-240,river,12.9,unnamed waterway
80506954,-241,river,0.0,unnamed waterway
80507099,-241,river,19.9,unnamed waterway
80507067,-242,river,18.8,unnamed waterway
1208469,-242,river,25.6,unnamed waterway
1209337,-242,river,17.5,unnamed waterway
80506906,-243,river,0.0,Galipo River
80506923,-243,river,0.0,Galipo River
80506939,-243,river,0.0,Galipo River
80507167,-243,river,0.0,Galipo River
1208468,-243,river,0.0,Galipo River
2424996,-243,river,22.3,Galipo River
80506906,-244,river,11.0,unnamed waterway
80507049,-244,river,14.1,unnamed waterway
80507145,-245,river,0.0,unnamed waterway
80507874,-245,river,26.6,unnamed waterway
2427708,-245,river,0.0,unnamed waterway
80507133,-246,river,0.0,unnamed waterway
80507170,-246,river,12.0,unnamed waterway
80506913,-247,river,0.0,unnamed waterway
80507003,-247,river,18.2,unnamed waterway
82450692,-247,river,26.6,unnamed waterway
1208471,-247,river,26.8,unnamed waterway
2424996,-247,river,21.8,unnamed waterway
80507049,-248,river,24.6,unnamed waterway
80507085,-248,river,0.0,unnamed waterway
80506906,-249,river,15.0,Galipo River
80507159,-249,river,0.0,Galipo River
1208476,-249,river,16.9,Galipo River
80506954,-250,river,7.9,unnamed waterway
80507133,-250,river,0.0,unnamed waterway
80507145,-251,river,28.7,unnamed waterway
80507169,-251,river,0.0,unnamed waterway
80507134,-252,river,0.0,unnamed waterway
80507816,-252,river,0.0,unnamed waterway
80507887,-252,river,0.0,unnamed waterway
80561417,-252,river,12.0,unnamed waterway
80507047,-253,river,10.6,Galipo River
181938475,-253,river,2.9,Galipo River
1208473,-253,river,29.3,Galipo River
80507013,-254,river,0.0,unnamed waterway
1046035966,-254,river,8.2,unnamed waterway
2427708,-254,river,19.3,unnamed waterway
982266080,-255,river,0.0,Florence Creek
1208470,-255,river,28.0,Florence Creek
181938475,-256,river,23.8,unnamed waterway
80506954,-257,river,27.4,unnamed waterway
80507092,-257,river,0.0,unnamed waterway
80507038,-258,river,20.9,unnamed waterway
181938475,-258,river,22.2,unnamed waterway
80506997,-259,river,18.1,unnamed waterway
181940354,-260,river,17.9,Galipo River
2424996,-260,river,21.8,Galipo River
80507028,-261,river,24.8,unnamed waterway
80507016,-262,river,0.0,unnamed waterway
80507038,-262,river,0.0,unnamed waterway
80507650,-263,river,25.2,South Madawaska River
80507686,-263,river,26.0,South Madawaska River
80507689,-263,river,17.7,South Madawaska River
80507847,-263,river,9.6,South Madawaska River
80507857,-263,river,28.9,South Madawaska River
80561417,-263,river,0.0,South Madawaska River
80561487,-263,river,0.0,South Madawaska River
80561493,-263,river,19.6,South Madawaska River
80561528,-263,river,0.0,South Madawaska River
80561588,-263,river,17.4,South Madawaska River
80561659,-263,river,24.7,South Madawaska River
80562350,-263,river,26.6,South Madawaska River
182190740,-263,river,3.1,South Madawaska River
1046241887,-263,river,0.0,South Madawaska River
1208484,-263,river,6.9,South Madawaska River
2427708,-263,river,20.8,South Madawaska River
80507749,-264,river,11.0,unnamed waterway
80507792,-264,river,7.2,unnamed waterway
80507779,-265,river,0.0,unnamed waterway
80507686,-266,river,29.6,unnamed waterway
80507950,-266,river,24.4,unnamed waterway
80507915,-267,river,25.1,unnamed waterway
1208484,-267,river,24.7,unnamed waterway
80507929,-268,river,12.8,unnamed waterway
80507987,-268,river,15.6,unnamed waterway
1208484,-268,river,0.0,unnamed waterway
80507687,-269,river,24.7,unnamed waterway
80507740,-269,river,0.0,unnamed waterway
80507749,-269,river,24.0,unnamed waterway
80507757,-269,river,0.0,unnamed waterway
2427708,-269,river,18.1,unnamed waterway
80507929,-270,river,12.9,unnamed waterway
80507691,-271,river,0.0,unnamed waterway
80507987,-271,river,0.0,unnamed waterway
80507862,-272,river,18.7,unnamed waterway
1208483,-272,river,26.6,unnamed waterway
80507880,-273,river,19.8,unnamed waterway
1208488,-273,river,7.1,unnamed waterway
80507817,-274,river,18.4,unnamed waterway
80507929,-274,river,0.0,unnamed waterway
80507779,-275,river,20.1,unnamed waterway
3377987,-275,river,28.3,unnamed waterway
80507740,-276,river,28.7,unnamed waterway
80507775,-276,river,15.0,unnamed waterway
80507687,-278,river,0.0,unnamed waterway
80507740,-278,river,0.0,unnamed waterway
1208484,-279,river,0.0,unnamed waterway
80507691,-280,river,23.8,unnamed waterway
80507758,-281,river,20.1,unnamed waterway
1208483,-281,river,0.0,unnamed waterway
80507662,-282,river,0.0,unnamed waterway
80561417,-282,river,0.0,unnamed waterway
3377987,-283,river,0.0,unnamed waterway
80508634,-284,river,18.8,unnamed waterway
80561479,-286,river,0.0,Hay Creek
80561654,-286,river,13.9,Hay Creek
80561770,-286,river,0.0,Hay Creek
3377987,-286,river,0.0,Hay Creek
80561406,-287,river,0.0,unnamed waterway
80561615,-287,river,20.6,unnamed waterway
80561620,-287,river,28.6,unnamed waterway
80556035,-288,river,0.0,North York River
80556585,-288,river,0.0,North York River
80561770,-289,river,19.5,unnamed waterway
80556625,-290,river,27.8,unnamed waterway
3377987,-290,river,5.6,unnamed waterway
80556028,-291,river,0.0,unnamed waterway
80556585,-291,river,0.0,unnamed waterway
80556156,-292,river,19.1,unnamed waterway
80556346,-292,river,26.6,unnamed waterway
80556094,-293,river,0.0,Otter Creek
3377987,-293,river,0.0,Otter Creek
80565541,-293,river,20.2,Otter Creek
80565563,-293,river,16.0,Otter Creek
80555879,-294,river,0.0,unnamed waterway
80556459,-294,river,17.5,unnamed waterway
80555918,-295,river,0.0,unnamed waterway
80565665,-295,river,0.0,unnamed waterway
80556028,-296,river,22.4,unnamed waterway
80556459,-296,river,0.0,unnamed waterway
80561613,-297,river,0.0,unnamed waterway
80566088,-297,river,26.0,unnamed waterway
80565982,-298,river,12.8,unnamed waterway
80561456,-299,river,28.7,unnamed waterway
80561572,-299,river,22.1,unnamed waterway
80561426,-300,river,13.7,unnamed waterway
80561442,-300,river,20.8,unnamed waterway
80561684,-300,river,18.2,unnamed waterway
80561777,-300,river,0.0,unnamed waterway
80562409,-301,river,21.8,unnamed waterway
1046241887,-301,river,0.0,unnamed waterway
80561735,-302,river,0.0,unnamed waterway
80561528,-303,river,0.0,unnamed waterway
80561812,-303,river,12.0,unnamed waterway
80561533,-304,river,17.2,unnamed waterway
80561812,-304,river,29.9,unnamed waterway
80561426,-305,river,23.9,Hay Creek
80561770,-305,river,16.4,Hay Creek
80561652,-306,river,25.1,unnamed waterway
80561812,-306,river,0.0,unnamed waterway
80561524,-307,river,16.4,unnamed waterway
80561770,-307,river,12.0,unnamed waterway
710354866,-308,river,20.8,unnamed waterway
1046241887,-308,river,0.0,unnamed waterway
80561417,-309,river,0.0,unnamed waterway
80561778,-309,river,0.0,unnamed waterway
80561654,-310,river,16.9,unnamed waterway
80561735,-310,river,20.9,unnamed waterway
80562278,-311,river,0.0,unnamed waterway
80562575,-311,river,21.9,unnamed waterway
80562249,-312,river,0.0,unnamed waterway
80562415,-312,river,18.5,unnamed waterway
80562266,-313,river,0.0,unnamed waterway
80562603,-313,river,23.4,unnamed waterway
80562347,-314,river,17.7,unnamed waterway
80562385,-314,river,16.8,unnamed waterway
80562242,-315,river,0.0,Redstone River
80562333,-315,river,21.1,Redstone River
80562515,-315,river,22.7,Redstone River
80562564,-315,river,15.9,Redstone River
80562564,-316,river,12.6,unnamed waterway
80562249,-317,river,26.0,unnamed waterway
80562285,-317,river,22.5,unnamed waterway
80561528,-318,river,0.0,unnamed waterway
80562603,-318,river,0.0,unnamed waterway
80562606,-318,river,27.8,unnamed waterway
80566341,-318,river,13.0,unnamed waterway
80566497,-318,river,21.8,unnamed waterway
80561528,-319,river,0.0,unnamed waterway
80562316,-319,river,19.4,unnamed waterway
80562333,-320,river,0.0,unnamed waterway
80562431,-320,river,0.0,unnamed waterway
80562496,-321,river,0.0,unnamed waterway
80562564,-321,river,0.0,unnamed waterway
80562347,-322,river,0.0,unnamed waterway
80562452,-322,river,0.0,unnamed waterway
80562271,-323,river,20.6,unnamed waterway
80562409,-323,river,0.0,unnamed waterway
80565661,-324,river,22.5,North York River
80565665,-324,river,0.0,North York River
1043308526,-324,river,19.6,North York River
80565614,-325,river,17.5,unnamed waterway
80565620,-325,river,26.8,unnamed waterway
80565541,-325,river,0.0,unnamed waterway
80565627,-326,river,0.0,unnamed waterway
80565661,-326,river,7.9,unnamed waterway
80565921,-326,river,17.3,unnamed waterway
80565614,-327,river,28.8,unnamed waterway
80565666,-327,river,0.0,unnamed waterway
80565593,-328,river,0.0,unnamed waterway
80565614,-328,river,16.7,unnamed waterway
80565867,-329,river,17.4,unnamed waterway
80566086,-329,river,27.4,unnamed waterway
80566040,-330,river,0.0,unnamed waterway
80566103,-330,river,0.0,unnamed waterway
80565980,-331,river,19.4,Clyde Creek
80566048,-331,river,15.9,Clyde Creek
80565944,-332,river,0.0,unnamed waterway
80566269,-332,river,25.8,unnamed waterway
80565877,-333,river,17.5,Clyde Creek
80565980,-333,river,15.3,Clyde Creek
80566085,-334,river,18.8,unnamed waterway
80566014,-335,river,0.0,unnamed waterway
80565907,-336,river,25.9,unnamed waterway
80565917,-336,river,0.0,unnamed waterway
80565971,-337,river,0.0,York River
80565982,-337,river,9.1,York River
80565983,-337,river,0.0,York River
80566016,-337,river,13.2,York River
80566452,-337,river,26.5,York River
80565913,-338,river,28.6,unnamed waterway
80565921,-338,river,17.8,unnamed waterway
80566077,-339,river,0.0,unnamed waterway
80566085,-339,river,5.9,unnamed waterway
80566059,-340,river,7.7,unnamed waterway
80566076,-340,river,26.6,unnamed waterway
80566044,-341,river,19.9,unnamed waterway
80565872,-342,river,0.0,unnamed waterway
80566040,-342,river,13.4,unnamed waterway
80566040,-343,river,0.0,unnamed waterway
80565873,-344,river,0.0,unnamed waterway
80565971,-345,river,14.2,unnamed waterway
80566114,-345,river,0.0,unnamed waterway
80565913,-346,river,0.0,unnamed waterway
80566086,-346,river,0.0,unnamed waterway
80566498,-347,river,17.9,unnamed waterway
80566401,-348,river,0.0,unnamed waterway
82422060,-351,river,0.0,unnamed waterway
3378611,-351,river,30.0,unnamed waterway
1239008,-352,river,0.0,North Lemon Creek
2422026,-352,river,19.5,North Lemon Creek
2422027,-352,river,19.5,North Lemon Creek
3378611,-352,river,25.4,North Lemon Creek
82422464,-353,river,25.0,unnamed waterway
82422170,-354,river,21.9,unnamed waterway
3378613,-354,river,26.7,unnamed waterway
82422766,-355,river,16.9,Louisa Creek
3378611,-355,river,0.0,Louisa Creek
1239000,-356,river,12.0,Louisa Creek
3378613,-356,river,24.3,Louisa Creek
82422420,-357,river,13.4,unnamed waterway
181378841,-357,river,26.5,unnamed waterway
82422303,-358,river,10.2,unnamed waterway
82422766,-358,river,21.6,unnamed waterway
82422924,-359,river,0.0,unnamed waterway
3378611,-359,river,0.0,unnamed waterway
82422464,-360,river,19.7,unnamed waterway
82422583,-361,river,23.8,unnamed waterway
3378611,-361,river,16.5,unnamed waterway
6463476,-362,river,6.3,unnamed waterway
6463476,-363,river,19.3,unnamed waterway
181590616,-364,river,10.9,unnamed waterway
2421926,-365,river,13.4,unnamed waterway
82423156,-366,river,22.4,unnamed waterway
82422932,-367,river,8.1,unnamed waterway
82422957,-367,river,16.7,unnamed waterway
82422967,-367,river,0.0,unnamed waterway
82422469,-368,river,0.0,North Lemon Creek
181603114,-368,river,23.7,North Lemon Creek
181376771,-369,river,29.7,unnamed waterway
2419158,-370,river,9.5,unnamed waterway
82422627,-372,river,16.1,unnamed waterway
2422026,-372,river,19.6,unnamed waterway
2422027,-372,river,19.6,unnamed waterway
82450692,-373,river,21.8,unnamed waterway
82450469,-374,river,24.6,Pipio Creek
82450488,-374,river,15.3,Pipio Creek
82450660,-374,river,0.0,Pipio Creek
82450883,-375,river,21.0,unnamed waterway
82450910,-375,river,0.0,unnamed waterway
1239545,-375,river,20.2,unnamed waterway
82450662,-376,river,0.0,unnamed waterway
82450883,-376,river,29.6,unnamed waterway
82450522,-377,river,11.8,unnamed waterway
82450599,-377,river,0.0,unnamed waterway
82450918,-378,river,9.3,unnamed waterway
82450699,-379,river,0.0,unnamed waterway
1239545,-379,river,25.9,unnamed waterway
82450589,-380,river,17.5,unnamed waterway
82450826,-380,river,23.7,unnamed waterway
82450918,-380,river,0.0,unnamed waterway
82450469,-381,river,29.9,unnamed waterway
82450721,-381,river,0.0,unnamed waterway
82450800,-381,river,25.6,unnamed waterway
82450889,-381,river,10.3,unnamed waterway
82450527,-382,river,7.9,Hollow River
82450900,-382,river,22.5,Hollow River
82450685,-383,river,19.4,unnamed waterway
1239536,-383,river,25.4,unnamed waterway
82450566,-384,river,18.1,unnamed waterway
1239536,-384,river,15.9,unnamed waterway
82450465,-385,river,0.0,Hollow River
82450527,-385,river,0.0,Hollow River
82451965,-385,river,6.3,Hollow River
82451990,-385,river,10.5,Hollow River
82450890,-386,river,0.0,unnamed waterway
82510585,-386,river,21.5,unnamed waterway
2419158,-386,river,5.5,unnamed waterway
82451979,-387,river,19.8,unnamed waterway
1239536,-387,river,0.0,unnamed waterway
82450900,-388,river,12.9,Hollow River
1239543,-388,river,26.4,Hollow River
82450527,-389,river,0.0,unnamed waterway
82450421,-390,river,0.0,unnamed waterway
82450853,-390,river,0.0,unnamed waterway
82450567,-391,river,0.0,unnamed waterway
82450599,-392,river,0.0,unnamed waterway
82450410,-393,river,15.9,unnamed waterway
82450416,-393,river,24.0,unnamed waterway
82450438,-393,river,26.2,unnamed waterway
82450466,-394,river,0.0,unnamed waterway
82450880,-394,river,0.0,unnamed waterway
82450890,-395,river,0.0,unnamed waterway
82450646,-396,river,9.9,Pipio Creek
82450660,-396,river,8.1,Pipio Creek
82450599,-397,river,16.1,unnamed waterway
82450738,-397,river,0.0,unnamed waterway
82450527,-398,river,0.0,unnamed waterway
82450691,-398,river,18.1,unnamed waterway
3378612,-399,river,7.1,unnamed waterway
82450602,-400,river,15.9,unnamed waterway
3378613,-400,river,0.0,unnamed waterway
3378612,-401,river,5.0,unnamed waterway
82450607,-402,river,0.0,unnamed waterway
82450900,-402,river,0.0,unnamed waterway
82450535,-403,river,0.0,unnamed waterway
82451796,-404,river,0.0,unnamed waterway
82451856,-404,river,25.2,unnamed waterway
82451796,-405,river,14.4,Wildcat Creek
82451796,-406,river,0.0,unnamed waterway
82451990,-406,river,0.0,unnamed waterway
82452166,-406,river,5.0,unnamed waterway
82451915,-407,river,20.7,unnamed waterway
82451990,-407,river,0.0,unnamed waterway
82451990,-408,river,17.7,unnamed waterway
6463477,-409,river,12.4,Midget Creek
82510492,-409,river,20.3,Midget Creek
82510505,-409,river,0.0,Midget Creek
82510547,-409,river,4.0,Midget Creek
82510368,-410,river,14.8,unnamed waterway
1240237,-410,river,15.7,unnamed waterway
82510307,-411,river,25.7,unnamed waterway
82510534,-411,river,0.0,unnamed waterway
6463476,-412,river,24.1,unnamed waterway
82510560,-412,river,13.7,unnamed waterway
6463476,-413,river,19.3,unnamed waterway
82510363,-413,river,25.9,unnamed waterway
6463476,-414,river,13.4,unnamed waterway
1240227,-414,river,0.0,unnamed waterway
82510312,-415,river,0.0,unnamed waterway
82510442,-415,river,0.0,unnamed waterway
82510465,-415,river,9.8,unnamed waterway
6463476,-416,river,24.6,Crown Creek
6463476,-417,river,27.2,unnamed waterway
6463476,-418,river,27.3,unnamed waterway
82510534,-418,river,0.0,unnamed waterway
166122521,-419,river,8.1,unnamed waterway
166122524,-419,river,0.0,unnamed waterway
166122442,-419,river,1.4,unnamed waterway
166122524,-420,river,23.5,unnamed waterway
166122528,-420,river,0.0,unnamed waterway
166122627,-421,river,16.0,Madawaska River
2213674,-421,river,13.5,Madawaska River
2216561,-421,river,20.8,Madawaska River
166076218,-421,river,14.2,Madawaska River
166089993,-421,river,18.4,Madawaska River
166090010,-421,river,6.5,Madawaska River
166122577,-421,river,10.1,Madawaska River
166122588,-421,river,0.0,Madawaska River
166122754,-421,river,21.2,Madawaska River
166122791,-421,river,28.3,Madawaska River
166122793,-421,river,22.1,Madawaska River
166125328,-421,river,10.2,Madawaska River
166125338,-421,river,0.0,Madawaska River
166183142,-421,river,14.9,Madawaska River
1246460548,-421,river,27.8,Madawaska River
2212875,-421,river,29.3,Madawaska River
2212997,-421,river,13.8,Madawaska River
2213666,-421,river,3.9,Madawaska River
3541984,-421,river,25.0,Madawaska River
6159440,-421,river,20.6,Madawaska River
9379352,-421,river,20.2,Madawaska River
2213674,-422,river,17.8,unnamed waterway
166125346,-423,river,25.5,unnamed waterway
166122793,-423,river,25.0,unnamed waterway
166122983,-424,river,23.8,unnamed waterway
166123392,-425,river,22.8,unnamed waterway
166123399,-425,river,0.0,unnamed waterway
166123294,-425,river,2.2,unnamed waterway
166123399,-426,river,23.8,unnamed waterway
166123294,-426,river,18.0,unnamed waterway
166123407,-427,river,12.7,unnamed waterway
74351798,-428,river,0.0,unnamed waterway
9379384,-429,river,22.0,unnamed waterway
9379384,-430,river,19.1,unnamed waterway
166189484,-431,river,8.0,unnamed waterway
9379384,-431,river,13.6,unnamed waterway
166189484,-432,river,20.1,unnamed waterway
166189657,-432,river,22.3,unnamed waterway
2214853,-433,river,0.0,unnamed waterway
9379383,-433,river,0.0,unnamed waterway
166189657,-434,river,23.2,unnamed waterway
2974053,-434,river,0.0,unnamed waterway
166189594,-435,river,21.0,unnamed waterway
166189594,-436,river,0.0,unnamed waterway
166189598,-436,river,0.0,unnamed waterway
2974053,-436,river,10.6,unnamed waterway
166189598,-437,river,26.2,unnamed waterway
166189604,-438,river,21.2,unnamed waterway
166189604,-439,river,29.4,unnamed waterway
166189607,-439,river,0.0,unnamed waterway
2974053,-440,river,1.5,unnamed waterway
2216559,-441,river,26.7,Madawaska River
2216561,-441,river,10.3,Madawaska River
2216562,-441,river,0.0,Madawaska River
166311002,-442,river,26.4,unnamed waterway
166311003,-442,river,3.0,unnamed waterway
2216561,-442,river,24.0,unnamed waterway
2216561,-443,river,24.1,unnamed waterway
166311073,-444,river,21.0,unnamed waterway
2216559,-444,river,22.8,unnamed waterway
166311083,-445,river,18.0,unnamed waterway
2216561,-445,river,0.0,unnamed waterway
166311083,-446,river,4.1,unnamed waterway
2216561,-447,river,0.0,Hilliard Creek
2419654,-447,river,22.8,Hilliard Creek
166311088,-448,river,1.1,Delano Creek
181381346,-448,river,24.8,Delano Creek
2216561,-448,river,0.0,Delano Creek
166311092,-449,river,6.1,unnamed waterway
2216561,-449,river,8.1,unnamed waterway
166311248,-450,river,5.0,unnamed waterway
166311251,-450,river,0.0,unnamed waterway
166311253,-450,river,5.4,unnamed waterway
2216568,-450,river,4.5,unnamed waterway
2216568,-451,river,22.2,unnamed waterway
2216566,-452,river,24.4,unnamed waterway
6463477,-453,river,21.0,unnamed waterway
166311275,-453,river,14.6,unnamed waterway
166311298,-453,river,6.3,unnamed waterway
166311320,-455,river,0.0,unnamed waterway
2216559,-455,river,22.7,unnamed waterway
180753051,-456,river,22.5,unnamed waterway
180753150,-456,river,5.8,unnamed waterway
6463477,-457,river,26.1,unnamed waterway
6463477,-458,river,23.4,unnamed waterway
82510243,-458,river,12.0,unnamed waterway
6463477,-459,river,13.4,unnamed waterway
6463477,-460,river,24.0,unnamed waterway
74453681,-460,river,4.8,unnamed waterway
6463476,-461,river,14.9,Smoke Creek
2419158,-461,river,11.4,Smoke Creek
2419378,-462,river,0.0,unnamed waterway
181376771,-463,river,24.8,Head Creek
181376974,-463,river,0.0,Head Creek
181376976,-463,river,0.0,Head Creek
82422972,-464,river,17.5,unnamed waterway
181378796,-464,river,22.1,unnamed waterway
181378796,-465,river,1.0,Mohawk Creek
181378798,-465,river,1.0,Mohawk Creek
181378841,-465,river,19.3,Mohawk Creek
181378842,-465,river,4.0,Mohawk Creek
6463476,-466,river,23.0,Mohawk Creek
181378841,-466,river,24.0,Mohawk Creek
181378864,-466,river,1.0,Mohawk Creek
181378841,-467,river,19.9,unnamed waterway
181381342,-468,river,19.5,unnamed waterway
181381346,-469,river,1.0,Delano Creek
181381349,-469,river,0.0,Delano Creek
181381351,-469,river,1.0,Delano Creek
181381352,-469,river,1.0,Delano Creek
181378869,-470,river,22.1,Kingfisher Creek
181381359,-470,river,1.0,Kingfisher Creek
181381364,-470,river,2.2,Kingfisher Creek
181381371,-470,river,20.1,Kingfisher Creek
181381374,-470,river,17.2,Kingfisher Creek
181381371,-471,river,0.0,unnamed waterway
181381374,-472,river,19.1,unnamed waterway
181381393,-472,river,0.0,unnamed waterway
181381374,-473,river,17.7,Head Creek
181426579,-473,river,0.0,Head Creek
181426742,-473,river,3.2,Head Creek
15832252,-473,river,27.7,Head Creek
80505513,-474,river,16.5,unnamed waterway
2421874,-474,river,9.7,unnamed waterway
2421874,-475,river,22.4,Head Creek
2421926,-475,river,17.7,Head Creek
2421926,-476,river,21.1,unnamed waterway
2421926,-477,river,0.0,unnamed waterway
2421874,-478,river,27.0,unnamed waterway
2421874,-479,river,16.7,unnamed waterway
2421989,-480,river,0.0,unnamed waterway
3378611,-480,river,25.6,unnamed waterway
2421989,-481,river,7.3,unnamed waterway
3378611,-482,river,18.1,unnamed waterway
3378611,-483,river,20.6,unnamed waterway
3378611,-484,river,25.6,unnamed waterway
181603114,-485,river,23.0,North Lemon Creek
181603138,-485,river,0.0,North Lemon Creek
2422026,-485,river,22.8,North Lemon Creek
2422027,-485,river,22.8,North Lemon Creek
181603114,-486,river,9.5,unnamed waterway
181376972,-487,river,22.0,unnamed waterway
181376972,-488,river,22.0,unnamed waterway
181376972,-489,river,19.7,unnamed waterway
181376972,-490,river,21.9,unnamed waterway
181686248,-491,river,27.7,Louisa Creek
3378611,-491,river,5.4,Louisa Creek
181686248,-492,river,22.5,unnamed waterway
181686260,-492,river,28.2,unnamed waterway
181686248,-493,river,0.0,Louisa Creek
181686251,-493,river,0.0,Louisa Creek
181686251,-494,river,17.2,Louisa Creek
2974053,-494,river,15.3,Louisa Creek
181686277,-495,river,6.4,unnamed waterway
3378611,-495,river,18.4,unnamed waterway
181686277,-496,river,27.3,unnamed waterway
181686278,-496,river,0.0,unnamed waterway
181686277,-497,river,24.8,unnamed waterway
181751989,-498,river,8.1,unnamed waterway
2974053,-498,river,12.0,unnamed waterway
1208473,-499,river,8.9,Galipo River
6549546,-499,river,20.2,Galipo River
6549546,-500,river,23.2,unnamed waterway
80507740,-501,river,0.0,unnamed waterway
75097601,-502,river,18.0,unnamed waterway
1150811651,-502,river,7.1,unnamed waterway
1152934,-502,river,10.7,unnamed waterway
904316,-503,river,20.6,unnamed waterway
904316,-504,river,8.4,unnamed waterway
1150566327,-505,river,0.0,unnamed waterway
1182607035,-506,river,26.5,unnamed waterway
2419654,-507,river,15.5,unnamed waterway
2419654,-508,river,6.3,unnamed waterway
80565661,-509,river,16.5,unnamed waterway
58463383,-510,river,0.0,unnamed waterway
58464257,-510,river,19.7,unnamed waterway
58461358,-511,river,26.4,unnamed waterway
58463221,-511,river,0.0,unnamed waterway
58464257,-511,river,23.2,unnamed waterway
1042373089,-512,river,0.0,York River
904316,-512,river,0.0,York River
58461495,-512,river,8.5,York River
58463675,-512,river,0.0,York River
58464475,-512,river,3.1,York River
58465648,-512,river,0.0,York River
1042373090,-512,river,0.0,York River
58462115,-513,river,0.0,Mink Creek
58464683,-513,river,0.0,Mink Creek
3856550,-513,river,17.7,Mink Creek
58462260,-514,river,19.7,unnamed waterway
58464475,-514,river,0.0,unnamed waterway
58463533,-515,river,0.0,unnamed waterway
58465506,-515,river,13.2,unnamed waterway
58462320,-516,river,0.0,Mink Creek
58464897,-517,river,0.0,unnamed waterway
3856550,-517,river,0.0,unnamed waterway
58464257,-518,river,16.7,unnamed waterway
58464683,-518,river,26.6,unnamed waterway
58462406,-519,river,6.6,unnamed waterway
58464683,-519,river,0.0,unnamed waterway
58462115,-520,river,19.6,Mink Creek
58462320,-520,river,0.0,Mink Creek
58463221,-521,river,26.9,unnamed waterway
58465287,-521,river,0.0,unnamed waterway
80565541,-523,river,0.0,unnamed waterway
80565571,-523,river,23.0,unnamed waterway
78557736,-524,river,17.6,Paugh Creek
78557855,-524,river,18.1,Paugh Creek
104748054,-524,river,13.8,Paugh Creek
1482915,-524,river,25.9,Paugh Creek
105868482,-524,river,0.0,Paugh Creek
1533232699,-525,river,0.0,York River
3856550,-525,river,10.1,York River
104217640,-526,river,0.0,unnamed waterway
104217773,-526,river,19.5,unnamed waterway
105806579,-527,river,0.0,unnamed waterway
931664,-527,river,0.0,unnamed waterway
59670066,-528,river,16.4,Craig Creek
104347758,-528,river,0.0,Craig Creek
104347808,-528,river,6.2,Craig Creek
104347902,-528,river,16.9,Craig Creek
59642893,-529,river,17.1,unnamed waterway
104217773,-529,river,0.0,unnamed waterway
59839338,-530,river,0.0,unnamed waterway
105426860,-530,river,13.0,unnamed waterway
59645577,-531,river,0.0,Loughrin Creek
59756839,-531,river,0.0,Loughrin Creek
59838871,-531,river,0.0,Loughrin Creek
59840031,-531,river,0.0,Loughrin Creek
59877455,-531,river,0.0,Loughrin Creek
105426456,-531,river,19.2,Loughrin Creek
105426743,-531,river,0.0,Loughrin Creek
105426865,-531,river,18.1,Loughrin Creek
931721,-531,river,0.0,Loughrin Creek
1951871,-531,river,23.4,Loughrin Creek
59774773,-532,river,0.0,unnamed waterway
105426457,-532,river,21.2,unnamed waterway
59771159,-533,river,26.4,unnamed waterway
59839338,-533,river,0.0,unnamed waterway
105426645,-533,river,21.6,unnamed waterway
105426698,-533,river,0.0,unnamed waterway
59643306,-534,river,19.9,Craig Creek
59774628,-534,river,0.0,Craig Creek
104347755,-534,river,0.0,Craig Creek
104347758,-534,river,8.8,Craig Creek
105808524,-534,river,15.0,Craig Creek
931664,-534,river,16.9,Craig Creek
59681268,-535,river,6.8,South River
59772764,-535,river,20.9,South River
59775234,-535,river,4.0,South River
59838959,-535,river,0.0,South River
59843092,-535,river,27.3,South River
59877420,-535,river,10.9,South River
105806610,-535,river,28.0,South River
105806829,-535,river,6.6,South River
105426499,-536,river,16.5,unnamed waterway
1152504908,-536,river,26.9,unnamed waterway
59646780,-537,river,0.0,Pishnecka Creek
59666667,-537,river,0.0,Pishnecka Creek
59847182,-537,river,0.0,Pishnecka Creek
59847797,-537,river,20.0,Pishnecka Creek
105808594,-537,river,5.0,Pishnecka Creek
59643306,-538,river,15.1,Nokomis Creek
59770755,-538,river,0.0,Nokomis Creek
105426457,-538,river,19.4,Nokomis Creek
105426866,-538,river,20.6,Nokomis Creek
59847078,-539,river,10.6,unnamed waterway
59877834,-539,river,0.0,unnamed waterway
59774987,-540,river,19.0,Meda Creek
59841249,-540,river,12.5,Meda Creek
105426835,-540,river,20.7,Meda Creek
144081797,-540,river,29.5,Meda Creek
59646780,-541,river,0.0,unnamed waterway
59679419,-541,river,26.6,unnamed waterway
59770010,-542,river,0.0,Nokomis Creek
59771531,-542,river,0.0,Nokomis Creek
59643871,-543,river,0.0,Spa Creek
59773887,-543,river,0.0,Spa Creek
59775800,-543,river,0.0,Spa Creek
59840031,-544,river,0.0,unnamed waterway
59645577,-545,river,0.0,Bouillon Creek
59772918,-545,river,0.0,Bouillon Creek
105426744,-545,river,12.8,Bouillon Creek
105426763,-545,river,0.0,Bouillon Creek
59676402,-546,river,29.3,unnamed waterway
59847283,-546,river,21.8,unnamed waterway
59877552,-547,river,0.0,unnamed waterway
59878657,-547,river,0.0,unnamed waterway
59842293,-548,river,0.0,unnamed waterway
105806610,-548,river,24.7,unnamed waterway
59842293,-549,river,14.8,unnamed waterway
105806640,-549,river,21.0,unnamed waterway
59670614,-550,river,0.0,unnamed waterway
59775234,-550,river,12.2,unnamed waterway
59769475,-551,river,0.0,unnamed waterway
59839338,-551,river,22.7,unnamed waterway
105426769,-551,river,21.2,unnamed waterway
59772619,-552,river,18.4,unnamed waterway
105806586,-552,river,15.1,unnamed waterway
105806821,-552,river,16.5,unnamed waterway
59680367,-553,river,17.7,unnamed waterway
105426599,-553,river,14.8,unnamed waterway
105426699,-554,river,14.9,unnamed waterway
105426727,-554,river,22.9,unnamed waterway
105808600,-555,river,0.0,unnamed waterway
105808744,-555,river,0.0,unnamed waterway
59679419,-556,river,0.0,unnamed waterway
59877991,-556,river,20.7,unnamed waterway
59644648,-557,river,0.0,unnamed waterway
105808653,-558,river,16.4,unnamed waterway
920339,-558,river,16.9,unnamed waterway
104347744,-559,river,28.8,unnamed waterway
104347933,-559,river,0.0,unnamed waterway
59646780,-560,river,14.6,unnamed waterway
920339,-560,river,13.4,unnamed waterway
105426744,-561,river,29.6,unnamed waterway
105426727,-562,river,28.5,unnamed waterway
105808657,-562,river,0.0,unnamed waterway
59680121,-563,river,0.0,unnamed waterway
59770818,-564,river,0.0,unnamed waterway
59841249,-564,river,0.0,unnamed waterway
2997921,-565,river,25.6,unnamed waterway
59671453,-566,river,22.3,Nod Creek
59672245,-566,river,0.0,Nod Creek
59878691,-566,river,0.0,Nod Creek
59670066,-567,river,0.0,unnamed waterway
59771481,-567,river,27.0,unnamed waterway
59770145,-568,river,12.2,unnamed waterway
59775064,-568,river,0.0,unnamed waterway
104217571,-569,river,0.0,unnamed waterway
104217640,-569,river,22.9,unnamed waterway
59847468,-570,river,0.0,unnamed waterway
105783275,-570,river,0.0,unnamed waterway
59644425,-571,river,25.6,unnamed waterway
932881,-571,river,0.0,unnamed waterway
59775063,-572,river,19.8,unnamed waterway
59670614,-573,river,30.0,unnamed waterway
59643306,-574,river,0.0,unnamed waterway
59772619,-575,river,0.0,unnamed waterway
59772764,-575,river,19.0,unnamed waterway
59774601,-576,river,0.0,unnamed waterway
59847089,-576,river,0.0,unnamed waterway
59672364,-576,river,0.0,unnamed waterway
104346035,-576,river,13.0,unnamed waterway
59642893,-577,river,26.6,unnamed waterway
59878657,-577,river,25.3,unnamed waterway
105808657,-578,river,25.8,Bopeep Creek
105808682,-578,river,18.2,Bopeep Creek
105808751,-578,river,11.1,Bopeep Creek
921293,-578,river,24.6,Bopeep Creek
59679473,-579,river,0.0,unnamed waterway
59774734,-579,river,0.0,unnamed waterway
105808653,-580,river,9.9,unnamed waterway
105808781,-580,river,12.8,unnamed waterway
59681502,-581,river,0.0,unnamed waterway
59877455,-581,river,0.0,unnamed waterway
59847283,-582,river,0.0,unnamed waterway
105426551,-582,river,23.5,unnamed waterway
59770818,-583,river,0.0,unnamed waterway
105808588,-583,river,22.4,unnamed waterway
920339,-583,river,21.7,unnamed waterway
59775991,-584,river,0.0,unnamed waterway
59843092,-584,river,13.7,unnamed waterway
59774734,-585,river,0.0,unnamed waterway
59770145,-586,river,0.0,South River
59847468,-586,river,10.7,South River
105782859,-586,river,23.7,South River
59877420,-587,river,0.0,unnamed waterway
59679853,-588,river,0.0,unnamed waterway
105426649,-588,river,20.9,unnamed waterway
59772493,-589,river,0.0,Bopeep Creek
59839741,-589,river,12.9,Bopeep Creek
59839741,-590,river,0.0,Bopeep Creek
105808724,-590,river,24.7,Bopeep Creek
105426654,-591,river,18.0,unnamed waterway
105426699,-591,river,0.0,unnamed waterway
59679892,-592,river,18.0,Cayuga Creek
1948768,-592,river,27.6,Cayuga Creek
105808744,-593,river,0.0,Bopeep Creek
921293,-593,river,0.0,Bopeep Creek
59767462,-594,river,0.0,Bouillon Creek
105426798,-594,river,0.0,Bouillon Creek
59772918,-595,river,0.0,Bouillon Creek
932727,-595,river,0.0,Bouillon Creek
2411726,-596,river,29.4,unnamed waterway
105679904,-596,river,26.4,unnamed waterway
2411726,-597,river,29.3,Hickory Creek
74719840,-597,river,9.4,Hickory Creek
74719840,-598,river,0.0,unnamed waterway
74713867,-599,river,7.5,unnamed waterway
74717316,-600,river,18.5,unnamed waterway
74717346,-600,river,0.0,unnamed waterway
78028001,-600,river,29.0,unnamed waterway
74719599,-601,river,22.2,unnamed waterway
78027903,-601,river,16.8,unnamed waterway
74719840,-602,river,26.3,Hickory Creek
75195940,-603,river,23.7,unnamed waterway
75196412,-603,river,6.0,unnamed waterway
6462741,-603,river,29.6,unnamed waterway
75196083,-604,river,12.0,unnamed waterway
75196129,-605,river,20.0,unnamed waterway
77849333,-606,river,0.0,McIntosh Creek
77890412,-606,river,0.0,McIntosh Creek
1180935,-606,river,17.7,McIntosh Creek
6462741,-606,river,0.0,McIntosh Creek
1154079,-607,river,15.4,unnamed waterway
1180935,-607,river,14.6,unnamed waterway
75195935,-608,river,0.0,unnamed waterway
75196300,-608,river,0.0,unnamed waterway
75196215,-609,river,8.4,unnamed waterway
1154089,-609,river,0.0,unnamed waterway
75196310,-610,river,0.0,unnamed waterway
6462741,-610,river,0.0,unnamed waterway
77847825,-610,river,21.0,unnamed waterway
75196298,-611,river,9.6,unnamed waterway
75196310,-611,river,23.9,unnamed waterway
75196215,-612,river,0.0,unnamed waterway
1154075,-612,river,26.0,unnamed waterway
75196209,-613,river,0.0,unnamed waterway
75196391,-613,river,19.8,unnamed waterway
75196405,-614,river,0.0,unnamed waterway
75196412,-614,river,0.0,unnamed waterway
75196067,-615,river,28.6,unnamed waterway
75196142,-615,river,13.3,unnamed waterway
77847867,-616,river,25.6,unnamed waterway
6462741,-616,river,0.0,unnamed waterway
77847656,-617,river,0.0,unnamed waterway
6462741,-617,river,16.2,unnamed waterway
75196311,-618,river,29.9,unnamed waterway
77847867,-618,river,0.0,unnamed waterway
77847772,-619,river,0.0,unnamed waterway
6462741,-619,river,5.6,unnamed waterway
77847754,-620,river,0.0,Petawawa River
77847779,-620,river,15.6,Petawawa River
77847831,-620,river,21.6,Petawawa River
77847865,-620,river,0.0,Petawawa River
77847940,-620,river,0.0,Petawawa River
1180411,-620,river,4.6,Petawawa River
6462741,-620,river,22.8,Petawawa River
77847656,-621,river,21.9,unnamed waterway
77847671,-622,river,13.1,unnamed waterway
6462741,-622,river,20.9,unnamed waterway
77847780,-623,river,0.8,Tim River
77849224,-623,river,28.8,Tim River
77849334,-623,river,0.0,Tim River
77849413,-623,river,19.4,Tim River
77849549,-623,river,7.4,Tim River
77849624,-623,river,0.0,Tim River
78168188,-623,river,21.8,Tim River
78168517,-623,river,19.0,Tim River
78168565,-623,river,21.3,Tim River
104187375,-623,river,0.0,Tim River
104187470,-623,river,17.2,Tim River
104187613,-623,river,24.1,Tim River
104187712,-623,river,0.0,Tim River
976130940,-623,river,0.0,Tim River
1474864,-623,river,3.6,Tim River
15577464,-623,river,0.0,Tim River
77847837,-624,river,0.0,unnamed waterway
77847858,-624,river,8.1,unnamed waterway
77849338,-624,river,28.3,unnamed waterway
77849625,-624,river,14.5,unnamed waterway
77847780,-625,river,0.0,unnamed waterway
77847903,-625,river,8.1,unnamed waterway
77849549,-626,river,0.0,unnamed waterway
77849593,-626,river,24.0,unnamed waterway
77849613,-627,river,24.0,unnamed waterway
1180935,-627,river,21.3,unnamed waterway
77849414,-628,river,0.0,unnamed waterway
77849545,-628,river,22.7,unnamed waterway
1180411,-628,river,22.7,unnamed waterway
77849492,-629,river,0.0,Tim River
77849549,-629,river,20.1,Tim River
77849408,-630,river,23.8,unnamed waterway
78168458,-630,river,8.9,unnamed waterway
975803943,-630,river,0.0,unnamed waterway
77849225,-631,river,0.0,unnamed waterway
1180411,-631,river,0.0,unnamed waterway
1184537353,-632,river,0.0,Timberwolf Creek
1180411,-632,river,0.0,Timberwolf Creek
1180932,-632,river,16.1,Timberwolf Creek
77849493,-633,river,0.0,unnamed waterway
77849596,-633,river,19.1,unnamed waterway
77849357,-634,river,8.1,Shah Creek
1180411,-634,river,0.0,Shah Creek
77890892,-635,river,0.0,Petawawa River
78133040,-635,river,23.8,Petawawa River
78133138,-635,river,25.3,Petawawa River
78133237,-635,river,20.3,Petawawa River
78133259,-635,river,10.2,Petawawa River
975803943,-635,river,19.5,Petawawa River
1183277,-635,river,17.2,Petawawa River
77890622,-636,river,0.0,Brown Creek
77890851,-636,river,0.0,Brown Creek
78027582,-636,river,13.2,Brown Creek
1180931,-636,river,0.0,Brown Creek
1182110,-636,river,29.3,Brown Creek
77890470,-637,river,0.0,unnamed waterway
77890512,-637,river,0.0,unnamed waterway
77890703,-637,river,28.5,unnamed waterway
1180935,-637,river,0.0,unnamed waterway
77890292,-638,river,0.0,unnamed waterway
77890486,-638,river,16.7,unnamed waterway
77890561,-639,river,22.8,unnamed waterway
1180935,-639,river,0.0,unnamed waterway
77890384,-640,river,9.7,unnamed waterway
77890425,-640,river,23.4,unnamed waterway
77890805,-640,river,6.0,unnamed waterway
77890832,-640,river,15.0,unnamed waterway
77890600,-641,river,18.8,unnamed waterway
1180931,-641,river,0.0,unnamed waterway
77890860,-642,river,18.5,Straight Shore Creek
1180931,-642,river,20.8,Straight Shore Creek
77890571,-643,river,21.1,unnamed waterway
77890608,-643,river,21.8,unnamed waterway
77890622,-643,river,20.9,unnamed waterway
77890575,-644,river,10.1,Wenona Creek
1180411,-644,river,0.0,Wenona Creek
77890384,-645,river,27.9,unnamed waterway
77890431,-645,river,7.2,unnamed waterway
77890368,-646,river,9.8,Timberwolf Creek
77890560,-646,river,11.0,Timberwolf Creek
77890737,-646,river,9.3,Timberwolf Creek
77890847,-646,river,0.0,Timberwolf Creek
1180932,-646,river,0.0,Timberwolf Creek
77890745,-647,river,0.0,unnamed waterway
77890807,-648,river,0.0,unnamed waterway
1180411,-648,river,21.3,unnamed waterway
77890494,-649,river,12.6,unnamed waterway
77890585,-649,river,0.0,unnamed waterway
77890210,-650,river,9.8,McIntosh Creek
77890377,-650,river,0.0,McIntosh Creek
77890415,-650,river,13.4,McIntosh Creek
77890292,-651,river,22.5,unnamed waterway
77890431,-651,river,19.4,unnamed waterway
77890445,-652,river,29.7,Straight Shore Creek
77890724,-652,river,11.2,Straight Shore Creek
77890860,-652,river,17.8,Straight Shore Creek
75196025,-653,river,15.0,Little Oxtongue River
77890350,-653,river,13.9,Little Oxtongue River
77890474,-653,river,0.0,Little Oxtongue River
77890670,-653,river,16.4,Little Oxtongue River
78028517,-653,river,25.7,Little Oxtongue River
180991133,-653,river,10.3,Little Oxtongue River
180991145,-653,river,5.8,Little Oxtongue River
180991153,-653,river,0.0,Little Oxtongue River
180991174,-653,river,0.0,Little Oxtongue River
180992698,-653,river,0.0,Little Oxtongue River
1182107,-653,river,0.0,Little Oxtongue River
2415090,-653,river,15.0,Little Oxtongue River
2415347,-653,river,13.9,Little Oxtongue River
2415476,-653,river,21.9,Little Oxtongue River
77890779,-654,river,22.1,unnamed waterway
1182111,-654,river,0.0,unnamed waterway
77890807,-655,river,10.5,unnamed waterway
1180929,-655,river,20.2,unnamed waterway
77890630,-656,river,24.8,unnamed waterway
2998018,-656,river,0.0,unnamed waterway
77890841,-657,river,25.2,unnamed waterway
77890847,-657,river,0.0,unnamed waterway
1180931,-658,river,18.4,unnamed waterway
1182111,-658,river,18.0,unnamed waterway
77890210,-659,river,0.0,McIntosh Creek
1180935,-659,river,0.0,McIntosh Creek
77890824,-660,river,25.6,unnamed waterway
1182111,-660,river,28.0,unnamed waterway
77890575,-661,river,21.7,Wenona Creek
1180927,-661,river,0.0,Wenona Creek
77890745,-662,river,27.3,unnamed waterway
77890881,-662,river,23.0,unnamed waterway
1180928,-663,river,17.2,unnamed waterway
1180935,-663,river,15.4,unnamed waterway
77890585,-664,river,24.1,Timberwolf Creek
77890818,-664,river,24.4,Timberwolf Creek
77890712,-665,river,0.0,unnamed waterway
77890737,-665,river,13.3,unnamed waterway
1182168,-666,river,26.6,Big East River
78027258,-666,river,25.5,Big East River
78027786,-666,river,20.8,Big East River
78028340,-666,river,6.2,Big East River
78028439,-666,river,9.3,Big East River
78028574,-666,river,15.7,Big East River
78028816,-666,river,13.7,Big East River
78027392,-667,river,0.0,unnamed waterway
78028130,-667,river,26.6,unnamed waterway
1182110,-667,river,18.4,unnamed waterway
1182168,-668,river,20.7,unnamed waterway
78027524,-668,river,21.7,unnamed waterway
78028510,-669,river,0.0,unnamed waterway
1182111,-669,river,26.8,unnamed waterway
78027914,-670,river,24.6,Pincher Creek
78032839,-670,river,0.0,Pincher Creek
78032974,-670,river,18.6,Pincher Creek
78033111,-670,river,24.1,Pincher Creek
1182114,-670,river,15.4,Pincher Creek
1182108,-671,river,0.0,unnamed waterway
1182113,-671,river,0.0,unnamed waterway
78027258,-672,river,19.7,unnamed waterway
78028093,-672,river,0.0,unnamed waterway
78028821,-672,river,0.0,unnamed waterway
78026996,-673,river,0.0,unnamed waterway
78027060,-673,river,14.1,unnamed waterway
78027822,-673,river,9.3,unnamed waterway
78027154,-674,river,19.9,unnamed waterway
78028574,-674,river,0.0,unnamed waterway
1182109,-675,river,0.0,unnamed waterway
1182110,-675,river,22.3,unnamed waterway
78027453,-676,river,13.7,unnamed waterway
78028526,-676,river,0.0,unnamed waterway
78028533,-676,river,7.7,unnamed waterway
1182110,-676,river,10.7,unnamed waterway
2411726,-677,river,26.0,Potter Creek
74717316,-677,river,0.0,Potter Creek
78027514,-677,river,0.0,Potter Creek
1182111,-677,river,0.0,Potter Creek
78027791,-678,river,25.3,unnamed waterway
1182107,-678,river,20.6,unnamed waterway
78028625,-679,river,0.0,unnamed waterway
1182114,-679,river,0.0,unnamed waterway
78027356,-680,river,24.9,unnamed waterway
1182111,-680,river,11.9,unnamed waterway
78027356,-681,river,0.0,unnamed waterway
1182113,-681,river,10.8,unnamed waterway
78027883,-682,river,0.0,unnamed waterway
1182112,-682,river,5.8,unnamed waterway
78027958,-683,river,0.0,unnamed waterway
1182107,-683,river,8.8,unnamed waterway
78026996,-684,river,16.0,unnamed waterway
78027065,-684,river,12.9,unnamed waterway
78028475,-684,river,23.2,unnamed waterway
77890622,-685,river,24.7,unnamed waterway
78026933,-685,river,0.0,unnamed waterway
78027024,-686,river,0.0,Stutter Creek
2998117,-686,river,0.0,Stutter Creek
77890622,-687,river,0.0,Brown Creek
78028247,-687,river,0.0,Brown Creek
78027690,-688,river,0.0,unnamed waterway
1182114,-688,river,0.0,unnamed waterway
78027315,-689,river,14.1,unnamed waterway
78027883,-689,river,28.0,unnamed waterway
78028908,-690,river,15.8,unnamed waterway
78027582,-691,river,0.0,unnamed waterway
78027817,-691,river,0.0,unnamed waterway
1182168,-692,river,8.9,unnamed waterway
78033236,-692,river,13.9,unnamed waterway
1182168,-693,river,0.0,unnamed waterway
1182112,-693,river,25.4,unnamed waterway
78033744,-694,river,0.0,Lupus Creek
78033017,-694,river,18.8,Lupus Creek
78033827,-694,river,20.9,Lupus Creek
1182168,-695,river,7.9,Lulu Creek
78033325,-696,river,0.0,unnamed waterway
78033408,-696,river,0.0,unnamed waterway
78032839,-697,river,17.2,unnamed waterway
78033762,-697,river,19.9,unnamed waterway
1182168,-698,river,29.1,unnamed waterway
78027317,-698,river,12.4,unnamed waterway
1182168,-699,river,11.0,unnamed waterway
78033563,-699,river,21.8,unnamed waterway
78033563,-700,river,0.0,unnamed waterway
1182172,-700,river,0.0,unnamed waterway
78040276,-701,river,8.5,unnamed waterway
2998117,-701,river,28.1,unnamed waterway
78040045,-702,river,21.8,Splash Creek
78040084,-702,river,12.9,Splash Creek
78040045,-703,river,0.0,Splash Creek
2998117,-703,river,0.0,Splash Creek
78040076,-704,river,24.6,unnamed waterway
2998117,-704,river,0.0,unnamed waterway
78040099,-705,river,0.0,Pincher Creek
2998117,-705,river,0.0,Pincher Creek
78040121,-706,river,21.6,unnamed waterway
2998117,-706,river,15.0,unnamed waterway
78039913,-707,river,12.4,unnamed waterway
78040121,-707,river,14.8,unnamed waterway
78046537,-708,river,15.1,unnamed waterway
2998117,-708,river,25.3,unnamed waterway
78046496,-709,river,0.0,unnamed waterway
78046691,-709,river,20.9,unnamed waterway
2998117,-710,river,0.0,unnamed waterway
78046292,-711,river,10.5,unnamed waterway
78046438,-712,river,0.0,Cripple Creek
78046455,-713,river,15.0,unnamed waterway
78046671,-713,river,0.0,unnamed waterway
78046500,-714,river,16.1,unnamed waterway
2998117,-714,river,21.7,unnamed waterway
1151346315,-715,river,21.0,Mackinaw Creek
1182353,-715,river,19.2,Mackinaw Creek
78133074,-716,river,16.3,unnamed waterway
78133224,-716,river,0.0,unnamed waterway
1183276,-716,river,23.8,unnamed waterway
78046583,-717,river,19.9,McCraney Creek
78046679,-717,river,18.8,McCraney Creek
78046702,-717,river,0.0,McCraney Creek
78046727,-717,river,25.9,McCraney Creek
1182349,-717,river,0.0,McCraney Creek
78046455,-718,river,10.7,unnamed waterway
78046779,-718,river,25.8,unnamed waterway
78046448,-719,river,10.7,unnamed waterway
78046612,-720,river,0.0,unnamed waterway
78046626,-720,river,0.0,unnamed waterway
78046438,-721,river,17.9,unnamed waterway
78046529,-721,river,25.2,unnamed waterway
1151346315,-722,river,13.2,McCraney Creek
1182349,-722,river,0.0,McCraney Creek
78046543,-723,river,19.0,unnamed waterway
1151346315,-723,river,0.0,unnamed waterway
78046455,-724,river,16.1,unnamed waterway
78046532,-724,river,0.0,unnamed waterway
78046732,-724,river,22.8,unnamed waterway
78046626,-725,river,14.8,unnamed waterway
78046640,-725,river,11.2,unnamed waterway
78046766,-726,river,0.0,unnamed waterway
1183276,-726,river,23.9,unnamed waterway
78046718,-727,river,14.4,unnamed waterway
2998117,-727,river,29.4,unnamed waterway
78133140,-728,river,21.8,Casey Creek
1183277,-728,river,16.2,Casey Creek
1183283,-728,river,7.7,Casey Creek
78133060,-729,river,21.7,Hambone Creek
1183277,-729,river,13.7,Hambone Creek
78168282,-730,river,15.8,Magnetawan River
78168460,-730,river,24.4,Magnetawan River
78168493,-730,river,21.6,Magnetawan River
101298253,-730,river,0.0,Magnetawan River
101298271,-730,river,20.3,Magnetawan River
1183272,-730,river,0.0,Magnetawan River
1183279,-730,river,22.6,Magnetawan River
1183275,-731,river,0.0,unnamed waterway
1183275,-732,river,0.0,unnamed waterway
1183277,-732,river,27.8,unnamed waterway
78133135,-733,river,0.0,unnamed waterway
1183276,-733,river,0.0,unnamed waterway
78133192,-734,river,0.0,unnamed waterway
78133201,-734,river,6.3,unnamed waterway
78133205,-735,river,14.6,Dolly Creek
78133245,-735,river,21.7,Dolly Creek
78133007,-736,river,0.0,unnamed waterway
1183277,-736,river,0.0,unnamed waterway
78133099,-737,river,22.5,Cripple Creek
1183276,-737,river,0.0,Cripple Creek
2998018,-737,river,28.0,Cripple Creek
78133018,-738,river,0.0,Jubilee Creek
78133297,-738,river,24.0,Jubilee Creek
78133211,-739,river,0.0,unnamed waterway
1183276,-739,river,7.0,unnamed waterway
78133143,-740,river,25.7,unnamed waterway
1183272,-740,river,16.8,unnamed waterway
78133052,-741,river,0.0,unnamed waterway
1183283,-741,river,15.9,unnamed waterway
78133123,-742,river,13.4,unnamed waterway
78133321,-742,river,22.7,unnamed waterway
78133062,-743,river,17.2,Dolly Creek
78133205,-743,river,0.0,Dolly Creek
78133167,-744,river,0.0,unnamed waterway
78168254,-744,river,16.4,unnamed waterway
78168588,-744,river,0.0,unnamed waterway
101337823,-744,river,0.0,unnamed waterway
1183279,-745,river,0.0,unnamed waterway
78168188,-746,river,16.8,Pezheki Creek
78168502,-746,river,0.0,Pezheki Creek
78168426,-747,river,15.3,unnamed waterway
2990353,-747,river,0.0,unnamed waterway
78168525,-748,river,16.8,unnamed waterway
1183601,-748,river,23.8,unnamed waterway
78168493,-749,river,22.1,unnamed waterway
78168643,-750,river,16.8,unnamed waterway
1183599,-750,river,0.0,unnamed waterway
78168502,-751,river,23.9,unnamed waterway
78168644,-751,river,7.9,unnamed waterway
78168247,-752,river,26.8,unnamed waterway
78168546,-752,river,8.9,unnamed waterway
78168565,-753,river,8.5,unnamed waterway
78168572,-753,river,25.7,unnamed waterway
78168243,-754,river,25.8,unnamed waterway
78168444,-754,river,14.0,unnamed waterway
78168588,-755,river,0.0,unnamed waterway
2990353,-755,river,26.3,unnamed waterway
78168247,-756,river,14.1,Mack Creek
78168666,-756,river,7.9,Mack Creek
78168188,-757,river,17.6,unnamed waterway
78168427,-757,river,16.9,unnamed waterway
78168181,-758,river,15.1,unnamed waterway
78168629,-758,river,0.0,unnamed waterway
78168282,-759,river,0.0,unnamed waterway
78168550,-759,river,8.4,unnamed waterway
78168198,-760,river,0.0,unnamed waterway
1183599,-760,river,0.0,unnamed waterway
78168455,-761,river,29.6,unnamed waterway
1183599,-761,river,26.7,unnamed waterway
101298581,-762,river,0.0,unnamed waterway
101298623,-762,river,0.0,unnamed waterway
2990354,-762,river,9.6,unnamed waterway
101298461,-763,river,0.0,unnamed waterway
101298548,-763,river,8.0,unnamed waterway
101298629,-763,river,0.0,unnamed waterway
101298253,-765,river,12.6,unnamed waterway
101298443,-765,river,23.2,unnamed waterway
2990354,-766,river,0.0,unnamed waterway
101298518,-767,river,29.4,unnamed waterway
105782844,-767,river,21.4,unnamed waterway
101337726,-768,river,25.1,unnamed waterway
1443897,-768,river,17.0,unnamed waterway
1474864,-769,river,26.7,unnamed waterway
104130789,-770,river,22.1,unnamed waterway
104130923,-770,river,20.5,unnamed waterway
104130939,-770,river,26.0,unnamed waterway
104130851,-771,river,22.3,Alder Creek
104130873,-771,river,0.0,Alder Creek
104130942,-771,river,20.0,Alder Creek
104135815,-771,river,0.0,Alder Creek
104135961,-771,river,0.0,Alder Creek
104136038,-771,river,0.0,Alder Creek
104136122,-771,river,8.0,Alder Creek
104187633,-771,river,0.0,Alder Creek
104187696,-771,river,0.0,Alder Creek
1474867,-771,river,19.9,Alder Creek
104130851,-772,river,14.8,Stag Creek
104187034,-772,river,11.2,Stag Creek
77847780,-773,river,15.3,unnamed waterway
104130789,-774,river,26.5,unnamed waterway
104136047,-775,river,9.7,Minnehaha Creek
104136070,-775,river,0.0,Minnehaha Creek
1474905,-775,river,0.0,Minnehaha Creek
6463261,-775,river,15.3,Minnehaha Creek
104136047,-776,river,0.0,unnamed waterway
104136086,-776,river,24.8,unnamed waterway
104140581,-777,river,23.2,Nipissing River
104217742,-777,river,23.1,Nipissing River
104219420,-777,river,28.1,Nipissing River
104219526,-777,river,0.0,Nipissing River
104347856,-777,river,29.8,Nipissing River
104347929,-777,river,21.7,Nipissing River
104347939,-777,river,27.9,Nipissing River
105783128,-777,river,25.7,Nipissing River
105783371,-777,river,12.8,Nipissing River
1475665,-777,river,0.0,Nipissing River
104082272,-777,river,18.4,Nipissing River
104083821,-777,river,22.0,Nipissing River
2973186,-777,river,0.9,Nipissing River
104136091,-778,river,0.0,unnamed waterway
104198735,-778,river,26.1,unnamed waterway
104198816,-778,river,14.7,unnamed waterway
104136076,-779,river,0.0,unnamed waterway
104135901,-780,river,15.9,unnamed waterway
104136139,-780,river,0.0,unnamed waterway
104135879,-781,river,0.0,unnamed waterway
104136038,-781,river,0.0,unnamed waterway
104136091,-781,river,0.0,unnamed waterway
104135936,-782,river,7.1,unnamed waterway
6463261,-782,river,0.0,unnamed waterway
104136070,-783,river,0.0,unnamed waterway
104136038,-784,river,20.9,Alder Creek
104186322,-784,river,0.0,Alder Creek
104186463,-784,river,0.0,Alder Creek
104187231,-784,river,9.9,Alder Creek
104187596,-784,river,26.6,Alder Creek
104198657,-784,river,19.3,Alder Creek
104198695,-784,river,0.0,Alder Creek
104198745,-784,river,17.2,Alder Creek
104199477,-784,river,0.0,Alder Creek
104135901,-785,river,21.8,unnamed waterway
104136030,-786,river,26.6,unnamed waterway
104198680,-786,river,8.8,unnamed waterway
104136047,-787,river,18.5,unnamed waterway
104140388,-788,river,26.6,unnamed waterway
104140473,-788,river,18.1,unnamed waterway
104140393,-789,river,27.1,unnamed waterway
104140403,-790,river,25.1,unnamed waterway
104140172,-791,river,17.4,unnamed waterway
1474979,-791,river,0.0,unnamed waterway
104140388,-792,river,24.8,unnamed waterway
104140481,-792,river,25.2,unnamed waterway
104140506,-793,river,28.2,unnamed waterway
104140549,-793,river,0.0,unnamed waterway
104187135,-794,river,0.0,Wapiti Creek
104187324,-794,river,27.8,Wapiti Creek
104187730,-794,river,21.0,Wapiti Creek
104186638,-795,river,0.0,unnamed waterway
104187443,-795,river,18.9,unnamed waterway
104198657,-796,river,0.0,unnamed waterway
104187102,-797,river,20.3,unnamed waterway
104187168,-797,river,0.0,unnamed waterway
104186537,-798,river,20.8,unnamed waterway
104186831,-798,river,6.3,unnamed waterway
104186613,-799,river,20.4,unnamed waterway
104186732,-799,river,0.0,unnamed waterway
104186732,-800,river,19.0,Vanity Creek
104187443,-800,river,29.2,Vanity Creek
1475590,-800,river,16.8,Vanity Creek
104187034,-801,river,28.0,unnamed waterway
104187600,-802,river,27.6,unnamed waterway
104186862,-803,river,18.8,unnamed waterway
104186627,-804,river,0.0,unnamed waterway
104186582,-805,river,26.6,unnamed waterway
104187332,-805,river,0.0,unnamed waterway
1475586,-805,river,0.0,unnamed waterway
104187082,-806,river,26.1,unnamed waterway
104187378,-806,river,24.4,unnamed waterway
104187492,-806,river,25.3,unnamed waterway
104187596,-806,river,0.0,unnamed waterway
104186859,-807,river,0.0,unnamed waterway
1475586,-807,river,0.0,unnamed waterway
104186537,-808,river,22.5,unnamed waterway
104186578,-808,river,18.9,unnamed waterway
104187633,-808,river,0.0,unnamed waterway
104187391,-809,river,23.8,unnamed waterway
1475583,-809,river,9.3,unnamed waterway
1475585,-809,river,0.0,unnamed waterway
104186824,-810,river,0.0,unnamed waterway
1475585,-810,river,20.4,unnamed waterway
104187102,-811,river,26.8,unnamed waterway
104187645,-811,river,0.0,unnamed waterway
1475586,-811,river,22.2,unnamed waterway
104186608,-812,river,24.5,unnamed waterway
104187168,-812,river,9.8,unnamed waterway
104186653,-813,river,11.3,unnamed waterway
104187674,-813,river,6.3,unnamed waterway
104186513,-814,river,0.0,Wapiti Creek
104187135,-814,river,15.1,Wapiti Creek
104186527,-815,river,10.5,unnamed waterway
104187746,-815,river,0.0,unnamed waterway
104187324,-816,river,11.2,unnamed waterway
1475588,-816,river,0.0,unnamed waterway
104186627,-817,river,21.7,Devine Creek
104187168,-817,river,0.0,Devine Creek
104187332,-818,river,0.0,unnamed waterway
104187737,-818,river,21.8,unnamed waterway
104186517,-819,river,7.0,unnamed waterway
104187674,-819,river,23.9,unnamed waterway
104187121,-820,river,0.0,unnamed waterway
104187391,-820,river,22.3,unnamed waterway
104187332,-821,river,0.0,unnamed waterway
104187589,-821,river,0.0,unnamed waterway
104187600,-822,river,20.8,unnamed waterway
1475590,-822,river,22.8,unnamed waterway
104186370,-823,river,0.0,unnamed waterway
104198732,-824,river,14.9,Vulture Creek
104198740,-824,river,0.0,Vulture Creek
104198880,-824,river,18.6,Vulture Creek
104198918,-824,river,0.0,Vulture Creek
104199476,-824,river,15.9,Vulture Creek
1475667,-824,river,15.1,Vulture Creek
104198680,-825,river,0.0,unnamed waterway
104198733,-825,river,11.3,unnamed waterway
104198941,-825,river,0.0,unnamed waterway
104199493,-825,river,30.0,unnamed waterway
1475665,-825,river,0.0,unnamed waterway
104198674,-826,river,15.1,Vulture Creek
104199288,-826,river,12.1,Vulture Creek
104198657,-827,river,0.0,unnamed waterway
104198782,-827,river,0.0,unnamed waterway
104199413,-827,river,19.8,unnamed waterway
104198698,-828,river,24.0,unnamed waterway
104198706,-828,river,0.0,unnamed waterway
104198732,-829,river,17.1,Vulture Creek
104198882,-829,river,23.3,Vulture Creek
104198943,-829,river,0.0,Vulture Creek
104199288,-829,river,23.7,Vulture Creek
104199460,-830,river,15.3,unnamed waterway
104198665,-831,river,0.0,unnamed waterway
104198667,-831,river,30.0,unnamed waterway
104198918,-831,river,27.5,unnamed waterway
104199167,-832,river,9.4,unnamed waterway
104199413,-833,river,25.2,unnamed waterway
104199460,-834,river,13.0,Chemung Creek
1475665,-834,river,9.9,Chemung Creek
104198918,-835,river,18.0,unnamed waterway
104199206,-835,river,20.3,unnamed waterway
104199092,-836,river,0.0,unnamed waterway
1475665,-836,river,0.0,unnamed waterway
104198918,-837,river,0.0,unnamed waterway
104198669,-838,river,0.0,unnamed waterway
104199123,-838,river,27.7,unnamed waterway
104199463,-839,river,22.5,unnamed waterway
104199473,-839,river,0.0,unnamed waterway
104217608,-840,river,22.8,unnamed waterway
104217687,-840,river,0.0,unnamed waterway
1477514,-840,river,0.0,unnamed waterway
59848009,-841,river,20.1,unnamed waterway
104217847,-841,river,16.8,unnamed waterway
104217684,-842,river,11.6,unnamed waterway
104217867,-842,river,0.0,unnamed waterway
104217724,-843,river,19.6,Kelly Creek
104217789,-843,river,17.5,Kelly Creek
104217867,-843,river,0.0,Kelly Creek
59847283,-844,river,25.0,unnamed waterway
104217847,-844,river,23.7,unnamed waterway
931721,-845,river,24.7,unnamed waterway
104217609,-846,river,0.0,unnamed waterway
104217687,-846,river,27.8,unnamed waterway
104217735,-847,river,19.1,unnamed waterway
59847283,-848,river,0.0,unnamed waterway
104217717,-848,river,17.8,unnamed waterway
59775582,-849,river,0.0,unnamed waterway
932881,-849,river,23.4,unnamed waterway
104219462,-850,river,0.0,unnamed waterway
104219884,-850,river,21.3,unnamed waterway
104219505,-851,river,0.0,Tim River
104219692,-851,river,8.0,Tim River
104219811,-851,river,0.0,Tim River
104219894,-851,river,0.0,Tim River
104219916,-851,river,10.7,Tim River
2990354,-851,river,20.2,Tim River
2990355,-851,river,20.2,Tim River
15577464,-851,river,6.4,Tim River
1475590,-852,river,22.4,unnamed waterway
1475970,-852,river,19.2,unnamed waterway
104219651,-853,river,0.0,unnamed waterway
104219951,-853,river,28.6,unnamed waterway
2990355,-853,river,16.4,unnamed waterway
1475590,-854,river,16.0,unnamed waterway
15577464,-855,river,17.5,unnamed waterway
104219693,-856,river,25.2,unnamed waterway
104219930,-856,river,19.5,unnamed waterway
1475590,-857,river,0.0,unnamed waterway
104219420,-858,river,6.2,Latour Creek
104219803,-858,river,12.6,Latour Creek
104219714,-859,river,11.5,Latour Creek
104219803,-859,river,23.1,Latour Creek
104220035,-860,river,21.3,unnamed waterway
104219932,-861,river,0.0,unnamed waterway
1475974,-861,river,26.4,unnamed waterway
104219550,-862,river,15.4,unnamed waterway
104219729,-862,river,18.9,unnamed waterway
104219466,-863,river,14.1,unnamed waterway
104219738,-863,river,0.0,unnamed waterway
104219599,-864,river,22.7,unnamed waterway
104219462,-865,river,0.0,unnamed waterway
104220014,-865,river,8.4,unnamed waterway
104219599,-866,river,21.8,unnamed waterway
104219626,-866,river,0.0,unnamed waterway
104347877,-867,river,12.0,unnamed waterway
1477535,-867,river,17.2,unnamed waterway
104347711,-868,river,0.0,unnamed waterway
104347729,-869,river,22.8,unnamed waterway
104347743,-869,river,20.6,unnamed waterway
1477532,-870,river,12.8,unnamed waterway
1477532,-871,river,22.9,unnamed waterway
1477532,-872,river,0.0,unnamed waterway
104347696,-873,river,9.1,Beaverpaw Creek
104347940,-873,river,25.7,Beaverpaw Creek
104198946,-874,river,0.0,Beaverpaw Creek
104347705,-874,river,21.5,Beaverpaw Creek
104347869,-875,river,0.0,unnamed waterway
104347929,-875,river,9.3,unnamed waterway
104347688,-876,river,0.0,unnamed waterway
104347704,-876,river,0.0,unnamed waterway
6529599,-877,river,0.0,Loontail Creek
59645577,-878,river,0.0,unnamed waterway
59672721,-878,river,0.0,unnamed waterway
59672721,-879,river,11.9,unnamed waterway
59771302,-879,river,0.0,unnamed waterway
105426798,-880,river,27.7,Bouillon Creek
932727,-880,river,12.8,Bouillon Creek
59877369,-881,river,0.0,unnamed waterway
105783364,-882,river,0.0,unnamed waterway
105783456,-882,river,13.1,unnamed waterway
105783483,-882,river,20.8,unnamed waterway
105783288,-883,river,0.0,unnamed waterway
105783342,-884,river,0.0,unnamed waterway
105783472,-884,river,26.3,unnamed waterway
105782896,-885,river,0.0,unnamed waterway
105782963,-886,river,13.7,unnamed waterway
105783202,-886,river,10.3,unnamed waterway
105783364,-886,river,0.0,unnamed waterway
105783402,-886,river,0.0,unnamed waterway
105782784,-887,river,0.0,unnamed waterway
105783295,-887,river,7.5,unnamed waterway
105783321,-887,river,0.0,unnamed waterway
105783375,-888,river,0.0,unnamed waterway
2990355,-888,river,0.0,unnamed waterway
105782784,-889,river,8.8,unnamed waterway
105783288,-890,river,19.1,unnamed waterway
105783357,-891,river,27.4,unnamed waterway
105782784,-892,river,0.0,unnamed waterway
105782896,-893,river,12.1,unnamed waterway
105783169,-893,river,29.0,unnamed waterway
105783272,-894,river,18.2,unnamed waterway
105783357,-894,river,11.9,unnamed waterway
105783456,-895,river,23.4,unnamed waterway
2997921,-896,river,25.9,Amable du Fond River
143846495,-897,river,24.1,unnamed waterway
2997921,-897,river,27.3,unnamed waterway
59878568,-898,river,0.0,Amable du Fond River
59666146,-900,river,24.2,unnamed waterway
143841835,-900,river,0.0,unnamed waterway
143846905,-902,river,23.4,unnamed waterway
143846905,-903,river,0.0,unnamed waterway
1948730,-903,river,20.1,unnamed waterway
1948731,-904,river,4.2,unnamed waterway
2997921,-904,river,22.5,unnamed waterway
143849282,-905,river,24.7,unnamed waterway
1948767,-905,river,22.1,unnamed waterway
143849282,-906,river,17.5,Cayuga Creek
1948768,-906,river,19.8,Cayuga Creek
1948768,-907,river,25.5,unnamed waterway
143849282,-908,river,17.2,unnamed waterway
143849282,-909,river,0.0,Cayuga Creek
2997921,-909,river,20.9,Cayuga Creek
2997921,-910,river,23.8,unnamed waterway
143850067,-911,river,0.0,unnamed waterway
143850067,-912,river,24.0,unnamed waterway
2997921,-913,river,15.6,unnamed waterway
1950354,-913,river,22.7,unnamed waterway
2997921,-914,river,6.7,unnamed waterway
144081635,-915,river,8.0,unnamed waterway
105508836,-916,river,9.1,Meda Creek
144081797,-916,river,20.6,Meda Creek
1951871,-916,river,11.7,Meda Creek
105508752,-917,river,17.4,unnamed waterway
144081824,-917,river,12.2,unnamed waterway
1951871,-918,river,18.4,unnamed waterway
144082028,-918,river,0.0,unnamed waterway
59642893,-919,river,1.2,Birchcliffe Creek
104217578,-919,river,23.7,Birchcliffe Creek
1951871,-919,river,20.6,Birchcliffe Creek
59847916,-919,river,24.8,Birchcliffe Creek
144352315,-919,river,16.8,Birchcliffe Creek
59642893,-920,river,0.0,unnamed waterway
59642893,-921,river,20.6,unnamed waterway
6463477,-922,river,24.1,Dizzy Creek
180752914,-922,river,0.0,Dizzy Creek
180757953,-923,river,27.0,Sims Creek
180758302,-923,river,22.5,Sims Creek
2411963,-923,river,25.6,Sims Creek
2411957,-924,river,17.0,unnamed waterway
74713297,-925,river,1.9,unnamed waterway
74713657,-925,river,12.4,unnamed waterway
74713847,-925,river,5.3,unnamed waterway
2411957,-925,river,14.1,unnamed waterway
180758567,-926,river,6.0,unnamed waterway
74713861,-927,river,6.1,unnamed waterway
180902866,-927,river,18.5,unnamed waterway
180902866,-928,river,5.1,unnamed waterway
180904813,-928,river,21.3,unnamed waterway
181009976,-928,river,18.7,unnamed waterway
180904203,-929,river,24.2,unnamed waterway
180904396,-929,river,0.0,unnamed waterway
180904414,-929,river,0.0,unnamed waterway
180904503,-930,river,24.2,unnamed waterway
2415347,-930,river,15.0,unnamed waterway
180904813,-931,river,5.0,unnamed waterway
2414110,-931,river,0.0,unnamed waterway
2415347,-932,river,9.2,unnamed waterway
180904878,-933,river,0.0,unnamed waterway
2411957,-933,river,19.2,unnamed waterway
2411957,-934,river,22.7,unnamed waterway
2411957,-935,river,24.5,unnamed waterway
74713872,-936,river,23.7,unnamed waterway
2416860,-936,river,22.0,unnamed waterway
180904979,-937,river,27.2,unnamed waterway
180905014,-937,river,8.6,unnamed waterway
74713889,-938,river,14.5,unnamed waterway
2415090,-938,river,22.0,unnamed waterway
180991176,-939,river,9.2,unnamed waterway
2415090,-939,river,21.9,unnamed waterway
75196139,-940,river,2.9,unnamed waterway
75196140,-940,river,17.7,unnamed waterway
75196184,-940,river,0.6,unnamed waterway
180991176,-940,river,20.6,unnamed waterway
75195966,-941,river,3.0,unnamed waterway
75196193,-941,river,3.8,unnamed waterway
2415090,-941,river,25.2,unnamed waterway
180999523,-942,river,8.6,unnamed waterway
2415090,-942,river,25.0,unnamed waterway
75196427,-943,river,0.7,unnamed waterway
180993089,-943,river,20.6,unnamed waterway
180993092,-943,river,24.7,unnamed waterway
2415090,-943,river,17.4,unnamed waterway
180999523,-944,river,20.6,unnamed waterway
180991286,-945,river,0.0,unnamed waterway
180991287,-945,river,9.2,unnamed waterway
180999523,-945,river,10.8,unnamed waterway
180991359,-946,river,0.0,unnamed waterway
180991405,-946,river,7.6,unnamed waterway
180991806,-946,river,7.0,unnamed waterway
1154075,-946,river,25.6,unnamed waterway
180992086,-947,river,24.3,unnamed waterway
181022752,-948,river,23.4,unnamed waterway
180992418,-949,river,7.6,unnamed waterway
180992509,-949,river,18.0,unnamed waterway
2415347,-950,river,19.4,unnamed waterway
75196090,-951,river,10.7,unnamed waterway
180992506,-951,river,2.8,unnamed waterway
2415347,-951,river,22.8,unnamed waterway
180992529,-952,river,5.0,unnamed waterway
2415347,-952,river,9.0,unnamed waterway
180992529,-953,river,21.1,unnamed waterway
180992580,-953,river,5.4,unnamed waterway
180992633,-953,river,0.0,unnamed waterway
180992580,-954,river,26.9,unnamed waterway
181010290,-955,river,21.0,unnamed waterway
2415347,-955,river,23.4,unnamed waterway
181010509,-955,river,0.0,unnamed waterway
181022752,-955,river,0.0,unnamed waterway
181029662,-955,river,17.7,unnamed waterway
5828372,-955,river,16.0,unnamed waterway
78026996,-956,river,12.2,unnamed waterway
1151278875,-956,river,24.2,unnamed waterway
1151278876,-956,river,0.0,unnamed waterway
1183277,-957,river,23.8,Petawawa River
2990353,-957,river,23.4,Petawawa River
975803943,-958,river,0.0,Petawawa River
1180411,-958,river,7.0,Petawawa River
59680226,-959,river,19.6,unnamed waterway
59877991,-959,river,0.0,unnamed waterway
2216561,-960,river,22.1,unnamed waterway
74384843,-962,river,0.0,Fern Creek
2221714,-962,river,27.8,Fern Creek
74152508,-963,river,27.7,Red Fox Creek
74384691,-963,river,0.0,Red Fox Creek
74384854,-963,river,0.0,Red Fox Creek
75203999,-963,river,16.6,Red Fox Creek
75205035,-963,river,0.0,Red Fox Creek
75205053,-963,river,0.0,Red Fox Creek
75205145,-963,river,0.0,Red Fox Creek
75205156,-963,river,27.4,Red Fox Creek
166090027,-963,river,13.0,Red Fox Creek
166090028,-963,river,6.9,Red Fox Creek
1154162,-963,river,22.3,Red Fox Creek
2213003,-963,river,18.4,Red Fox Creek
74163235,-964,river,0.0,Edwin Creek
75204892,-964,river,0.0,Edwin Creek
74384822,-965,river,14.8,unnamed waterway
166665891,-965,river,0.0,unnamed waterway
2221713,-965,river,20.5,unnamed waterway
74713249,-966,river,19.3,unnamed waterway
74744020,-966,river,18.6,unnamed waterway
74713869,-967,river,27.6,unnamed waterway
74744020,-967,river,0.0,unnamed waterway
74713869,-968,river,22.2,unnamed waterway
74163175,-969,river,0.0,unnamed waterway
74163175,-970,river,23.4,unnamed waterway
74714038,-970,river,0.0,unnamed waterway
173382476,-971,river,23.8,unnamed waterway
74714038,-972,river,8.8,unnamed waterway
74713305,-973,river,0.0,Sims Creek
74887790,-975,river,0.0,unnamed waterway
74889166,-976,river,24.9,Edwin Creek
75032609,-976,river,0.0,Edwin Creek
74887907,-977,river,0.0,Red Fox Creek
74894335,-977,river,12.0,Red Fox Creek
75032594,-977,river,25.6,Red Fox Creek
75032630,-977,river,0.0,Red Fox Creek
75032641,-977,river,0.0,Red Fox Creek
75033564,-977,river,23.0,Red Fox Creek
75204806,-977,river,17.5,Red Fox Creek
75204836,-977,river,15.7,Red Fox Creek
75204892,-977,river,0.0,Red Fox Creek
74890246,-978,river,0.0,unnamed waterway
74887921,-979,river,0.0,unnamed waterway
74890246,-979,river,0.0,unnamed waterway
74890246,-980,river,25.9,Kearney Creek
74894330,-980,river,29.4,Kearney Creek
2214853,-981,river,10.5,Madawaska River
74887653,-981,river,0.0,Madawaska River
166078599,-981,river,21.2,Madawaska River
166079367,-981,river,13.9,Madawaska River
166307937,-981,river,20.6,Madawaska River
2212856,-981,river,8.3,Madawaska River
2212857,-981,river,24.3,Madawaska River
2212875,-981,river,17.9,Madawaska River
74887818,-982,river,0.0,unnamed waterway
166189631,-982,river,20.9,unnamed waterway
166189634,-982,river,0.0,unnamed waterway
74887770,-983,river,0.0,Sproule Creek
74887832,-983,river,0.0,Sproule Creek
74887966,-983,river,0.0,Sproule Creek
74961687,-983,river,21.6,Sproule Creek
2974045,-983,river,18.2,Sproule Creek
161499983,-984,river,17.1,unnamed waterway
74887706,-986,river,11.9,unnamed waterway
74887916,-986,river,15.0,unnamed waterway
74887660,-987,river,0.0,unnamed waterway
74887916,-987,river,0.0,unnamed waterway
75032736,-987,river,0.0,unnamed waterway
74887916,-988,river,23.4,Kearney Creek
74894330,-988,river,0.0,Kearney Creek
2212875,-989,river,11.0,unnamed waterway
1151256,-990,river,0.0,Sunday Creek
74954054,-991,river,0.0,Costello Creek
74954865,-991,river,22.8,Costello Creek
74955000,-991,river,0.0,Costello Creek
140792118,-991,river,0.0,Costello Creek
2163171,-991,river,4.2,Costello Creek
2974045,-991,river,9.8,Costello Creek
140792118,-992,river,0.0,unnamed waterway
74953471,-993,river,0.0,unnamed waterway
74954865,-994,river,12.5,unnamed waterway
74953471,-995,river,0.0,unnamed waterway
74955070,-995,river,29.2,unnamed waterway
74953471,-996,river,14.8,unnamed waterway
74954852,-997,river,0.0,unnamed waterway
140792118,-997,river,0.0,unnamed waterway
74962167,-999,river,20.7,unnamed waterway
74954395,-1000,river,14.1,unnamed waterway
75097699,-1000,river,26.2,unnamed waterway
75097699,-1001,river,18.8,unnamed waterway
1151865,-1001,river,19.0,unnamed waterway
74954026,-1002,river,0.0,unnamed waterway
1151865,-1002,river,0.0,unnamed waterway
74954054,-1003,river,20.3,unnamed waterway
74984440,-1003,river,25.7,unnamed waterway
74954054,-1004,river,24.8,unnamed waterway
140792116,-1005,river,25.6,unnamed waterway
74955010,-1006,river,0.0,Amikeus Creek
1151861,-1006,river,0.0,Amikeus Creek
74954834,-1007,river,22.5,Amikeus Creek
74955010,-1007,river,0.0,Amikeus Creek
140792118,-1007,river,19.4,Amikeus Creek
74954026,-1008,river,0.0,unnamed waterway
140792119,-1008,river,21.3,unnamed waterway
140792119,-1009,river,23.8,unnamed waterway
74985858,-1010,river,8.4,Pinetree Creek
74985903,-1010,river,15.9,Pinetree Creek
75097667,-1010,river,0.0,Pinetree Creek
1152934,-1010,river,10.0,Pinetree Creek
74985903,-1011,river,26.0,Pinetree Creek
75098048,-1011,river,0.0,Pinetree Creek
1151868,-1012,river,22.8,unnamed waterway
74954808,-1013,river,19.4,McCauley Creek
74954985,-1013,river,4.9,McCauley Creek
78423843,-1013,river,9.7,McCauley Creek
78424104,-1013,river,0.0,McCauley Creek
74994548,-1014,river,0.0,unnamed waterway
74954852,-1015,river,8.7,unnamed waterway
140792118,-1016,river,26.7,unnamed waterway
75032621,-1017,river,23.9,Nosa Creek
75032714,-1017,river,11.9,Nosa Creek
75203342,-1017,river,17.8,Nosa Creek
75203878,-1017,river,29.9,Nosa Creek
75204806,-1017,river,23.8,Nosa Creek
75032612,-1018,river,0.0,Penaish Creek
75032714,-1018,river,0.0,Penaish Creek
74893310,-1019,river,23.2,Bab Creek
161499983,-1019,river,0.0,Bab Creek
161499999,-1019,river,23.2,Bab Creek
75032534,-1020,river,18.3,unnamed waterway
75032643,-1020,river,8.5,unnamed waterway
75032570,-1021,river,0.0,unnamed waterway
75032618,-1021,river,19.4,unnamed waterway
75032623,-1021,river,24.9,unnamed waterway
75032876,-1021,river,0.0,unnamed waterway
75032617,-1022,river,25.6,Ugh Creek
75032631,-1022,river,0.0,Ugh Creek
75034025,-1022,river,0.0,Ugh Creek
77848807,-1022,river,0.0,Ugh Creek
180689693,-1022,river,18.7,Ugh Creek
180700567,-1022,river,21.8,Ugh Creek
2410187,-1022,river,8.9,Ugh Creek
75032617,-1023,river,0.0,unnamed waterway
75032617,-1024,river,0.0,unnamed waterway
75032570,-1025,river,17.0,Graham Creek
2974045,-1025,river,20.0,Graham Creek
2974045,-1026,river,18.9,unnamed waterway
75032570,-1027,river,22.2,unnamed waterway
75032605,-1027,river,20.8,unnamed waterway
75032570,-1028,river,0.0,unnamed waterway
75032573,-1028,river,13.0,unnamed waterway
75032594,-1029,river,23.7,Red Fox Creek
75032643,-1029,river,18.6,Red Fox Creek
2974045,-1030,river,28.3,unnamed waterway
75033874,-1031,river,16.2,Happy Isle Creek
180603728,-1031,river,16.3,Happy Isle Creek
1180401,-1031,river,0.0,Happy Isle Creek
2974045,-1031,river,24.1,Happy Isle Creek
75033785,-1032,river,0.0,unnamed waterway
75033796,-1032,river,22.0,unnamed waterway
75033983,-1032,river,7.1,unnamed waterway
2974045,-1032,river,13.7,unnamed waterway
75033781,-1033,river,26.7,unnamed waterway
75033797,-1033,river,21.7,unnamed waterway
75033726,-1034,river,21.1,unnamed waterway
75033788,-1034,river,15.4,unnamed waterway
2974045,-1035,river,18.3,unnamed waterway
75034691,-1036,river,18.1,unnamed waterway
75034207,-1037,river,0.0,unnamed waterway
2974045,-1037,river,24.5,unnamed waterway
75034210,-1038,river,22.3,unnamed waterway
75034231,-1038,river,27.0,unnamed waterway
75034231,-1039,river,29.4,unnamed waterway
75034210,-1040,river,18.5,unnamed waterway
2148691,-1040,river,21.2,unnamed waterway
75034286,-1041,river,0.0,unnamed waterway
2974045,-1041,river,28.4,unnamed waterway
75034292,-1042,river,0.0,Opeongo River
75034677,-1042,river,0.0,Opeongo River
75034680,-1042,river,0.0,Opeongo River
75034704,-1042,river,4.1,Opeongo River
75034705,-1042,river,0.4,Opeongo River
75034826,-1042,river,20.0,Opeongo River
75034828,-1042,river,17.8,Opeongo River
78412529,-1042,river,18.2,Opeongo River
78412659,-1042,river,11.2,Opeongo River
78412661,-1042,river,0.0,Opeongo River
161496527,-1042,river,6.0,Opeongo River
161496528,-1042,river,13.6,Opeongo River
161496531,-1042,river,1.0,Opeongo River
161496533,-1042,river,24.2,Opeongo River
161496586,-1042,river,0.0,Opeongo River
161496599,-1042,river,0.0,Opeongo River
1040595828,-1042,river,11.9,Opeongo River
2974045,-1042,river,24.9,Opeongo River
13927973,-1042,river,28.0,Opeongo River
75034211,-1043,river,0.0,unnamed waterway
2974045,-1043,river,14.2,unnamed waterway
75034214,-1044,river,12.0,unnamed waterway
2974045,-1044,river,15.4,unnamed waterway
2974045,-1045,river,24.1,unnamed waterway
75034219,-1046,river,20.8,Cameron Creek
2974045,-1046,river,22.8,Cameron Creek
75034219,-1047,river,10.6,Cameron Creek
1152484,-1047,river,17.4,Cameron Creek
75034606,-1048,river,0.0,unnamed waterway
1152484,-1048,river,18.1,unnamed waterway
75034638,-1049,river,18.2,unnamed waterway
75034752,-1049,river,4.4,unnamed waterway
75034752,-1050,river,23.0,unnamed waterway
1152484,-1050,river,0.0,unnamed waterway
75034606,-1051,river,0.0,unnamed waterway
75034710,-1052,river,15.8,unnamed waterway
161496102,-1052,river,27.9,unnamed waterway
75034704,-1053,river,21.9,unnamed waterway
74994548,-1054,river,18.6,Vesper Creek
75034683,-1054,river,27.8,Vesper Creek
75034684,-1054,river,0.0,Vesper Creek
75034694,-1054,river,0.0,Vesper Creek
75034641,-1055,river,11.0,unnamed waterway
75034693,-1055,river,14.9,unnamed waterway
75034712,-1056,river,0.0,unnamed waterway
75034637,-1057,river,19.4,unnamed waterway
75034646,-1058,river,0.0,unnamed waterway
75034694,-1058,river,0.0,unnamed waterway
74994548,-1059,river,12.8,Sandmartin Creek
78412487,-1059,river,24.0,Sandmartin Creek
78412660,-1059,river,0.0,Sandmartin Creek
78412675,-1059,river,3.8,Sandmartin Creek
78412675,-1060,river,25.1,Sandmartin Creek
1151867,-1060,river,21.7,Sandmartin Creek
75091653,-1061,river,22.7,unnamed waterway
75098059,-1061,river,22.2,unnamed waterway
75091287,-1062,river,0.0,unnamed waterway
75091711,-1062,river,20.3,unnamed waterway
1152934,-1062,river,0.0,unnamed waterway
75091454,-1063,river,0.0,unnamed waterway
75091714,-1063,river,16.7,unnamed waterway
74989215,-1064,river,0.0,unnamed waterway
75098684,-1064,river,8.4,unnamed waterway
75196319,-1065,river,0.0,unnamed waterway
75196320,-1065,river,24.0,unnamed waterway
1154086,-1065,river,0.0,unnamed waterway
75195818,-1066,river,0.0,unnamed waterway
77847825,-1066,river,0.0,unnamed waterway
75196216,-1067,river,6.0,unnamed waterway
2415716,-1067,river,21.1,unnamed waterway
75196179,-1068,river,9.3,unnamed waterway
1154088,-1068,river,25.9,unnamed waterway
1180369,-1068,river,9.3,unnamed waterway
2415716,-1069,river,8.9,Linda Creek
2973296,-1070,river,14.2,unnamed waterway
75203687,-1071,river,22.2,Error Creek
77848799,-1071,river,19.8,Error Creek
2973293,-1071,river,10.2,Error Creek
1154161,-1072,river,0.0,unnamed waterway
2973293,-1072,river,0.0,unnamed waterway
75204840,-1073,river,16.3,unnamed waterway
1154163,-1073,river,0.0,unnamed waterway
75203670,-1074,river,15.6,Iris Creek
75205035,-1074,river,0.0,Iris Creek
166665916,-1074,river,27.2,Iris Creek
75203965,-1075,river,0.0,unnamed waterway
75205053,-1075,river,0.0,unnamed waterway
75204082,-1076,river,12.8,unnamed waterway
2415716,-1076,river,15.6,unnamed waterway
75203660,-1077,river,27.4,unnamed waterway
75204082,-1077,river,12.0,unnamed waterway
75203716,-1078,river,0.0,unnamed waterway
75205053,-1078,river,0.0,unnamed waterway
75250940,-1079,river,16.2,Shadfly Creek
2409418,-1080,river,21.4,Shadfly Creek
75251483,-1081,river,0.0,unnamed waterway
75251511,-1081,river,20.3,unnamed waterway
75251232,-1082,river,0.0,unnamed waterway
75251526,-1082,river,0.0,unnamed waterway
75251526,-1083,river,28.1,Crow River
75251641,-1083,river,10.9,Crow River
104081133,-1083,river,0.0,Crow River
104081215,-1083,river,18.1,Crow River
2409748,-1083,river,27.1,Crow River
75251360,-1084,river,0.0,unnamed waterway
75251511,-1084,river,0.0,unnamed waterway
75251484,-1085,river,8.8,unnamed waterway
75251517,-1085,river,14.0,unnamed waterway
75251247,-1086,river,7.7,Usk Creek
78510103,-1086,river,0.0,Usk Creek
75251569,-1087,river,15.4,unnamed waterway
180569536,-1087,river,16.5,unnamed waterway
75251065,-1088,river,0.0,unnamed waterway
75251569,-1088,river,22.8,unnamed waterway
75251247,-1089,river,17.2,Usk Creek
75257960,-1089,river,0.0,Usk Creek
75250947,-1090,river,15.3,unnamed waterway
2974105,-1090,river,11.4,unnamed waterway
75250960,-1091,river,0.0,unnamed waterway
2409748,-1091,river,21.4,unnamed waterway
75251499,-1092,river,11.9,Diver Creek
2409748,-1092,river,19.5,Diver Creek
104081156,-1093,river,21.7,unnamed waterway
2409748,-1093,river,4.4,unnamed waterway
75250958,-1094,river,27.3,unnamed waterway
75251776,-1095,river,24.1,unnamed waterway
2974105,-1095,river,5.9,unnamed waterway
75257960,-1096,river,0.0,Quzel Creek
75257762,-1097,river,0.0,unnamed waterway
75257824,-1097,river,11.3,unnamed waterway
75257850,-1097,river,9.3,unnamed waterway
75257962,-1097,river,25.3,unnamed waterway
75257836,-1098,river,16.8,Thomas Creek
75258084,-1098,river,24.7,Thomas Creek
1154748,-1098,river,19.1,Thomas Creek
75257825,-1099,river,21.7,unnamed waterway
75258098,-1099,river,0.0,unnamed waterway
161491727,-1100,river,14.5,unnamed waterway
161491850,-1101,river,21.9,unnamed waterway
2163135,-1101,river,14.2,unnamed waterway
160624850,-1102,river,4.5,Bonfield Creek
2148691,-1102,river,22.6,Bonfield Creek
75258098,-1103,river,14.7,Osprey Creek
6529634,-1103,river,23.4,Osprey Creek
75363983,-1104,river,17.5,Wonassay Creek
75363950,-1104,river,11.9,Wonassay Creek
1155573,-1105,river,0.0,unnamed waterway
75366354,-1106,river,0.0,Moon Creek
78528474,-1106,river,0.0,Moon Creek
78528578,-1106,river,0.0,Moon Creek
1155619,-1107,river,9.3,Abbe Creek
75366455,-1108,river,19.0,unnamed waterway
78528578,-1109,river,19.4,Moon Creek
75366361,-1110,river,9.3,Okahan Creek
75366417,-1110,river,21.3,Okahan Creek
75366415,-1111,river,0.0,Pauguk Creek
75366354,-1112,river,15.6,unnamed waterway
75366444,-1112,river,29.8,unnamed waterway
75366415,-1113,river,16.9,unnamed waterway
75366429,-1113,river,12.9,unnamed waterway
75366369,-1114,river,8.9,unnamed waterway
1155619,-1114,river,0.0,unnamed waterway
75366361,-1115,river,9.3,unnamed waterway
75366416,-1115,river,6.6,unnamed waterway
1187447,-1116,river,0.0,Moon Creek
75403062,-1117,river,21.1,Little Madawaska River
75403177,-1117,river,29.3,Little Madawaska River
75403178,-1117,river,22.6,Little Madawaska River
75403242,-1117,river,9.7,Little Madawaska River
75403357,-1117,river,29.9,Little Madawaska River
78602391,-1117,river,25.9,Little Madawaska River
78631219,-1117,river,14.2,Little Madawaska River
1156038,-1117,river,15.1,Little Madawaska River
78602269,-1117,river,0.0,Little Madawaska River
78602340,-1117,river,29.2,Little Madawaska River
78602382,-1117,river,9.6,Little Madawaska River
78602430,-1117,river,12.1,Little Madawaska River
78602514,-1117,river,0.0,Little Madawaska River
78602603,-1117,river,10.1,Little Madawaska River
78602785,-1117,river,0.0,Little Madawaska River
75403076,-1118,river,17.0,unnamed waterway
75403275,-1118,river,9.3,unnamed waterway
75403032,-1119,river,0.0,unnamed waterway
75403052,-1120,river,0.0,unnamed waterway
75403186,-1120,river,0.0,unnamed waterway
1188243,-1121,river,29.7,Pauguk Creek
75403076,-1122,river,20.8,unnamed waterway
78602447,-1122,river,20.1,unnamed waterway
75403032,-1123,river,21.3,unnamed waterway
75403247,-1123,river,15.4,unnamed waterway
75403275,-1124,river,23.9,unnamed waterway
75403273,-1125,river,13.0,unnamed waterway
75403299,-1125,river,18.2,unnamed waterway
75403052,-1126,river,26.9,unnamed waterway
75403073,-1126,river,21.1,unnamed waterway
75403240,-1127,river,0.0,unnamed waterway
75403300,-1127,river,24.4,unnamed waterway
75403311,-1128,river,15.4,unnamed waterway
75403327,-1129,river,17.3,unnamed waterway
75403499,-1129,river,0.0,unnamed waterway
75403327,-1130,river,18.1,unnamed waterway
75403402,-1130,river,16.8,unnamed waterway
75403310,-1131,river,26.8,Abbe Creek
75403512,-1132,river,14.8,Thrush Creek
75403527,-1132,river,0.0,Thrush Creek
78631108,-1132,river,13.9,Thrush Creek
75403522,-1133,river,23.8,unnamed waterway
180562713,-1133,river,23.1,unnamed waterway
75403311,-1134,river,10.7,unnamed waterway
75403409,-1134,river,18.2,unnamed waterway
75403495,-1135,river,23.9,Thrush Creek
78631481,-1136,river,22.3,unnamed waterway
75428364,-1137,river,17.8,unnamed waterway
75477383,-1137,river,27.2,unnamed waterway
75403495,-1138,river,21.0,Crow River
75403526,-1138,river,14.8,Crow River
75430901,-1138,river,12.6,Crow River
78509863,-1138,river,23.4,Crow River
78510040,-1138,river,6.0,Crow River
78510057,-1138,river,11.1,Crow River
78510462,-1138,river,27.3,Crow River
180388820,-1138,river,14.9,Crow River
180388978,-1138,river,11.7,Crow River
2406676,-1138,river,4.3,Crow River
2408816,-1138,river,6.1,Crow River
2409417,-1138,river,17.3,Crow River
75427479,-1139,river,23.4,unnamed waterway
2406676,-1139,river,18.2,unnamed waterway
6529634,-1140,river,26.3,unnamed waterway
75475490,-1141,river,14.4,Thomas Creek
6529634,-1141,river,28.6,Thomas Creek
6529634,-1142,river,11.1,unnamed waterway
75475490,-1143,river,21.0,unnamed waterway
77847734,-1145,river,0.0,unnamed waterway
77847980,-1145,river,7.7,unnamed waterway
6462741,-1146,river,15.0,unnamed waterway
77847717,-1146,river,0.0,unnamed waterway
6462741,-1147,river,0.0,She Creek
77847629,-1147,river,0.0,She Creek
77847728,-1147,river,0.0,She Creek
77847866,-1147,river,22.0,She Creek
77847734,-1148,river,0.0,unnamed waterway
77847857,-1148,river,20.4,unnamed waterway
6462741,-1149,river,12.6,Dan Creek
77847734,-1149,river,0.0,Dan Creek
77847758,-1149,river,0.0,Dan Creek
77847947,-1149,river,18.9,Dan Creek
77847718,-1150,river,19.4,unnamed waterway
77847758,-1150,river,22.5,unnamed waterway
77847894,-1151,river,0.0,unnamed waterway
1180369,-1151,river,0.0,unnamed waterway
77848693,-1152,river,29.6,unnamed waterway
2973296,-1152,river,22.3,unnamed waterway
77848591,-1153,river,28.4,Otterslide Creek
77848612,-1153,river,21.9,Otterslide Creek
77848622,-1153,river,0.0,Otterslide Creek
77848632,-1153,river,23.2,Otterslide Creek
6462738,-1153,river,20.5,Otterslide Creek
77848582,-1154,river,23.5,unnamed waterway
77848730,-1154,river,25.0,unnamed waterway
6462738,-1154,river,29.3,unnamed waterway
77848607,-1155,river,27.7,Hailstorm Creek
77848686,-1155,river,0.0,Hailstorm Creek
77848712,-1155,river,0.0,Hailstorm Creek
77848743,-1155,river,21.6,Hailstorm Creek
77848775,-1155,river,0.0,Hailstorm Creek
180700567,-1155,river,10.5,Hailstorm Creek
2973293,-1155,river,7.0,Hailstorm Creek
77848598,-1156,river,0.0,unnamed waterway
2423130,-1156,river,26.4,unnamed waterway
77848607,-1157,river,0.0,unnamed waterway
77848707,-1157,river,18.6,unnamed waterway
77848651,-1158,river,8.4,unnamed waterway
2423130,-1158,river,0.0,unnamed waterway
77848651,-1159,river,20.7,unnamed waterway
77848652,-1159,river,21.3,unnamed waterway
77848598,-1160,river,4.5,unnamed waterway
77848668,-1160,river,0.0,unnamed waterway
77848742,-1161,river,17.9,Error Creek
77848799,-1161,river,0.0,Error Creek
77848652,-1162,river,21.3,unnamed waterway
78412438,-1163,river,19.1,unnamed waterway
78412487,-1163,river,26.9,unnamed waterway
1186076,-1164,river,15.8,Rumley Creek
78412490,-1165,river,27.8,Chipmunk Creek
78412561,-1165,river,12.8,Chipmunk Creek
78413195,-1165,river,15.6,Chipmunk Creek
1186076,-1165,river,16.2,Chipmunk Creek
78412534,-1165,river,12.8,Chipmunk Creek
78412695,-1165,river,0.0,Chipmunk Creek
1041319640,-1166,river,17.8,unnamed waterway
78412702,-1166,river,22.8,unnamed waterway
78413111,-1167,river,0.0,Presto Creek
78413366,-1167,river,27.7,Presto Creek
78413038,-1167,river,0.0,Presto Creek
3376432,-1167,river,21.4,Presto Creek
78412666,-1168,river,0.0,unnamed waterway
1186098,-1168,river,16.5,unnamed waterway
78412665,-1169,river,0.0,Cob Creek
1041319640,-1169,river,21.8,Cob Creek
78412604,-1170,river,23.6,unnamed waterway
1186076,-1170,river,24.3,unnamed waterway
78412660,-1171,river,0.0,McCarthy Creek
78423898,-1171,river,0.0,McCarthy Creek
78423969,-1171,river,0.0,McCarthy Creek
1041319640,-1171,river,9.8,McCarthy Creek
78412622,-1172,river,0.0,Rumley Creek
78413152,-1173,river,0.0,Cottontail Creek
1186099,-1173,river,19.8,Cottontail Creek
1186099,-1174,river,0.0,unnamed waterway
78413143,-1175,river,7.2,Mocking Creek
78413203,-1175,river,0.0,Mocking Creek
1186099,-1176,river,16.4,unnamed waterway
78413131,-1177,river,16.3,Tip Up Creek
78413258,-1177,river,12.8,Tip Up Creek
161496531,-1177,river,16.2,Tip Up Creek
161496533,-1177,river,0.0,Tip Up Creek
161496538,-1177,river,5.1,Tip Up Creek
161496540,-1177,river,9.4,Tip Up Creek
161496573,-1177,river,1.0,Tip Up Creek
161496576,-1177,river,1.0,Tip Up Creek
161496581,-1177,river,0.0,Tip Up Creek
161496582,-1177,river,1.0,Tip Up Creek
78413087,-1178,river,14.1,unnamed waterway
78413095,-1178,river,11.3,unnamed waterway
1186099,-1178,river,0.0,unnamed waterway
78413015,-1179,river,20.3,Presto Creek
78413170,-1179,river,0.0,Presto Creek
78413298,-1179,river,20.4,Presto Creek
78413266,-1180,river,0.0,unnamed waterway
78423846,-1181,river,26.6,unnamed waterway
78423946,-1181,river,25.2,unnamed waterway
78424018,-1181,river,0.0,unnamed waterway
78424097,-1181,river,12.8,unnamed waterway
78423809,-1183,river,20.1,McCauley Creek
78423822,-1183,river,10.1,McCauley Creek
78424104,-1183,river,0.0,McCauley Creek
78423720,-1184,river,0.0,McCauley Creek
78423762,-1184,river,0.0,McCauley Creek
78423768,-1185,river,19.0,unnamed waterway
78423969,-1185,river,0.0,unnamed waterway
78423927,-1186,river,0.0,Airy Creek
78423927,-1187,river,0.0,unnamed waterway
78423762,-1188,river,16.3,McCauley Creek
78424085,-1188,river,0.0,McCauley Creek
78423768,-1189,river,25.7,unnamed waterway
78423737,-1190,river,0.0,unnamed waterway
78423748,-1190,river,0.0,unnamed waterway
78423822,-1191,river,24.4,McCauley Creek
78424085,-1191,river,0.0,McCauley Creek
78509893,-1192,river,18.0,unnamed waterway
78509914,-1192,river,21.1,unnamed waterway
78510135,-1192,river,0.0,unnamed waterway
78510021,-1193,river,21.1,unnamed waterway
3379405,-1193,river,19.3,unnamed waterway
78509949,-1194,river,23.0,unnamed waterway
78510060,-1194,river,24.6,unnamed waterway
78509893,-1195,river,0.0,unnamed waterway
78510060,-1195,river,0.0,unnamed waterway
78509864,-1196,river,19.4,unnamed waterway
78510021,-1196,river,0.0,unnamed waterway
78509918,-1197,river,14.8,unnamed waterway
78510103,-1197,river,0.0,unnamed waterway
104081609,-1198,river,0.0,unnamed waterway
3379405,-1198,river,0.0,unnamed waterway
78510089,-1199,river,21.1,Grizzly Creek
78631107,-1199,river,0.0,Grizzly Creek
78631115,-1199,river,17.8,Grizzly Creek
78631150,-1199,river,0.0,Grizzly Creek
78631194,-1199,river,16.9,Grizzly Creek
78631209,-1199,river,0.0,Grizzly Creek
78631323,-1199,river,20.2,Grizzly Creek
78631343,-1199,river,24.4,Grizzly Creek
78631467,-1199,river,16.9,Grizzly Creek
78509864,-1200,river,21.7,unnamed waterway
78510085,-1200,river,20.0,unnamed waterway
78509864,-1201,river,0.0,unnamed waterway
78510062,-1201,river,0.0,unnamed waterway
78516911,-1202,river,0.0,unnamed waterway
78516808,-1202,river,14.0,unnamed waterway
78631323,-1203,river,21.5,Cinderella Creek
1188524,-1203,river,29.3,Cinderella Creek
78516820,-1203,river,16.1,Cinderella Creek
78516830,-1203,river,0.0,Cinderella Creek
78516848,-1203,river,23.0,Cinderella Creek
78516993,-1203,river,18.4,Cinderella Creek
78516911,-1204,river,0.0,unnamed waterway
78631323,-1204,river,0.0,unnamed waterway
78516815,-1204,river,0.0,unnamed waterway
104082235,-1205,river,22.4,unnamed waterway
2973184,-1205,river,17.5,unnamed waterway
75403273,-1206,river,27.6,unnamed waterway
78602738,-1206,river,23.8,unnamed waterway
1156038,-1207,river,0.0,unnamed waterway
75403172,-1208,river,29.5,unnamed waterway
78602738,-1208,river,26.6,unnamed waterway
78631134,-1209,river,0.0,unnamed waterway
1188527,-1209,river,0.0,unnamed waterway
78631141,-1210,river,0.0,unnamed waterway
3379405,-1210,river,18.1,unnamed waterway
78631111,-1211,river,0.0,unnamed waterway
78631200,-1211,river,24.3,unnamed waterway
78631488,-1211,river,0.0,unnamed waterway
3379405,-1211,river,17.8,unnamed waterway
78631202,-1212,river,15.4,Little Madawaska River
78631316,-1212,river,14.6,Little Madawaska River
78631323,-1212,river,0.0,Little Madawaska River
3379405,-1212,river,23.8,Little Madawaska River
78631272,-1213,river,10.3,Thrush Creek
78631278,-1213,river,20.6,Thrush Creek
104082231,-1214,river,23.4,Sunfish Creek
2973187,-1214,river,0.0,Sunfish Creek
205195754,-1215,river,0.0,unnamed waterway
78631134,-1216,river,9.8,unnamed waterway
78631504,-1216,river,0.0,unnamed waterway
78631323,-1217,river,20.8,unnamed waterway
78631452,-1218,river,20.4,unnamed waterway
3379405,-1218,river,22.9,unnamed waterway
104081149,-1219,river,0.0,unnamed waterway
104081189,-1219,river,0.0,unnamed waterway
1474420,-1219,river,12.8,unnamed waterway
6462738,-1219,river,23.1,unnamed waterway
104081232,-1220,river,0.0,unnamed waterway
6529609,-1220,river,28.9,unnamed waterway
6462738,-1221,river,21.9,unnamed waterway
104081094,-1222,river,22.7,Warbler Creek
104081211,-1222,river,0.0,Warbler Creek
104081118,-1223,river,15.6,unnamed waterway
104081612,-1223,river,0.0,unnamed waterway
6529609,-1223,river,0.0,unnamed waterway
75251360,-1224,river,13.9,Crow River
75251496,-1224,river,27.4,Crow River
180569686,-1224,river,15.3,Crow River
2409418,-1224,river,0.0,Crow River
2409423,-1224,river,13.8,Crow River
2409748,-1224,river,26.0,Crow River
2974105,-1224,river,14.7,Crow River
104081144,-1225,river,8.5,unnamed waterway
104081144,-1226,river,0.0,unnamed waterway
1474420,-1226,river,0.0,unnamed waterway
104081141,-1227,river,10.9,unnamed waterway
104081232,-1227,river,0.0,unnamed waterway
104081094,-1228,river,0.0,Warbler Creek
6462738,-1228,river,0.0,Warbler Creek
6462738,-1229,river,9.8,unnamed waterway
6462738,-1230,river,22.1,unnamed waterway
104081193,-1231,river,0.0,Hemlock Creek
3379405,-1231,river,0.0,Hemlock Creek
104081455,-1232,river,21.6,Grosbeak Creek
104081550,-1232,river,0.0,Grosbeak Creek
1474428,-1232,river,23.3,Grosbeak Creek
104081461,-1233,river,17.6,unnamed waterway
3379405,-1233,river,0.0,unnamed waterway
104081423,-1234,river,0.0,Grosbeak Creek
104081501,-1234,river,15.0,Grosbeak Creek
1474428,-1234,river,0.0,Grosbeak Creek
104081483,-1235,river,22.4,Spiza Creek
104081567,-1235,river,15.6,Spiza Creek
104136100,-1235,river,14.7,Spiza Creek
13125166,-1235,river,19.0,Spiza Creek
104081455,-1236,river,27.9,Grosbeak Creek
6529609,-1236,river,19.0,Grosbeak Creek
104082338,-1237,river,0.0,Cuckoo Creek
2973187,-1237,river,4.5,Cuckoo Creek
104081553,-1238,river,19.4,unnamed waterway
104140386,-1238,river,0.0,unnamed waterway
3379405,-1239,river,0.0,unnamed waterway
104081416,-1240,river,27.8,Spiza Creek
104081483,-1240,river,0.0,Spiza Creek
6529609,-1241,river,0.0,unnamed waterway
78509940,-1242,river,0.0,unnamed waterway
3379405,-1242,river,11.9,unnamed waterway
104081416,-1243,river,0.0,unnamed waterway
104081478,-1244,river,0.0,unnamed waterway
104081483,-1244,river,0.0,unnamed waterway
104082085,-1245,river,24.1,unnamed waterway
2973184,-1245,river,24.2,unnamed waterway
104082078,-1246,river,20.7,Petawawa River
104082107,-1246,river,8.6,Petawawa River
104082151,-1246,river,0.0,Petawawa River
104082188,-1246,river,28.5,Petawawa River
104082204,-1246,river,0.0,Petawawa River
104082290,-1246,river,0.0,Petawawa River
976161222,-1246,river,12.9,Petawawa River
976161226,-1246,river,7.7,Petawawa River
976161230,-1246,river,0.0,Petawawa River
2973187,-1246,river,20.4,Petawawa River
13125165,-1246,river,0.0,Petawawa River
104082166,-1247,river,0.0,unnamed waterway
104082204,-1247,river,0.0,unnamed waterway
104082213,-1247,river,7.9,unnamed waterway
104082322,-1247,river,0.0,unnamed waterway
2973185,-1248,river,21.6,unnamed waterway
104082248,-1249,river,0.0,unnamed waterway
2973184,-1249,river,28.0,unnamed waterway
104082151,-1250,river,13.7,unnamed waterway
104082107,-1251,river,0.0,unnamed waterway
104082053,-1252,river,0.0,unnamed waterway
104082112,-1252,river,0.0,unnamed waterway
104082162,-1252,river,14.4,unnamed waterway
104082338,-1253,river,17.6,unnamed waterway
104082238,-1254,river,0.0,unnamed waterway
104082257,-1254,river,0.0,unnamed waterway
104082112,-1255,river,22.0,unnamed waterway
104082042,-1256,river,0.0,unnamed waterway
104082238,-1256,river,0.0,unnamed waterway
104082338,-1256,river,27.9,unnamed waterway
104082235,-1258,river,19.8,unnamed waterway
205195754,-1258,river,21.1,unnamed waterway
976161230,-1259,river,23.4,unnamed waterway
104082290,-1260,river,22.3,unnamed waterway
2973185,-1261,river,8.9,unnamed waterway
104083486,-1261,river,0.0,unnamed waterway
2973184,-1262,river,0.0,unnamed waterway
104083537,-1262,river,0.0,unnamed waterway
104130746,-1263,river,15.9,Mire Creek
104130794,-1263,river,0.0,Mire Creek
6462738,-1263,river,0.0,Mire Creek
104130762,-1264,river,19.9,Blue Creek
104130892,-1264,river,0.0,Blue Creek
1474865,-1264,river,26.6,Blue Creek
6462738,-1264,river,16.8,Blue Creek
1474867,-1265,river,27.7,unnamed waterway
104130887,-1266,river,0.0,unnamed waterway
1474867,-1266,river,21.8,unnamed waterway
104130787,-1267,river,0.0,unnamed waterway
976161236,-1267,river,8.4,unnamed waterway
6462741,-1268,river,0.0,unnamed waterway
104130708,-1269,river,5.8,unnamed waterway
104130740,-1269,river,18.2,unnamed waterway
104135984,-1270,river,22.5,unnamed waterway
13125166,-1270,river,26.4,unnamed waterway
6463261,-1271,river,0.0,unnamed waterway
104136158,-1272,river,0.0,unnamed waterway
13125165,-1272,river,10.1,unnamed waterway
13125166,-1273,river,29.2,unnamed waterway
104140470,-1274,river,0.0,unnamed waterway
13125165,-1274,river,7.5,unnamed waterway
6463261,-1275,river,0.0,unnamed waterway
104140363,-1275,river,20.8,unnamed waterway
104140480,-1275,river,0.0,unnamed waterway
104140483,-1276,river,0.0,Hayes Creek
13125165,-1276,river,7.9,Hayes Creek
1474978,-1277,river,0.0,Robinson Creek
104140363,-1277,river,0.0,Robinson Creek
6463261,-1278,river,10.6,unnamed waterway
104140393,-1278,river,0.0,unnamed waterway
104140687,-1279,river,14.8,unnamed waterway
2973186,-1279,river,0.0,unnamed waterway
74891615,-1280,river,23.7,Sunday Creek
166308053,-1280,river,0.0,Sunday Creek
160624877,-1281,river,14.8,Wright Creek
160624908,-1281,river,19.9,Wright Creek
2148691,-1281,river,19.2,Wright Creek
2974045,-1281,river,22.7,Wright Creek
6529634,-1282,river,27.5,unnamed waterway
6529634,-1283,river,25.7,unnamed waterway
161469476,-1284,river,14.2,unnamed waterway
6529634,-1284,river,19.0,unnamed waterway
161469476,-1285,river,14.2,unnamed waterway
161469490,-1286,river,0.0,unnamed waterway
6529634,-1286,river,17.4,unnamed waterway
161469490,-1287,river,2.2,unnamed waterway
2162862,-1287,river,11.0,unnamed waterway
160652679,-1288,river,0.0,Crow River
160652731,-1288,river,0.0,Crow River
2148867,-1288,river,24.8,Crow River
6529634,-1288,river,0.0,Crow River
161469533,-1289,river,0.0,Woodcock Creek
161469538,-1289,river,0.0,Woodcock Creek
161469561,-1289,river,7.0,Woodcock Creek
161469582,-1289,river,23.7,Woodcock Creek
166072950,-1289,river,0.0,Woodcock Creek
166072952,-1289,river,0.0,Woodcock Creek
2212744,-1289,river,27.5,Woodcock Creek
75363894,-1290,river,2.4,unnamed waterway
6529634,-1290,river,15.1,unnamed waterway
75364125,-1291,river,16.5,unnamed waterway
6529634,-1291,river,13.6,unnamed waterway
6529634,-1292,river,24.4,unnamed waterway
75356255,-1293,river,12.5,unnamed waterway
161485981,-1293,river,0.0,unnamed waterway
161485976,-1294,river,0.0,Lee Creek
161486006,-1294,river,28.3,Lee Creek
2163081,-1294,river,11.3,Lee Creek
75355995,-1295,river,23.2,unnamed waterway
161486006,-1295,river,9.1,unnamed waterway
161488673,-1295,river,0.0,unnamed waterway
161486082,-1296,river,0.0,Lee Creek
161486097,-1296,river,27.0,Lee Creek
161486097,-1297,river,0.0,Lee Creek
161488745,-1297,river,0.0,Lee Creek
161486104,-1298,river,0.0,unnamed waterway
2163081,-1298,river,18.9,unnamed waterway
75356077,-1299,river,19.8,unnamed waterway
161488513,-1299,river,0.0,unnamed waterway
2163081,-1299,river,16.6,unnamed waterway
161488618,-1300,river,23.9,unnamed waterway
161488673,-1300,river,22.4,unnamed waterway
161488618,-1301,river,24.0,unnamed waterway
161488736,-1302,river,4.0,unnamed waterway
161488761,-1303,river,21.6,unnamed waterway
161488776,-1303,river,0.0,unnamed waterway
161488763,-1304,river,2.2,unnamed waterway
161490433,-1305,river,2.2,unnamed waterway
2974045,-1305,river,26.3,unnamed waterway
2148691,-1306,river,17.7,unnamed waterway
161490587,-1307,river,0.0,unnamed waterway
2148691,-1307,river,21.5,unnamed waterway
75257857,-1308,river,18.6,Wright Creek
161491521,-1308,river,25.6,Wright Creek
2148691,-1308,river,17.0,Wright Creek
161491521,-1309,river,3.2,unnamed waterway
75257853,-1310,river,20.3,Wright Creek
161491521,-1310,river,23.4,Wright Creek
2163132,-1311,river,0.0,unnamed waterway
75257716,-1312,river,3.9,unnamed waterway
75257761,-1312,river,21.2,unnamed waterway
161491749,-1312,river,25.0,unnamed waterway
161491787,-1312,river,3.2,unnamed waterway
161491790,-1312,river,13.5,unnamed waterway
1188735226,-1312,river,26.6,unnamed waterway
1154753,-1312,river,1.7,unnamed waterway
75257890,-1313,river,0.6,unnamed waterway
161491749,-1313,river,0.0,unnamed waterway
75257761,-1314,river,20.1,unnamed waterway
75257772,-1315,river,4.8,unnamed waterway
2163135,-1315,river,19.7,unnamed waterway
161491912,-1316,river,17.7,unnamed waterway
161491943,-1317,river,0.0,Koko Creek
161492041,-1317,river,0.0,Koko Creek
161492017,-1318,river,7.3,Usk Creek
161492041,-1318,river,23.9,Usk Creek
161492047,-1318,river,10.1,Usk Creek
180625690,-1318,river,17.8,Usk Creek
2974105,-1318,river,25.2,Usk Creek
161492047,-1319,river,16.3,unnamed waterway
161492047,-1320,river,12.8,unnamed waterway
161492047,-1321,river,22.2,unnamed waterway
2163174,-1322,river,10.3,unnamed waterway
2974045,-1322,river,0.2,unnamed waterway
2974045,-1323,river,0.1,unnamed waterway
161495890,-1324,river,10.3,unnamed waterway
2163171,-1324,river,0.0,unnamed waterway
75034688,-1325,river,1.7,unnamed waterway
161495910,-1325,river,16.3,unnamed waterway
161495991,-1325,river,23.9,unnamed waterway
2163171,-1325,river,19.2,unnamed waterway
161495910,-1327,river,5.0,unnamed waterway
161495910,-1328,river,27.0,unnamed waterway
2163172,-1328,river,0.0,unnamed waterway
161495991,-1329,river,25.9,unnamed waterway
161495991,-1330,river,17.2,unnamed waterway
161495991,-1331,river,27.1,unnamed waterway
2974045,-1332,river,12.5,unnamed waterway
161496055,-1333,river,4.5,unnamed waterway
2974045,-1333,river,21.6,unnamed waterway
161496073,-1334,river,5.8,unnamed waterway
2974045,-1334,river,0.1,unnamed waterway
161496073,-1335,river,12.3,unnamed waterway
2974045,-1336,river,25.6,unnamed waterway
2974045,-1337,river,24.8,unnamed waterway
161499774,-1338,river,2.8,unnamed waterway
2974045,-1338,river,3.0,unnamed waterway
2974045,-1339,river,17.3,unnamed waterway
2974045,-1340,river,13.6,unnamed waterway
75032622,-1341,river,0.5,Von Creek
161499983,-1341,river,23.7,Von Creek
2163193,-1341,river,28.5,Von Creek
2974045,-1341,river,14.1,Von Creek
161499962,-1342,river,25.0,unnamed waterway
161499947,-1343,river,0.0,Von Creek
161499962,-1343,river,22.3,Von Creek
161499962,-1344,river,22.0,unnamed waterway
2163193,-1345,river,25.6,unnamed waterway
161499999,-1346,river,0.0,unnamed waterway
161500011,-1347,river,13.9,unnamed waterway
161500038,-1347,river,20.2,unnamed waterway
2974045,-1347,river,22.0,unnamed waterway
161500038,-1348,river,0.0,unnamed waterway
161500057,-1348,river,25.0,unnamed waterway
75032615,-1349,river,11.5,unnamed waterway
161500065,-1349,river,0.0,unnamed waterway
161500865,-1350,river,0.0,Canisbay Creek
161500876,-1350,river,2.8,Canisbay Creek
166184303,-1350,river,17.8,Canisbay Creek
2163205,-1350,river,23.4,Canisbay Creek
2163206,-1350,river,1.4,Canisbay Creek
74384824,-1351,river,5.6,unnamed waterway
2163205,-1351,river,22.8,unnamed waterway
2163205,-1352,river,4.5,unnamed waterway
161500961,-1353,river,18.5,unnamed waterway
161500978,-1353,river,3.6,unnamed waterway
161500961,-1354,river,25.3,unnamed waterway
161500978,-1355,river,24.6,unnamed waterway
161500997,-1356,river,19.7,unnamed waterway
2163205,-1356,river,16.6,unnamed waterway
2163205,-1357,river,6.1,unnamed waterway
161500997,-1358,river,6.4,unnamed waterway
166310997,-1359,river,21.1,Canisbay Creek
2163205,-1359,river,28.2,Canisbay Creek
166310994,-1360,river,0.0,unnamed waterway
75366417,-1361,river,4.0,Okahan Creek
166072957,-1361,river,0.0,Okahan Creek
166072957,-1362,river,21.1,Okahan Creek
2212745,-1362,river,0.0,Okahan Creek
75367627,-1363,river,18.2,unnamed waterway
2212745,-1363,river,20.3,unnamed waterway
2148867,-1364,river,22.5,Okahan Creek
2212745,-1364,river,15.5,Okahan Creek
166183084,-1365,river,0.0,Jack Creek
9379352,-1365,river,17.2,Jack Creek
166076163,-1366,river,5.1,unnamed waterway
9379352,-1366,river,17.0,unnamed waterway
2214853,-1368,river,21.2,unnamed waterway
166078599,-1368,river,0.0,unnamed waterway
166078663,-1369,river,19.4,unnamed waterway
166078722,-1370,river,6.4,unnamed waterway
2213002,-1371,river,25.8,unnamed waterway
3378614,-1371,river,17.2,unnamed waterway
166089993,-1372,river,0.0,unnamed waterway
166090034,-1373,river,23.9,Longspur Creek
2213003,-1373,river,25.8,Longspur Creek
166090418,-1374,river,1.0,unnamed waterway
3378614,-1374,river,26.2,unnamed waterway
166122923,-1375,river,0.0,unnamed waterway
3378614,-1375,river,26.9,unnamed waterway
166123042,-1376,river,22.8,unnamed waterway
3378614,-1376,river,4.0,unnamed waterway
166123211,-1377,river,0.0,unnamed waterway
3378614,-1377,river,13.0,unnamed waterway
166122419,-1378,river,22.6,unnamed waterway
166122442,-1378,river,25.5,unnamed waterway
2213666,-1378,river,23.0,unnamed waterway
166122419,-1379,river,3.6,unnamed waterway
2213666,-1380,river,17.0,unnamed waterway
166122754,-1381,river,0.0,unnamed waterway
166122841,-1381,river,14.3,unnamed waterway
166122797,-1382,river,0.0,unnamed waterway
166122841,-1382,river,1.0,unnamed waterway
166122841,-1383,river,19.4,unnamed waterway
166122907,-1383,river,7.2,unnamed waterway
2213666,-1384,river,6.8,unnamed waterway
166122983,-1385,river,2.2,unnamed waterway
2213684,-1385,river,0.0,unnamed waterway
166123042,-1386,river,2.2,unnamed waterway
166123213,-1386,river,23.4,unnamed waterway
166123294,-1386,river,22.0,unnamed waterway
166123350,-1387,river,25.5,unnamed waterway
2216561,-1388,river,25.5,unnamed waterway
2216559,-1389,river,17.7,unnamed waterway
166125419,-1390,river,7.2,unnamed waterway
166187171,-1390,river,27.1,unnamed waterway
74384857,-1391,river,28.2,Longspur Creek
2214711,-1391,river,20.2,Longspur Creek
166183173,-1392,river,0.0,unnamed waterway
2214711,-1392,river,24.1,unnamed waterway
166184304,-1393,river,5.8,unnamed waterway
74712837,-1394,river,8.0,unnamed waterway
166184333,-1394,river,2.0,unnamed waterway
2214743,-1394,river,6.3,unnamed waterway
2315488,-1394,river,8.1,unnamed waterway
166187140,-1395,river,12.3,unnamed waterway
166187265,-1395,river,0.0,unnamed waterway
2315488,-1396,river,23.0,unnamed waterway
2315488,-1397,river,21.7,unnamed waterway
180753150,-1398,river,23.6,unnamed waterway
74454894,-1398,river,11.6,unnamed waterway
166187364,-1398,river,5.0,unnamed waterway
2214782,-1399,river,0.0,unnamed waterway
2315488,-1399,river,24.3,unnamed waterway
2214848,-1400,river,24.0,unnamed waterway
166237910,-1400,river,0.0,unnamed waterway
2214853,-1401,river,29.1,Fin Creek
13995950,-1401,river,10.2,Fin Creek
13995950,-1402,river,18.9,Fin Creek
166189501,-1403,river,0.0,Mosquito Creek
2214853,-1404,river,17.0,Mosquito Creek
166189501,-1404,river,23.2,Mosquito Creek
166189510,-1405,river,0.0,unnamed waterway
166189516,-1405,river,25.7,unnamed waterway
2214853,-1406,river,0.0,unnamed waterway
166189519,-1406,river,0.0,unnamed waterway
166189519,-1407,river,23.7,unnamed waterway
2214855,-1407,river,13.0,unnamed waterway
9379383,-1408,river,21.1,unnamed waterway
166189549,-1408,river,0.0,unnamed waterway
166189548,-1409,river,18.0,unnamed waterway
166189554,-1409,river,3.6,unnamed waterway
166189648,-1410,river,0.0,unnamed waterway
166189715,-1410,river,0.0,unnamed waterway
75080945,-1411,river,14.8,unnamed waterway
75083199,-1411,river,26.0,unnamed waterway
75097670,-1411,river,20.8,unnamed waterway
166189648,-1411,river,19.2,unnamed waterway
166189708,-1412,river,0.0,unnamed waterway
166189708,-1413,river,24.2,unnamed waterway
2214855,-1413,river,19.0,unnamed waterway
2214855,-1414,river,11.2,unnamed waterway
166189750,-1415,river,24.1,unnamed waterway
2214857,-1415,river,5.1,unnamed waterway
166189752,-1416,river,17.0,unnamed waterway
166307951,-1418,river,0.0,unnamed waterway
166307956,-1418,river,2.0,unnamed waterway
166307956,-1419,river,24.7,unnamed waterway
166307962,-1419,river,0.0,unnamed waterway
166307962,-1420,river,25.3,unnamed waterway
166308000,-1421,river,25.8,unnamed waterway
166307992,-1422,river,22.5,unnamed waterway
166308000,-1422,river,27.0,unnamed waterway
166307992,-1423,river,24.5,unnamed waterway
166308014,-1423,river,23.2,unnamed waterway
166307937,-1424,river,20.0,unnamed waterway
166307992,-1424,river,6.3,unnamed waterway
166307997,-1424,river,0.0,unnamed waterway
166307937,-1425,river,18.9,unnamed waterway
166308015,-1426,river,18.8,unnamed waterway
74890246,-1427,river,10.9,Kearney Creek
166307937,-1427,river,18.0,Kearney Creek
166308012,-1427,river,17.3,Kearney Creek
166308025,-1429,river,0.0,Sunday Creek
1151256,-1429,river,19.0,Sunday Creek
166308025,-1430,river,18.0,Sunday Creek
166308033,-1430,river,0.0,Sunday Creek
166308051,-1430,river,0.0,Sunday Creek
166308053,-1430,river,8.5,Sunday Creek
166308033,-1431,river,15.3,unnamed waterway
166308063,-1431,river,5.0,unnamed waterway
2216554,-1431,river,0.0,unnamed waterway
74887647,-1432,river,6.6,unnamed waterway
166308053,-1433,river,14.2,unnamed waterway
166308057,-1434,river,0.0,unnamed waterway
166308067,-1435,river,9.0,unnamed waterway
166308067,-1436,river,20.1,unnamed waterway
166308070,-1436,river,0.0,unnamed waterway
166308070,-1437,river,20.6,unnamed waterway
2212857,-1437,river,25.6,unnamed waterway
2212857,-1438,river,7.2,unnamed waterway
166665825,-1439,river,1.4,unnamed waterway
166665828,-1440,river,22.5,unnamed waterway
166665891,-1441,river,26.4,unnamed waterway
2221713,-1442,river,0.0,unnamed waterway
166665908,-1443,river,18.3,unnamed waterway
166665908,-1444,river,1.0,Linda Creek
2221713,-1444,river,19.1,Linda Creek
166665908,-1445,river,24.5,unnamed waterway
2221713,-1446,river,24.3,unnamed waterway
2221713,-1447,river,16.3,unnamed waterway
173382476,-1448,river,27.5,unnamed waterway
2315488,-1448,river,23.4,unnamed waterway
74714038,-1449,river,17.0,unnamed waterway
173382476,-1449,river,15.3,unnamed waterway
74748826,-1450,river,7.3,unnamed waterway
74808042,-1450,river,21.1,unnamed waterway
2315488,-1450,river,25.5,unnamed waterway
2406676,-1451,river,17.9,unnamed waterway
2406676,-1452,river,22.5,unnamed waterway
2406676,-1453,river,18.0,unnamed waterway
2406676,-1454,river,17.0,unnamed waterway
2408816,-1455,river,16.2,unnamed waterway
2408816,-1456,river,3.1,unnamed waterway
6529634,-1457,river,16.6,unnamed waterway
75403363,-1458,river,14.8,Abbe Creek
180562725,-1458,river,0.0,Abbe Creek
180562728,-1458,river,18.0,Abbe Creek
180562730,-1458,river,0.0,Abbe Creek
180562728,-1459,river,8.5,unnamed waterway
180562713,-1460,river,0.0,Farncomb Creek
180569536,-1461,river,24.4,unnamed waterway
2409417,-1461,river,28.2,unnamed waterway
2409417,-1462,river,22.4,unnamed waterway
2409417,-1463,river,22.8,unnamed waterway
2409417,-1464,river,24.1,unnamed waterway
2409417,-1465,river,5.0,unnamed waterway
2409417,-1466,river,23.5,unnamed waterway
2409417,-1467,river,21.2,unnamed waterway
180569686,-1468,river,27.5,unnamed waterway
2409423,-1469,river,26.1,unnamed waterway
180602950,-1470,river,17.1,unnamed waterway
2974105,-1470,river,20.5,unnamed waterway
2410000,-1471,river,26.2,unnamed waterway
2974045,-1471,river,25.6,unnamed waterway
2409751,-1472,river,21.2,unnamed waterway
180625901,-1473,river,9.1,unnamed waterway
2409999,-1473,river,0.0,unnamed waterway
2974045,-1473,river,26.1,unnamed waterway
180626153,-1474,river,0.0,unnamed waterway
2410000,-1474,river,17.8,unnamed waterway
180753009,-1475,river,0.0,Dizzy Creek
180752961,-1475,river,24.0,Dizzy Creek
180902866,-1476,river,25.1,unnamed waterway
2415686,-1477,river,22.4,unnamed waterway
2415686,-1478,river,21.0,unnamed waterway
74805309,-1479,river,0.0,unnamed waterway
2415716,-1479,river,24.1,unnamed waterway
2415716,-1480,river,20.5,unnamed waterway
181010304,-1481,river,28.1,unnamed waterway
181010364,-1482,river,15.0,unnamed waterway
5828372,-1482,river,4.8,unnamed waterway
181022767,-1483,river,5.0,unnamed waterway
5828372,-1483,river,15.1,unnamed waterway
181022852,-1484,river,23.8,unnamed waterway
2415819,-1484,river,19.0,unnamed waterway
2415716,-1485,river,21.2,unnamed waterway
1154075,-1486,river,1.4,unnamed waterway
181023556,-1486,river,16.5,unnamed waterway
181023576,-1487,river,5.0,unnamed waterway
181023576,-1488,river,23.7,unnamed waterway
181023578,-1488,river,5.4,unnamed waterway
181023627,-1489,river,25.0,unnamed waterway
181023627,-1490,river,23.8,unnamed waterway
166187203,-1491,river,5.1,Madawaska River
2315488,-1491,river,25.8,Madawaska River
2216559,-1492,river,15.2,Madawaska River
166125392,-1492,river,15.1,Madawaska River
104130761,-1493,river,0.0,Petawawa River
1474867,-1493,river,0.0,Petawawa River
6462738,-1493,river,20.1,Petawawa River
3379405,-1494,river,0.0,Little Madawaska River
6529609,-1494,river,19.5,Little Madawaska River
104136061,-1495,river,10.6,Petawawa River
976161236,-1495,river,7.8,Petawawa River
13125166,-1495,river,20.9,Petawawa River
1474864,-1496,river,13.6,Tim River
104130663,-1496,river,0.0,Tim River
104130874,-1496,river,0.0,Tim River
1474867,-1496,river,14.8,Tim River
161469533,-1498,river,4.2,Woodcock Creek
6529634,-1498,river,13.1,Woodcock Creek
180569520,-1499,river,0.0,Crow River
2409417,-1499,river,0.0,Crow River
2409418,-1499,river,22.2,Crow River
3379405,-1500,river,0.0,unnamed waterway
180562713,-1501,river,9.8,Farncomb Creek
6529634,-1501,river,18.4,Farncomb Creek
6529634,-1502,river,18.5,unnamed waterway
1474865,-1503,river,13.4,Blue Creek
2415826,-1504,river,14.7,unnamed waterway
2415716,-1505,river,21.5,unnamed waterway
2973185,-1506,river,20.7,unnamed waterway
181688957,-1507,river,17.9,unnamed waterway
2423130,-1507,river,17.7,unnamed waterway
2973296,-1507,river,28.2,unnamed waterway
2974045,-1508,river,9.8,unnamed waterway
78413095,-1509,river,11.2,unnamed waterway
78413354,-1509,river,12.9,unnamed waterway
78413015,-1510,river,15.4,unnamed waterway
78413245,-1510,river,8.9,unnamed waterway
78413015,-1511,river,15.3,unnamed waterway
78413298,-1512,river,9.7,unnamed waterway
78413195,-1513,river,28.4,unnamed waterway
75203999,-1514,river,9.9,unnamed waterway
2415716,-1516,river,10.8,unnamed waterway
2163081,-1517,river,11.5,Dickson Creek
1155532,-1517,river,4.4,Dickson Creek
75356112,-1518,river,0.0,unnamed waterway
1155532,-1518,river,10.5,unnamed waterway
75356176,-1519,river,0.0,Dickson Creek
75363877,-1519,river,0.0,Dickson Creek
75363946,-1519,river,14.9,Dickson Creek
1155532,-1519,river,19.8,Dickson Creek
75356113,-1520,river,9.1,unnamed waterway
1155539,-1520,river,15.1,unnamed waterway
75356003,-1521,river,0.0,Alluring Creek
75356040,-1521,river,27.6,Alluring Creek
75356044,-1521,river,25.6,Alluring Creek
75356113,-1521,river,15.3,Alluring Creek
78557573,-1521,river,20.3,Alluring Creek
78557728,-1521,river,0.0,Alluring Creek
78557668,-1522,river,19.8,William Creek
78557728,-1522,river,27.6,William Creek
2163081,-1523,river,25.8,unnamed waterway
75356114,-1524,river,13.1,unnamed waterway
78413129,-1524,river,24.2,unnamed waterway
75356106,-1525,river,0.0,Goat Creek
78413017,-1525,river,0.0,Goat Creek
78413129,-1525,river,18.0,Goat Creek
75356106,-1526,river,0.0,Goat Creek
75356111,-1526,river,0.0,Goat Creek
75356040,-1527,river,0.0,unnamed waterway
75356216,-1527,river,19.0,unnamed waterway
2163081,-1528,river,17.7,Cony Creek
75355988,-1528,river,26.9,Cony Creek
75363928,-1529,river,0.0,Petawawa River
75364138,-1529,river,0.0,Petawawa River
75364154,-1529,river,21.9,Petawawa River
78568246,-1529,river,13.7,Petawawa River
78578569,-1529,river,28.2,Petawawa River
78588190,-1529,river,13.4,Petawawa River
1155644,-1529,river,0.0,Petawawa River
1187447,-1529,river,5.0,Petawawa River
75364114,-1530,river,22.8,unnamed waterway
75364138,-1530,river,11.0,unnamed waterway
75363927,-1531,river,19.9,unnamed waterway
75363980,-1531,river,17.6,unnamed waterway
75364202,-1532,river,28.8,unnamed waterway
75364350,-1532,river,18.8,unnamed waterway
75364203,-1533,river,0.0,unnamed waterway
75364228,-1533,river,0.0,unnamed waterway
709359738,-1533,river,9.9,unnamed waterway
75363933,-1534,river,0.0,Shangashi Creek
75364069,-1534,river,0.0,Shangashi Creek
75364154,-1534,river,16.1,Shangashi Creek
75364154,-1535,river,0.0,Sundassa Creek
1155571,-1535,river,10.3,Sundassa Creek
75364069,-1536,river,12.8,unnamed waterway
75364226,-1536,river,0.0,unnamed waterway
1155573,-1537,river,0.0,unnamed waterway
75364262,-1537,river,0.0,unnamed waterway
75364269,-1537,river,10.6,unnamed waterway
75364279,-1537,river,20.4,unnamed waterway
1155573,-1538,river,21.0,Skylark Creek
75363928,-1538,river,0.0,Skylark Creek
1155573,-1539,river,20.3,unnamed waterway
75364339,-1539,river,21.7,unnamed waterway
75363891,-1540,river,27.9,unnamed waterway
75364036,-1540,river,0.0,unnamed waterway
75364350,-1540,river,10.3,unnamed waterway
1155571,-1540,river,29.7,unnamed waterway
75363946,-1541,river,0.0,unnamed waterway
1155576,-1541,river,14.8,unnamed waterway
75366602,-1542,river,25.7,unnamed waterway
1155644,-1542,river,0.8,unnamed waterway
1187447,-1543,river,22.2,unnamed waterway
75367680,-1544,river,19.8,Wagtail Creek
75489657,-1544,river,0.0,Wagtail Creek
75489665,-1545,river,25.2,unnamed waterway
78578338,-1545,river,28.2,unnamed waterway
78578220,-1546,river,0.0,Paul Creek
78578415,-1547,river,0.0,unnamed waterway
78415054,-1548,river,28.6,Bridle Creek
1186079,-1548,river,27.6,Bridle Creek
3376430,-1548,river,21.2,Bridle Creek
78412461,-1549,river,20.8,unnamed waterway
78412627,-1549,river,0.0,unnamed waterway
78413195,-1550,river,27.6,unnamed waterway
78412632,-1550,river,0.0,unnamed waterway
1186076,-1551,river,11.8,unnamed waterway
78412680,-1551,river,0.0,unnamed waterway
78412528,-1552,river,14.9,unnamed waterway
78412627,-1553,river,26.2,unnamed waterway
78412680,-1553,river,0.0,unnamed waterway
78412595,-1554,river,0.0,unnamed waterway
78412601,-1554,river,0.0,unnamed waterway
1186076,-1555,river,8.1,unnamed waterway
78412588,-1555,river,0.0,unnamed waterway
78412497,-1556,river,0.0,Bridle Creek
1186079,-1556,river,0.0,Bridle Creek
78412694,-1557,river,27.8,unnamed waterway
78412655,-1558,river,12.8,unnamed waterway
78412669,-1558,river,18.4,unnamed waterway
1186099,-1559,river,17.5,Goat Creek
78413017,-1559,river,0.0,Goat Creek
78413160,-1559,river,15.3,Goat Creek
78413203,-1559,river,0.0,Goat Creek
78413219,-1559,river,25.2,Goat Creek
3376432,-1559,river,25.4,Goat Creek
78413143,-1560,river,17.2,unnamed waterway
78413093,-1561,river,21.7,unnamed waterway
78413002,-1562,river,15.9,unnamed waterway
78413132,-1562,river,0.0,unnamed waterway
78413154,-1563,river,0.0,unnamed waterway
3376432,-1563,river,20.0,unnamed waterway
78413960,-1564,river,0.0,Aylen River
78413987,-1564,river,23.4,Aylen River
78414010,-1564,river,25.9,Aylen River
78414070,-1564,river,28.7,Aylen River
78414121,-1564,river,13.3,Aylen River
78414230,-1564,river,22.7,Aylen River
78415112,-1564,river,23.7,Aylen River
78415131,-1564,river,14.0,Aylen River
78415171,-1564,river,17.2,Aylen River
251662778,-1564,river,0.0,Aylen River
78414130,-1565,river,0.0,Fairy Creek
78414269,-1565,river,0.0,Fairy Creek
78413938,-1566,river,24.1,unnamed waterway
78557891,-1566,river,7.9,unnamed waterway
78414244,-1567,river,0.0,Chewink Creek
78414262,-1567,river,0.0,Chewink Creek
78414240,-1568,river,0.0,Chewink Creek
78414262,-1568,river,15.0,Chewink Creek
3376432,-1568,river,24.0,Chewink Creek
78414073,-1569,river,0.0,unnamed waterway
1186131,-1569,river,0.0,unnamed waterway
1186135,-1569,river,7.1,unnamed waterway
78414135,-1570,river,19.4,unnamed waterway
3376428,-1570,river,0.0,unnamed waterway
78414133,-1571,river,17.2,Chewink Creek
1186135,-1571,river,0.0,Chewink Creek
78414067,-1572,river,0.0,Ryan Creek
1186190,-1572,river,13.4,Ryan Creek
78413998,-1573,river,24.7,unnamed waterway
78414220,-1573,river,20.9,unnamed waterway
78413938,-1574,river,4.4,unnamed waterway
78414220,-1575,river,0.0,unnamed waterway
78414234,-1575,river,20.0,unnamed waterway
78414060,-1576,river,0.0,unnamed waterway
78414099,-1576,river,0.0,unnamed waterway
78413945,-1577,river,16.8,Chewink Creek
78414133,-1577,river,17.6,Chewink Creek
78414029,-1578,river,21.7,Hidden Creek
78414224,-1578,river,0.0,Hidden Creek
78414010,-1579,river,17.3,unnamed waterway
251662781,-1579,river,0.0,unnamed waterway
78414194,-1580,river,0.0,Fairy Creek
78557855,-1580,river,10.6,Fairy Creek
1186190,-1581,river,0.0,Ryan Creek
3376432,-1581,river,0.0,Ryan Creek
78415046,-1583,river,13.2,unnamed waterway
78415235,-1584,river,0.0,unnamed waterway
3376429,-1584,river,22.5,unnamed waterway
3376432,-1584,river,0.0,unnamed waterway
78415083,-1585,river,22.1,Robin Creek
3376429,-1585,river,0.0,Robin Creek
78415263,-1586,river,1.1,unnamed waterway
78427523,-1586,river,0.0,unnamed waterway
1186182,-1586,river,0.0,unnamed waterway
78415050,-1587,river,14.1,unnamed waterway
78415253,-1587,river,15.5,unnamed waterway
78427479,-1587,river,0.0,unnamed waterway
1186182,-1587,river,7.5,unnamed waterway
78415149,-1588,river,0.0,Shall Creek
3376431,-1588,river,22.5,Shall Creek
1186182,-1589,river,21.1,Oram Creek
1186182,-1590,river,18.8,Oram Creek
3376431,-1590,river,0.0,Oram Creek
78415046,-1592,river,0.0,unnamed waterway
78423842,-1593,river,11.5,McCarthy Creek
78423884,-1593,river,0.0,McCarthy Creek
78423900,-1593,river,0.0,McCarthy Creek
78423935,-1593,river,0.0,McCarthy Creek
78423992,-1593,river,0.0,McCarthy Creek
78424016,-1593,river,12.8,McCarthy Creek
78412595,-1594,river,0.0,Oram Creek
78423751,-1594,river,0.0,Oram Creek
78423884,-1595,river,18.7,unnamed waterway
78412483,-1596,river,12.5,unnamed waterway
78424097,-1596,river,0.0,unnamed waterway
1187447,-1597,river,19.0,unnamed waterway
75489657,-1598,river,29.2,Wagtail Creek
78528446,-1598,river,25.3,Wagtail Creek
78557832,-1599,river,18.8,Gross Creek
104748262,-1599,river,18.5,Gross Creek
104748305,-1599,river,11.2,Gross Creek
104748340,-1599,river,25.8,Gross Creek
78557655,-1600,river,0.0,unnamed waterway
78557891,-1600,river,15.3,unnamed waterway
78558053,-1601,river,0.0,unnamed waterway
78558064,-1601,river,18.6,unnamed waterway
78557599,-1602,river,7.7,unnamed waterway
78557886,-1602,river,15.4,unnamed waterway
75364154,-1603,river,13.1,White Partridge Creek
78557554,-1603,river,0.0,White Partridge Creek
78557573,-1603,river,20.7,White Partridge Creek
78557783,-1604,river,28.7,unnamed waterway
78557800,-1604,river,29.7,unnamed waterway
78557573,-1605,river,0.0,unnamed waterway
78557837,-1605,river,29.6,unnamed waterway
78557886,-1606,river,28.8,unnamed waterway
78558064,-1606,river,8.9,unnamed waterway
78557854,-1607,river,7.2,unnamed waterway
482006184,-1607,river,20.9,unnamed waterway
78567825,-1608,river,0.0,Travers Creek
78567933,-1608,river,20.1,Travers Creek
78567944,-1608,river,11.9,Travers Creek
104800457,-1608,river,18.7,Travers Creek
78567789,-1609,river,0.0,Gross Creek
78568065,-1609,river,29.6,Gross Creek
75364154,-1610,river,0.0,Kago Creek
78567695,-1610,river,18.2,Kago Creek
78568120,-1611,river,0.0,Greenleaf Creek
1187854,-1611,river,0.0,Greenleaf Creek
78567940,-1612,river,9.1,Gross Creek
78568065,-1612,river,24.4,Gross Creek
78567708,-1613,river,0.0,unnamed waterway
78568143,-1613,river,0.0,unnamed waterway
1187855,-1613,river,17.0,unnamed waterway
78567924,-1614,river,19.2,unnamed waterway
78567957,-1614,river,0.0,unnamed waterway
78568027,-1614,river,20.0,unnamed waterway
78567760,-1615,river,12.6,Gross Creek
78567927,-1615,river,22.2,Gross Creek
104793900,-1615,river,21.6,Gross Creek
482006220,-1615,river,15.9,Gross Creek
78567944,-1616,river,24.0,unnamed waterway
1187857,-1616,river,12.8,unnamed waterway
75364154,-1617,river,12.6,unnamed waterway
78567852,-1617,river,17.5,unnamed waterway
78567825,-1618,river,0.0,unnamed waterway
78568058,-1618,river,25.7,unnamed waterway
78567916,-1619,river,0.0,unnamed waterway
78568113,-1619,river,24.1,unnamed waterway
78577781,-1620,river,0.0,unnamed waterway
78577856,-1620,river,18.9,unnamed waterway
78578532,-1620,river,16.8,unnamed waterway
78577719,-1621,river,24.4,Travers Creek
78577783,-1621,river,29.8,Travers Creek
78577826,-1621,river,24.1,Travers Creek
78578231,-1621,river,23.5,Travers Creek
78578286,-1621,river,15.5,Travers Creek
78578598,-1621,river,19.8,Travers Creek
78588399,-1621,river,27.3,Travers Creek
104800457,-1621,river,16.2,Travers Creek
104800468,-1621,river,0.0,Travers Creek
104800469,-1621,river,25.8,Travers Creek
6463262,-1621,river,27.7,Travers Creek
78578028,-1622,river,15.3,unnamed waterway
78578191,-1622,river,12.0,unnamed waterway
78578557,-1623,river,0.0,North Dawn Creek
78577763,-1624,river,13.7,unnamed waterway
78578548,-1624,river,19.5,unnamed waterway
78577814,-1625,river,0.0,unnamed waterway
78577882,-1625,river,0.0,unnamed waterway
78578090,-1626,river,26.7,unnamed waterway
78578095,-1626,river,21.6,unnamed waterway
78577717,-1627,river,20.8,unnamed waterway
78577783,-1627,river,26.6,unnamed waterway
1187949,-1627,river,18.5,unnamed waterway
78578504,-1628,river,27.9,unnamed waterway
78578543,-1628,river,16.3,unnamed waterway
78577717,-1629,river,11.9,unnamed waterway
78578226,-1629,river,0.0,unnamed waterway
78578297,-1630,river,0.0,North Dawn Creek
78578557,-1630,river,0.0,North Dawn Creek
78577719,-1631,river,0.0,unnamed waterway
78578577,-1631,river,25.4,unnamed waterway
78578398,-1632,river,0.0,Dawn Creek
1187944,-1632,river,26.5,Dawn Creek
78578028,-1633,river,18.4,unnamed waterway
78578527,-1633,river,19.2,unnamed waterway
78578242,-1634,river,0.0,McNorton Creek
78578579,-1634,river,7.9,McNorton Creek
78578537,-1635,river,0.0,unnamed waterway
78578589,-1635,river,19.0,unnamed waterway
78577731,-1636,river,16.8,unnamed waterway
1187947,-1636,river,16.8,unnamed waterway
78578226,-1637,river,23.9,unnamed waterway
78578543,-1637,river,18.9,unnamed waterway
78577826,-1638,river,6.2,Dawn Creek
78578398,-1638,river,0.0,Dawn Creek
78578491,-1639,river,20.3,unnamed waterway
78578532,-1639,river,29.2,unnamed waterway
78588425,-1640,river,0.0,unnamed waterway
78589265,-1640,river,0.0,unnamed waterway
104741647,-1641,river,0.0,unnamed waterway
104741669,-1641,river,23.7,unnamed waterway
104741688,-1641,river,25.7,unnamed waterway
104741692,-1641,river,0.0,unnamed waterway
104741680,-1642,river,20.8,unnamed waterway
104741697,-1642,river,0.0,unnamed waterway
104741634,-1643,river,19.3,Aylen River
104741656,-1643,river,24.9,Aylen River
104741663,-1643,river,20.9,Aylen River
104741690,-1643,river,0.2,Aylen River
3375600,-1643,river,0.0,Aylen River
482006179,-1644,river,23.0,unnamed waterway
482006162,-1645,river,23.7,unnamed waterway
3376458,-1645,river,16.9,unnamed waterway
104741645,-1646,river,0.0,unnamed waterway
104741690,-1646,river,0.0,unnamed waterway
78415249,-1648,river,23.1,Aylen River
104741633,-1648,river,13.6,Aylen River
104741692,-1648,river,23.7,Aylen River
104741643,-1649,river,23.8,unnamed waterway
104741690,-1649,river,0.0,unnamed waterway
104741656,-1650,river,0.0,unnamed waterway
104741691,-1650,river,20.8,unnamed waterway
104741660,-1651,river,0.0,unnamed waterway
482006162,-1651,river,0.0,unnamed waterway
104741644,-1652,river,29.2,unnamed waterway
104742125,-1652,river,25.5,unnamed waterway
104741661,-1653,river,22.2,unnamed waterway
104741689,-1654,river,19.9,unnamed waterway
104741690,-1654,river,24.6,unnamed waterway
104741675,-1655,river,0.0,unnamed waterway
104741690,-1655,river,0.0,unnamed waterway
104742269,-1657,river,0.0,Wilkins Creek
1482897,-1657,river,0.0,Wilkins Creek
104742264,-1658,river,23.7,unnamed waterway
104742374,-1658,river,0.0,unnamed waterway
104742392,-1658,river,4.4,unnamed waterway
104742140,-1659,river,23.0,Hogan Creek
104742300,-1659,river,20.0,Hogan Creek
104742397,-1659,river,17.5,Hogan Creek
104742136,-1660,river,27.4,unnamed waterway
104742260,-1660,river,15.8,unnamed waterway
104742264,-1660,river,14.7,unnamed waterway
104742321,-1660,river,14.0,unnamed waterway
1482891,-1660,river,21.7,unnamed waterway
1482896,-1660,river,0.0,unnamed waterway
104742197,-1661,river,0.0,Wilkins Creek
104742351,-1661,river,19.0,Wilkins Creek
104742326,-1662,river,27.8,unnamed waterway
3376458,-1662,river,18.0,unnamed waterway
104743388,-1663,river,20.3,unnamed waterway
1482897,-1663,river,18.4,unnamed waterway
104742397,-1664,river,8.9,unnamed waterway
104742413,-1664,river,0.0,unnamed waterway
104742284,-1665,river,19.4,unnamed waterway
1482896,-1665,river,19.7,unnamed waterway
104742197,-1666,river,26.1,Wilkins Creek
104742269,-1666,river,0.0,Wilkins Creek
104742320,-1667,river,7.1,unnamed waterway
104742370,-1667,river,22.7,unnamed waterway
104741973,-1668,river,21.8,unnamed waterway
104742237,-1668,river,24.9,unnamed waterway
104747979,-1668,river,21.8,unnamed waterway
1482897,-1669,river,0.0,Wilkins Creek
3376458,-1669,river,23.1,Wilkins Creek
104742373,-1670,river,13.8,unnamed waterway
104748159,-1670,river,0.0,unnamed waterway
104743104,-1671,river,5.6,unnamed waterway
104743299,-1671,river,0.0,unnamed waterway
482006161,-1671,river,26.0,unnamed waterway
104743264,-1672,river,29.0,unnamed waterway
1482915,-1672,river,23.3,unnamed waterway
104743299,-1673,river,0.0,unnamed waterway
104743157,-1674,river,0.0,unnamed waterway
104743296,-1674,river,0.0,unnamed waterway
104743410,-1675,river,0.0,unnamed waterway
482006156,-1675,river,0.0,unnamed waterway
1482915,-1675,river,23.1,unnamed waterway
104743394,-1676,river,0.0,unnamed waterway
104743402,-1676,river,18.0,unnamed waterway
104743237,-1677,river,0.0,Dupuis Creek
482006206,-1677,river,17.8,Dupuis Creek
104743280,-1678,river,0.0,unnamed waterway
104743388,-1678,river,27.2,unnamed waterway
104743216,-1679,river,20.3,unnamed waterway
104794719,-1679,river,28.2,unnamed waterway
104743157,-1680,river,20.0,unnamed waterway
104743402,-1680,river,0.0,unnamed waterway
104746276,-1681,river,18.6,unnamed waterway
104746597,-1681,river,13.3,unnamed waterway
3376458,-1682,river,0.0,unnamed waterway
104746395,-1683,river,8.5,unnamed waterway
104746077,-1684,river,8.8,unnamed waterway
104748207,-1685,river,17.8,unnamed waterway
104748316,-1685,river,15.6,unnamed waterway
104748327,-1685,river,16.1,unnamed waterway
104748345,-1685,river,5.8,unnamed waterway
104748466,-1685,river,18.9,unnamed waterway
104748516,-1685,river,0.0,unnamed waterway
104748026,-1686,river,4.9,unnamed waterway
104748056,-1686,river,25.1,unnamed waterway
104748072,-1686,river,0.0,unnamed waterway
104748214,-1687,river,0.0,unnamed waterway
104748464,-1687,river,0.0,unnamed waterway
104748214,-1688,river,21.1,unnamed waterway
104748514,-1688,river,18.1,unnamed waterway
104748518,-1688,river,17.8,unnamed waterway
104748123,-1689,river,13.4,unnamed waterway
104748311,-1689,river,0.0,unnamed waterway
104748023,-1690,river,0.0,unnamed waterway
104748323,-1690,river,20.3,unnamed waterway
104791906,-1690,river,0.0,unnamed waterway
104742006,-1691,river,15.3,unnamed waterway
104748199,-1691,river,15.3,unnamed waterway
104748460,-1691,river,27.9,unnamed waterway
104747988,-1692,river,15.8,unnamed waterway
1482987,-1692,river,17.8,unnamed waterway
1482988,-1692,river,0.0,unnamed waterway
104748206,-1693,river,0.0,McGuire Creek
104748312,-1693,river,7.9,McGuire Creek
104748434,-1694,river,8.0,unnamed waterway
104748445,-1694,river,24.7,unnamed waterway
104748519,-1694,river,17.8,unnamed waterway
104748120,-1695,river,27.2,Feely Creek
104748127,-1695,river,17.9,Feely Creek
104793862,-1695,river,26.9,Feely Creek
104748362,-1696,river,0.0,unnamed waterway
104748491,-1696,river,18.8,unnamed waterway
104795228,-1696,river,16.7,unnamed waterway
104748051,-1697,river,15.0,unnamed waterway
104748220,-1697,river,4.9,unnamed waterway
104748159,-1698,river,27.8,McGuire Creek
104748341,-1698,river,22.7,McGuire Creek
104741973,-1699,river,23.0,unnamed waterway
104747979,-1699,river,23.3,unnamed waterway
104748454,-1699,river,24.8,unnamed waterway
104748073,-1700,river,21.3,unnamed waterway
104748215,-1700,river,0.0,unnamed waterway
104748138,-1701,river,27.3,unnamed waterway
104748354,-1701,river,0.0,unnamed waterway
104794440,-1701,river,0.0,unnamed waterway
104794719,-1701,river,0.0,unnamed waterway
104748329,-1702,river,0.0,unnamed waterway
104748344,-1702,river,9.3,unnamed waterway
104748518,-1702,river,0.0,unnamed waterway
104748197,-1703,river,26.6,Batise Creek
104748351,-1703,river,27.1,Batise Creek
104792934,-1703,river,0.0,Batise Creek
104748230,-1704,river,0.0,unnamed waterway
104748350,-1704,river,0.0,unnamed waterway
104748362,-1705,river,24.4,unnamed waterway
482006203,-1705,river,19.2,unnamed waterway
104748372,-1706,river,0.0,unnamed waterway
104748453,-1706,river,17.2,unnamed waterway
104748049,-1707,river,28.0,unnamed waterway
104748088,-1707,river,24.4,unnamed waterway
104748063,-1708,river,10.2,unnamed waterway
104748122,-1708,river,25.0,unnamed waterway
104748170,-1709,river,23.7,unnamed waterway
104748563,-1709,river,0.0,unnamed waterway
104748091,-1710,river,0.0,unnamed waterway
104748428,-1710,river,25.2,unnamed waterway
104748428,-1711,river,11.5,unnamed waterway
104748566,-1711,river,0.0,unnamed waterway
104748007,-1712,river,23.9,unnamed waterway
104748372,-1712,river,0.0,unnamed waterway
104748036,-1713,river,0.0,unnamed waterway
104748380,-1713,river,15.9,unnamed waterway
104748056,-1714,river,21.0,unnamed waterway
104748220,-1714,river,8.8,unnamed waterway
104748336,-1715,river,0.0,Batise Creek
104748339,-1715,river,19.9,Batise Creek
104748314,-1716,river,18.6,unnamed waterway
104748345,-1716,river,0.0,unnamed waterway
104748170,-1717,river,18.5,unnamed waterway
104748311,-1717,river,0.0,unnamed waterway
104748138,-1718,river,8.4,unnamed waterway
104748215,-1718,river,0.0,unnamed waterway
104748204,-1719,river,0.0,unnamed waterway
104748460,-1719,river,0.0,unnamed waterway
104748340,-1720,river,21.3,Gross Creek
104793900,-1720,river,17.8,Gross Creek
104792435,-1721,river,12.8,Carcajou Creek
104792616,-1721,river,24.8,Carcajou Creek
104793101,-1721,river,20.3,Carcajou Creek
104793226,-1721,river,20.3,Carcajou Creek
104793614,-1721,river,0.0,Carcajou Creek
104795021,-1721,river,0.0,Carcajou Creek
104795353,-1721,river,23.3,Carcajou Creek
21116144,-1721,river,0.0,Carcajou Creek
104791888,-1722,river,22.7,unnamed waterway
104794651,-1722,river,0.0,unnamed waterway
104795021,-1722,river,21.7,unnamed waterway
104793062,-1723,river,17.6,unnamed waterway
104802736,-1723,river,5.8,unnamed waterway
482006191,-1723,river,21.1,unnamed waterway
104792154,-1724,river,0.0,unnamed waterway
104792478,-1724,river,18.6,unnamed waterway
104792616,-1724,river,24.0,unnamed waterway
104795139,-1724,river,14.6,unnamed waterway
104795173,-1724,river,0.0,unnamed waterway
104791906,-1725,river,13.7,unnamed waterway
104795072,-1725,river,22.7,unnamed waterway
104795119,-1725,river,0.0,unnamed waterway
104795262,-1725,river,27.9,unnamed waterway
104791933,-1726,river,10.1,unnamed waterway
104793108,-1726,river,12.9,unnamed waterway
104793347,-1726,river,30.0,unnamed waterway
104793101,-1727,river,0.0,unnamed waterway
104793738,-1727,river,21.4,unnamed waterway
104792801,-1728,river,25.4,unnamed waterway
104793438,-1728,river,23.9,unnamed waterway
104793989,-1728,river,20.9,unnamed waterway
104792779,-1729,river,0.0,Feely Creek
104792875,-1729,river,4.9,Feely Creek
104793862,-1729,river,0.0,Feely Creek
104792396,-1730,river,16.2,unnamed waterway
104795228,-1730,river,21.3,unnamed waterway
104795349,-1730,river,0.0,unnamed waterway
104791933,-1731,river,0.0,unnamed waterway
104794552,-1731,river,0.0,unnamed waterway
482006185,-1731,river,27.2,unnamed waterway
104792350,-1732,river,0.0,unnamed waterway
104794953,-1732,river,0.0,unnamed waterway
482006167,-1732,river,23.4,unnamed waterway
104793274,-1733,river,0.0,unnamed waterway
104794552,-1733,river,0.0,unnamed waterway
104795031,-1733,river,0.0,unnamed waterway
104792854,-1734,river,17.3,unnamed waterway
104793132,-1734,river,18.9,unnamed waterway
482006197,-1734,river,0.0,unnamed waterway
104792248,-1735,river,15.0,unnamed waterway
104793307,-1735,river,11.2,unnamed waterway
104792300,-1736,river,23.0,unnamed waterway
104792596,-1736,river,6.3,unnamed waterway
104793274,-1737,river,27.9,unnamed waterway
104795051,-1737,river,28.2,unnamed waterway
104792096,-1738,river,15.1,unnamed waterway
104792161,-1738,river,9.9,unnamed waterway
104794552,-1738,river,0.0,unnamed waterway
104792875,-1739,river,0.0,Feely Creek
104794097,-1739,river,20.7,Feely Creek
104793384,-1740,river,0.0,unnamed waterway
104794552,-1740,river,10.4,unnamed waterway
104792854,-1741,river,0.0,unnamed waterway
104795321,-1741,river,22.9,unnamed waterway
104793989,-1742,river,23.7,unnamed waterway
104795344,-1742,river,18.4,unnamed waterway
104794097,-1743,river,20.7,unnamed waterway
482006171,-1743,river,0.0,unnamed waterway
104792635,-1744,river,18.2,unnamed waterway
104793307,-1744,river,18.3,unnamed waterway
104795014,-1745,river,28.8,unnamed waterway
104794097,-1746,river,0.0,unnamed waterway
104795311,-1746,river,21.1,unnamed waterway
104792058,-1747,river,15.0,unnamed waterway
104793372,-1747,river,12.5,unnamed waterway
482006238,-1748,river,0.0,unnamed waterway
482006241,-1748,river,25.5,unnamed waterway
104792435,-1749,river,0.0,unnamed waterway
104792538,-1749,river,24.6,unnamed waterway
104793188,-1750,river,18.9,unnamed waterway
1483644,-1750,river,0.0,unnamed waterway
104793116,-1751,river,15.6,unnamed waterway
104800039,-1751,river,15.4,unnamed waterway
104793384,-1752,river,25.7,unnamed waterway
104791855,-1753,river,0.0,unnamed waterway
104792672,-1753,river,0.0,unnamed waterway
104794552,-1754,river,15.8,Greenleaf Creek
6463262,-1754,river,0.0,Greenleaf Creek
104793738,-1755,river,27.1,unnamed waterway
482006199,-1755,river,18.2,unnamed waterway
104793026,-1756,river,17.0,unnamed waterway
104800079,-1757,river,17.5,unnamed waterway
21116144,-1757,river,24.6,unnamed waterway
104792861,-1758,river,22.5,unnamed waterway
104792948,-1758,river,7.0,unnamed waterway
78567890,-1759,river,0.0,Greenleaf Creek
104794552,-1759,river,22.2,Greenleaf Creek
104748372,-1760,river,25.9,unnamed waterway
104794521,-1760,river,15.4,unnamed waterway
104794841,-1760,river,15.9,unnamed waterway
104794759,-1761,river,0.0,unnamed waterway
104794553,-1762,river,19.4,unnamed waterway
104794794,-1762,river,17.2,unnamed waterway
482006231,-1762,river,16.9,unnamed waterway
104743216,-1763,river,28.8,unnamed waterway
104794765,-1763,river,0.0,unnamed waterway
104748372,-1764,river,6.0,Basin Creek
104794438,-1764,river,0.0,Basin Creek
104794716,-1764,river,29.6,Basin Creek
104794751,-1764,river,18.2,Basin Creek
104794764,-1764,river,0.0,Basin Creek
104794752,-1765,river,18.3,unnamed waterway
104794894,-1765,river,0.0,unnamed waterway
104794973,-1765,river,0.0,unnamed waterway
104794456,-1766,river,23.4,unnamed waterway
104794502,-1766,river,0.0,unnamed waterway
104794452,-1767,river,0.0,unnamed waterway
105870252,-1768,river,0.0,unnamed waterway
1483651,-1768,river,0.0,unnamed waterway
104794499,-1769,river,29.4,Carcajou Creek
104794661,-1769,river,0.0,Carcajou Creek
104794680,-1769,river,20.2,Carcajou Creek
104794898,-1769,river,27.8,Carcajou Creek
104802505,-1769,river,17.8,Carcajou Creek
104802548,-1769,river,25.8,Carcajou Creek
104802603,-1769,river,13.8,Carcajou Creek
104802694,-1769,river,0.0,Carcajou Creek
104802720,-1769,river,0.0,Carcajou Creek
104802745,-1769,river,0.0,Carcajou Creek
104802870,-1769,river,19.0,Carcajou Creek
104803232,-1769,river,0.0,Carcajou Creek
104803403,-1769,river,0.0,Carcajou Creek
105868538,-1769,river,20.0,Carcajou Creek
105869852,-1769,river,5.6,Carcajou Creek
105869927,-1769,river,24.0,Carcajou Creek
482006173,-1769,river,24.7,Carcajou Creek
1483827,-1769,river,19.6,Carcajou Creek
104794727,-1770,river,0.0,unnamed waterway
591214642,-1770,river,0.0,unnamed waterway
1483655,-1770,river,11.2,unnamed waterway
104794728,-1771,river,9.9,unnamed waterway
104743177,-1772,river,18.7,Basin Creek
104794434,-1772,river,21.0,Basin Creek
104794450,-1772,river,14.7,Basin Creek
104794617,-1772,river,21.0,Basin Creek
104794716,-1772,river,23.9,Basin Creek
104794767,-1772,river,20.1,Basin Creek
482006168,-1772,river,16.2,Basin Creek
482006180,-1772,river,19.2,Basin Creek
104794729,-1773,river,0.0,unnamed waterway
104794794,-1773,river,0.0,unnamed waterway
104794752,-1774,river,28.4,unnamed waterway
104803452,-1774,river,11.3,unnamed waterway
104794401,-1775,river,25.0,unnamed waterway
104802540,-1775,river,24.2,unnamed waterway
104802798,-1775,river,17.2,unnamed waterway
104794677,-1776,river,28.8,unnamed waterway
104794683,-1776,river,15.1,unnamed waterway
104794452,-1777,river,0.0,unnamed waterway
104794729,-1777,river,0.0,unnamed waterway
482006173,-1777,river,0.0,unnamed waterway
104794555,-1778,river,20.3,unnamed waterway
104794619,-1778,river,26.7,unnamed waterway
104794494,-1779,river,0.0,unnamed waterway
104794973,-1779,river,0.0,unnamed waterway
104743264,-1780,river,27.5,unnamed waterway
104794524,-1780,river,20.9,unnamed waterway
104794886,-1781,river,0.0,unnamed waterway
482006210,-1781,river,28.8,unnamed waterway
104794531,-1782,river,6.3,unnamed waterway
104794662,-1782,river,20.7,unnamed waterway
482006188,-1782,river,0.0,unnamed waterway
104794353,-1783,river,27.5,unnamed waterway
104794655,-1783,river,0.0,unnamed waterway
104794657,-1784,river,16.2,unnamed waterway
104794704,-1784,river,0.0,unnamed waterway
104794450,-1785,river,9.4,unnamed waterway
104794473,-1785,river,0.0,unnamed waterway
104794444,-1786,river,0.0,unnamed waterway
104794577,-1786,river,0.0,unnamed waterway
104794465,-1787,river,23.4,unnamed waterway
104794494,-1787,river,12.8,unnamed waterway
104802798,-1788,river,26.7,unnamed waterway
104794646,-1789,river,22.7,unnamed waterway
104794677,-1789,river,17.3,unnamed waterway
104794494,-1790,river,0.0,unnamed waterway
104794791,-1790,river,15.1,unnamed waterway
104794843,-1791,river,5.8,unnamed waterway
104794894,-1791,river,16.3,unnamed waterway
104803450,-1792,river,30.0,unnamed waterway
482006257,-1792,river,21.7,unnamed waterway
104794646,-1793,river,25.1,unnamed waterway
104794704,-1793,river,0.0,unnamed waterway
104794531,-1794,river,29.4,unnamed waterway
104794655,-1794,river,28.6,unnamed waterway
104794886,-1795,river,25.5,unnamed waterway
1483651,-1795,river,27.3,unnamed waterway
104794811,-1796,river,24.4,unnamed waterway
104794931,-1796,river,0.0,unnamed waterway
104794699,-1797,river,0.0,unnamed waterway
104794877,-1797,river,0.0,unnamed waterway
104794816,-1798,river,0.0,unnamed waterway
482006249,-1798,river,26.8,unnamed waterway
104794428,-1799,river,21.8,unnamed waterway
104802577,-1799,river,21.9,unnamed waterway
104802611,-1799,river,0.0,unnamed waterway
104802700,-1799,river,16.2,unnamed waterway
104800059,-1800,river,18.2,unnamed waterway
104800344,-1800,river,16.1,unnamed waterway
104800372,-1800,river,12.6,unnamed waterway
1483774,-1800,river,23.9,unnamed waterway
1483775,-1801,river,29.8,unnamed waterway
104800079,-1802,river,0.0,unnamed waterway
104800491,-1803,river,23.4,Whitson Creek
104800509,-1804,river,19.7,unnamed waterway
482006186,-1804,river,17.2,unnamed waterway
6463262,-1804,river,0.0,unnamed waterway
104800253,-1805,river,25.6,unnamed waterway
104800345,-1805,river,0.0,unnamed waterway
104800345,-1806,river,0.0,unnamed waterway
104800489,-1806,river,21.0,unnamed waterway
104800079,-1807,river,0.0,unnamed waterway
104800396,-1807,river,22.2,unnamed waterway
104800170,-1808,river,19.4,unnamed waterway
1483774,-1808,river,0.0,unnamed waterway
104800117,-1809,river,0.0,unnamed waterway
104800163,-1809,river,25.1,unnamed waterway
1483774,-1809,river,23.9,unnamed waterway
104800274,-1810,river,21.3,unnamed waterway
104800516,-1810,river,17.3,unnamed waterway
104800389,-1811,river,14.2,unnamed waterway
104800490,-1811,river,0.0,unnamed waterway
104800182,-1812,river,0.0,unnamed waterway
6463262,-1812,river,19.0,unnamed waterway
104800212,-1813,river,20.9,unnamed waterway
104806052,-1813,river,0.0,unnamed waterway
104800163,-1814,river,0.0,unnamed waterway
104800489,-1814,river,17.8,unnamed waterway
1483774,-1815,river,0.0,unnamed waterway
104800182,-1816,river,19.1,unnamed waterway
104800362,-1816,river,19.8,unnamed waterway
104800229,-1817,river,27.2,unnamed waterway
104800491,-1817,river,28.2,unnamed waterway
104800180,-1818,river,11.0,unnamed waterway
104800389,-1818,river,27.8,unnamed waterway
104803927,-1818,river,20.9,unnamed waterway
104800172,-1819,river,0.0,Barron River
1483774,-1819,river,0.0,Barron River
1483831,-1819,river,0.0,Barron River
104800468,-1820,river,0.0,unnamed waterway
104800163,-1821,river,18.1,unnamed waterway
104800351,-1821,river,14.0,unnamed waterway
104800035,-1822,river,26.3,unnamed waterway
104800344,-1822,river,19.9,unnamed waterway
104800395,-1823,river,0.0,unnamed waterway
104805807,-1824,river,17.9,unnamed waterway
104802578,-1825,river,0.0,unnamed waterway
104802922,-1825,river,22.2,unnamed waterway
104802682,-1826,river,0.0,unnamed waterway
104803460,-1826,river,29.6,unnamed waterway
1483831,-1826,river,26.6,unnamed waterway
104803341,-1827,river,11.6,Johnston Creek
104803777,-1827,river,21.7,Johnston Creek
105868625,-1827,river,0.0,Johnston Creek
104802657,-1828,river,0.0,unnamed waterway
104802678,-1828,river,15.8,unnamed waterway
104802725,-1828,river,0.0,unnamed waterway
104802585,-1829,river,17.1,unnamed waterway
104802605,-1829,river,0.0,unnamed waterway
104803255,-1829,river,0.0,unnamed waterway
482006176,-1829,river,24.0,unnamed waterway
104802693,-1830,river,23.1,unnamed waterway
482006165,-1830,river,19.9,unnamed waterway
21116144,-1830,river,0.0,unnamed waterway
104802553,-1831,river,27.9,unnamed waterway
104802736,-1831,river,24.2,unnamed waterway
104802688,-1832,river,16.1,unnamed waterway
104802756,-1832,river,27.4,unnamed waterway
104803524,-1833,river,29.1,unnamed waterway
1483831,-1833,river,0.0,unnamed waterway
104802568,-1834,river,0.0,unnamed waterway
104802577,-1834,river,21.1,unnamed waterway
104802609,-1834,river,0.0,unnamed waterway
104802922,-1835,river,16.0,Carcajou Creek
1483827,-1835,river,4.3,Carcajou Creek
1483824,-1836,river,23.5,unnamed waterway
104802793,-1837,river,15.1,Carcajou Creek
104802922,-1837,river,23.7,Carcajou Creek
104803285,-1837,river,0.0,Carcajou Creek
21116144,-1837,river,0.0,Carcajou Creek
104802596,-1838,river,0.0,unnamed waterway
104802617,-1838,river,24.7,unnamed waterway
104802659,-1839,river,0.0,unnamed waterway
1483827,-1839,river,0.0,unnamed waterway
104802548,-1840,river,0.0,unnamed waterway
104803417,-1841,river,0.0,unnamed waterway
1483831,-1841,river,0.0,unnamed waterway
104802605,-1842,river,14.7,unnamed waterway
482006165,-1842,river,9.1,unnamed waterway
104802657,-1843,river,0.0,unnamed waterway
482006260,-1843,river,26.3,unnamed waterway
104802756,-1844,river,16.4,unnamed waterway
104803458,-1844,river,5.8,unnamed waterway
104802600,-1845,river,23.1,unnamed waterway
104802663,-1845,river,0.0,unnamed waterway
104803270,-1846,river,21.7,unnamed waterway
1483831,-1846,river,0.0,unnamed waterway
104803430,-1847,river,16.8,unnamed waterway
1483827,-1847,river,26.7,unnamed waterway
104803456,-1848,river,17.0,unnamed waterway
1483826,-1848,river,0.0,unnamed waterway
21116144,-1849,river,0.0,unnamed waterway
104802663,-1850,river,0.0,unnamed waterway
104802797,-1850,river,23.1,unnamed waterway
104802702,-1851,river,23.7,unnamed waterway
1483831,-1851,river,0.0,unnamed waterway
104802922,-1852,river,8.0,unnamed waterway
104803025,-1852,river,0.0,unnamed waterway
104802797,-1853,river,14.0,unnamed waterway
104803562,-1853,river,28.6,unnamed waterway
104803693,-1854,river,20.7,unnamed waterway
104803705,-1854,river,12.0,unnamed waterway
104803718,-1854,river,18.4,unnamed waterway
104804002,-1854,river,0.0,unnamed waterway
1483841,-1854,river,8.4,unnamed waterway
104803927,-1855,river,23.4,Depot Creek
104804162,-1855,river,16.8,Depot Creek
104812626,-1855,river,0.0,Depot Creek
104812788,-1855,river,29.7,Depot Creek
1483831,-1855,river,19.1,Depot Creek
104804185,-1856,river,22.2,unnamed waterway
104803784,-1857,river,14.1,Rowan Creek
1483841,-1857,river,16.9,Rowan Creek
104803698,-1858,river,26.5,unnamed waterway
104804004,-1858,river,25.6,unnamed waterway
104804033,-1858,river,25.9,unnamed waterway
104804261,-1858,river,0.0,unnamed waterway
104803735,-1859,river,15.5,unnamed waterway
1483831,-1859,river,18.1,unnamed waterway
104803888,-1860,river,13.8,Barron River
105863468,-1860,river,18.8,Barron River
105863506,-1860,river,10.6,Barron River
105863678,-1860,river,18.1,Barron River
105863750,-1860,river,19.5,Barron River
105863765,-1860,river,22.2,Barron River
105863840,-1860,river,14.1,Barron River
105863965,-1860,river,0.0,Barron River
105868239,-1860,river,19.7,Barron River
105868501,-1860,river,18.1,Barron River
105868657,-1860,river,24.4,Barron River
435954587,-1860,river,7.1,Barron River
435954589,-1860,river,6.6,Barron River
435956371,-1860,river,24.8,Barron River
435956678,-1860,river,0.0,Barron River
435956729,-1860,river,20.5,Barron River
435956814,-1860,river,0.0,Barron River
435956845,-1860,river,0.0,Barron River
436095662,-1860,river,14.8,Barron River
436095673,-1860,river,0.0,Barron River
436095678,-1860,river,19.5,Barron River
436095679,-1860,river,0.0,Barron River
656742591,-1860,river,8.2,Barron River
1506961,-1860,river,23.8,Barron River
1507038,-1860,river,0.0,Barron River
6474126,-1860,river,21.6,Barron River
15429240,-1860,river,15.7,Barron River
104803723,-1861,river,18.2,unnamed waterway
104803784,-1861,river,17.2,unnamed waterway
104803732,-1862,river,22.8,Forbes Creek
104803888,-1862,river,0.0,Forbes Creek
104804198,-1862,river,20.3,Forbes Creek
104803988,-1863,river,12.4,unnamed waterway
104804004,-1863,river,25.9,unnamed waterway
104803828,-1864,river,0.0,unnamed waterway
104804277,-1864,river,28.0,unnamed waterway
104803672,-1865,river,8.8,Borutski Creek
104804004,-1865,river,28.7,Borutski Creek
104804290,-1865,river,25.2,Borutski Creek
104812041,-1866,river,0.0,unnamed waterway
104812122,-1866,river,0.0,unnamed waterway
104803888,-1867,river,0.0,unnamed waterway
104803933,-1867,river,19.9,unnamed waterway
104804136,-1868,river,0.0,unnamed waterway
104804277,-1868,river,18.4,unnamed waterway
104803920,-1869,river,0.0,unnamed waterway
104804136,-1869,river,0.0,unnamed waterway
1483831,-1870,river,13.4,unnamed waterway
104803891,-1871,river,16.8,unnamed waterway
104804198,-1872,river,0.0,Forbes Creek
104812122,-1872,river,19.4,Forbes Creek
104803888,-1873,river,0.0,unnamed waterway
104804200,-1873,river,0.0,unnamed waterway
104803784,-1874,river,0.0,Rowan Creek
104803828,-1874,river,25.3,Rowan Creek
104803735,-1875,river,10.1,unnamed waterway
104803964,-1875,river,19.7,unnamed waterway
104803777,-1876,river,0.0,unnamed waterway
482006164,-1876,river,28.6,unnamed waterway
104803724,-1877,river,22.7,Lone Creek
105855335,-1877,river,19.9,Lone Creek
105863436,-1877,river,7.7,Lone Creek
104803672,-1878,river,6.6,Borutski Creek
1483831,-1878,river,9.7,Borutski Creek
104800516,-1879,river,26.5,unnamed waterway
104806265,-1879,river,23.1,unnamed waterway
104806052,-1880,river,29.6,unnamed waterway
104806265,-1881,river,21.6,Depot Creek
104812626,-1881,river,18.7,Depot Creek
104812122,-1882,river,22.6,unnamed waterway
104812202,-1883,river,3.6,unnamed waterway
104812122,-1884,river,0.0,unnamed waterway
105868601,-1885,river,0.0,unnamed waterway
105863994,-1886,river,19.7,unnamed waterway
105863558,-1887,river,0.0,unnamed waterway
105864164,-1887,river,0.0,unnamed waterway
105864168,-1887,river,16.1,unnamed waterway
105863765,-1888,river,0.0,unnamed waterway
105864013,-1888,river,0.0,unnamed waterway
105863543,-1889,river,0.0,unnamed waterway
105863785,-1889,river,19.9,unnamed waterway
105863451,-1890,river,29.6,unnamed waterway
105863746,-1890,river,0.0,unnamed waterway
105863982,-1890,river,14.7,unnamed waterway
105863758,-1891,river,28.1,unnamed waterway
105864092,-1891,river,0.0,unnamed waterway
105863543,-1892,river,0.0,unnamed waterway
105863934,-1892,river,23.8,unnamed waterway
105863436,-1893,river,0.0,Lone Creek
105863648,-1893,river,0.0,Lone Creek
105863679,-1893,river,0.0,Lone Creek
105863849,-1893,river,16.0,Lone Creek
105863971,-1893,river,0.0,Lone Creek
105855112,-1893,river,0.0,Lone Creek
105863758,-1894,river,22.0,unnamed waterway
105863996,-1894,river,23.8,unnamed waterway
105868625,-1895,river,0.0,unnamed waterway
105863934,-1896,river,20.9,unnamed waterway
105863996,-1896,river,24.0,unnamed waterway
105868753,-1897,river,14.7,McDonald Creek
105869855,-1897,river,0.0,McDonald Creek
105869878,-1897,river,0.0,McDonald Creek
104794329,-1898,river,25.5,unnamed waterway
482006193,-1898,river,0.0,unnamed waterway
104794971,-1899,river,23.8,unnamed waterway
105870590,-1899,river,10.9,unnamed waterway
482006193,-1899,river,18.7,unnamed waterway
105870056,-1900,river,18.5,unnamed waterway
105870062,-1900,river,0.0,unnamed waterway
105870165,-1900,river,25.9,unnamed waterway
105868260,-1901,river,0.0,unnamed waterway
105868588,-1901,river,21.1,unnamed waterway
105868751,-1901,river,0.0,unnamed waterway
105868836,-1901,river,0.0,unnamed waterway
105868887,-1901,river,19.7,unnamed waterway
1507074,-1901,river,15.3,unnamed waterway
105869807,-1902,river,16.4,McDonald Creek
105869861,-1902,river,0.0,McDonald Creek
105870065,-1902,river,19.7,McDonald Creek
105868563,-1903,river,21.1,unnamed waterway
105868637,-1903,river,25.2,unnamed waterway
105868673,-1903,river,22.9,unnamed waterway
105868746,-1903,river,23.5,unnamed waterway
105870051,-1903,river,23.8,unnamed waterway
105869148,-1904,river,16.1,unnamed waterway
105869927,-1904,river,8.0,unnamed waterway
105870083,-1905,river,0.0,unnamed waterway
105870098,-1905,river,0.0,unnamed waterway
105868404,-1906,river,29.6,unnamed waterway
105868625,-1906,river,24.7,unnamed waterway
105869878,-1907,river,0.0,unnamed waterway
105870103,-1907,river,24.4,unnamed waterway
105869069,-1908,river,14.1,unnamed waterway
105869885,-1908,river,16.4,unnamed waterway
105868469,-1909,river,23.3,Pine River
1507074,-1909,river,22.5,Pine River
105868697,-1909,river,13.4,Pine River
104794447,-1910,river,19.6,unnamed waterway
1507075,-1910,river,16.4,unnamed waterway
105869885,-1911,river,21.9,unnamed waterway
105869861,-1912,river,14.7,unnamed waterway
1507075,-1912,river,0.0,unnamed waterway
105868484,-1913,river,25.9,unnamed waterway
1507037,-1913,river,10.3,unnamed waterway
105868484,-1914,river,27.1,unnamed waterway
105868484,-1915,river,13.0,unnamed waterway
105868616,-1915,river,25.1,unnamed waterway
105868464,-1916,river,18.4,unnamed waterway
1507037,-1916,river,17.3,unnamed waterway
105869878,-1917,river,28.5,McDonald Creek
105869927,-1917,river,15.3,McDonald Creek
105868630,-1918,river,0.0,unnamed waterway
105868668,-1918,river,0.0,unnamed waterway
105869927,-1919,river,0.0,unnamed waterway
105868596,-1919,river,20.4,unnamed waterway
2148867,-1920,river,13.9,unnamed waterway
591064692,-1921,river,24.3,unnamed waterway
591214652,-1921,river,29.3,unnamed waterway
8329914,-1921,river,29.0,unnamed waterway
8329915,-1921,river,28.7,unnamed waterway
591064696,-1921,river,26.3,unnamed waterway
591214639,-1922,river,12.5,unnamed waterway
8328155,-1922,river,27.0,unnamed waterway
8329912,-1922,river,28.4,unnamed waterway
6358239,-1923,river,0.0,unnamed waterway
591064639,-1924,river,28.1,unnamed waterway
591064654,-1924,river,0.0,unnamed waterway
591064660,-1924,river,0.0,unnamed waterway
591064696,-1925,river,23.6,unnamed waterway
591064612,-1927,river,3.3,unnamed waterway
591064654,-1927,river,19.5,unnamed waterway
8329913,-1928,river,28.0,unnamed waterway
8329914,-1928,river,27.8,unnamed waterway
591214659,-1929,river,22.7,unnamed waterway
8328160,-1929,river,9.3,unnamed waterway
427364622,-1930,river,0.0,unnamed waterway
427364653,-1930,river,0.0,unnamed waterway
6358246,-1930,river,0.7,unnamed waterway
427364597,-1931,river,5.7,unnamed waterway
427364508,-1932,river,0.0,unnamed waterway
591064612,-1933,river,19.2,unnamed waterway
8329911,-1933,river,28.0,unnamed waterway
591064639,-1934,river,0.5,unnamed waterway
8328158,-1934,river,0.0,unnamed waterway
591064636,-1935,river,1.7,unnamed waterway
591064660,-1935,river,23.9,unnamed waterway
427364460,-1936,river,20.0,unnamed waterway
8328156,-1936,river,14.4,unnamed waterway
591064677,-1937,river,0.0,unnamed waterway
8328154,-1937,river,14.8,unnamed waterway
6358257,-1938,river,14.0,unnamed waterway
8328154,-1939,river,18.3,unnamed waterway
427364402,-1940,river,2.9,unnamed waterway
427364711,-1940,river,17.5,unnamed waterway
427364597,-1941,river,20.2,unnamed waterway
427364711,-1941,river,17.3,unnamed waterway
104743251,-1942,river,0.0,unnamed waterway
104743339,-1942,river,9.6,unnamed waterway
427364709,-1944,river,0.0,unnamed waterway
8328155,-1944,river,2.2,unnamed waterway
1186076,-1945,river,16.9,Opeongo River
78412451,-1945,river,29.6,Opeongo River
78412673,-1945,river,10.4,Opeongo River
105868221,-1946,river,15.4,unnamed waterway
105868484,-1946,river,0.0,unnamed waterway
2148867,-1947,river,14.6,Crow River
75367659,-1947,river,13.2,Crow River
75367725,-1947,river,0.0,Crow River
1155644,-1947,river,25.0,Crow River
105868207,-1948,river,14.6,Barron River
105868372,-1948,river,12.1,Barron River
105868484,-1948,river,0.0,Barron River
1190940455,-1948,river,18.8,Barron River
1190940456,-1948,river,9.8,Barron River
15429240,-1948,river,12.4,Barron River
78413995,-1949,river,18.5,unnamed waterway
1186134,-1949,river,19.0,unnamed waterway
1507034,-1950,river,0.0,unnamed waterway
105868336,-1951,river,19.4,unnamed waterway
105870590,-1951,river,14.8,unnamed waterway
1483651,-1951,river,15.0,unnamed waterway
1187855,-1952,river,0.0,unnamed waterway
1186099,-1953,river,20.9,unnamed waterway
251662777,-1954,river,12.7,Opeongo River
78414244,-1955,river,13.9,Chewink Creek
1186135,-1955,river,0.0,Chewink Creek
104746337,-1956,river,9.0,unnamed waterway
3376458,-1956,river,0.0,unnamed waterway
105863679,-1957,river,27.8,unnamed waterway
105864229,-1957,river,22.6,unnamed waterway
105855230,-1958,river,4.1,unnamed waterway
105863734,-1959,river,0.0,unnamed waterway
105864146,-1959,river,28.3,unnamed waterway
105863741,-1960,river,22.9,unnamed waterway
105863840,-1960,river,21.9,unnamed waterway
105863480,-1961,river,0.0,unnamed waterway
105863840,-1961,river,21.4,unnamed waterway
105868275,-1962,river,0.0,unnamed waterway
105868535,-1962,river,16.7,unnamed waterway
105863541,-1963,river,0.0,unnamed waterway
105863849,-1963,river,16.8,unnamed waterway
105863485,-1964,river,0.0,unnamed waterway
105863840,-1964,river,0.0,unnamed waterway
105864107,-1964,river,17.2,unnamed waterway
105863480,-1965,river,6.3,unnamed waterway
105863818,-1965,river,22.2,unnamed waterway
105863468,-1966,river,0.0,Hardwood Creek
105863777,-1966,river,0.0,Hardwood Creek
105863961,-1966,river,25.2,Hardwood Creek
105863979,-1966,river,0.0,Hardwood Creek
105863793,-1967,river,0.0,Mulock Creek
1507036,-1967,river,16.8,Mulock Creek
105863734,-1968,river,27.9,unnamed waterway
105863468,-1969,river,0.0,unnamed waterway
105863919,-1969,river,24.7,unnamed waterway
105863793,-1970,river,24.7,unnamed waterway
105868623,-1970,river,23.5,unnamed waterway
105863485,-1971,river,0.0,unnamed waterway
105864146,-1971,river,21.3,unnamed waterway
105855230,-1972,river,28.9,unnamed waterway
105864229,-1972,river,0.0,unnamed waterway
105869857,-1973,river,12.9,unnamed waterway
105869858,-1973,river,27.6,unnamed waterway
105869876,-1973,river,9.1,unnamed waterway
105868591,-1974,river,22.5,Little Cranberry Creek
105870055,-1974,river,15.1,Little Cranberry Creek
435956224,-1974,river,0.0,Little Cranberry Creek
435956369,-1974,river,27.3,Little Cranberry Creek
435956559,-1974,river,28.7,Little Cranberry Creek
435956858,-1974,river,27.9,Little Cranberry Creek
435967962,-1974,river,27.6,Little Cranberry Creek
435967975,-1974,river,22.4,Little Cranberry Creek
435968004,-1974,river,0.0,Little Cranberry Creek
435968010,-1974,river,27.6,Little Cranberry Creek
435968046,-1974,river,0.0,Little Cranberry Creek
435968084,-1974,river,22.5,Little Cranberry Creek
435968112,-1974,river,28.1,Little Cranberry Creek
656628091,-1974,river,27.6,Little Cranberry Creek
656628099,-1974,river,23.9,Little Cranberry Creek
656628134,-1974,river,21.0,Little Cranberry Creek
656628143,-1974,river,20.1,Little Cranberry Creek
656742643,-1974,river,12.8,Little Cranberry Creek
6465277,-1974,river,27.3,Little Cranberry Creek
6465281,-1974,river,7.5,Little Cranberry Creek
105868307,-1975,river,0.0,Rouge Creek
105868311,-1975,river,14.7,Rouge Creek
105868460,-1975,river,21.6,Rouge Creek
105868492,-1975,river,16.8,Rouge Creek
105868221,-1976,river,26.3,Rouge Creek
105868460,-1976,river,20.5,Rouge Creek
105868944,-1977,river,20.6,unnamed waterway
105868955,-1977,river,0.0,unnamed waterway
105868708,-1978,river,7.9,unnamed waterway
105870311,-1978,river,21.6,unnamed waterway
105868177,-1979,river,0.0,St. Francis Creek
105868320,-1979,river,22.5,St. Francis Creek
105868460,-1979,river,0.0,St. Francis Creek
105869144,-1980,river,18.8,unnamed waterway
105870305,-1980,river,0.0,unnamed waterway
105868221,-1981,river,22.0,Marie Creek
105868192,-1981,river,28.6,Marie Creek
105868244,-1981,river,0.0,Marie Creek
482006217,-1981,river,0.0,Marie Creek
15429240,-1981,river,0.0,Marie Creek
105868700,-1982,river,0.0,unnamed waterway
105868842,-1982,river,13.4,unnamed waterway
105870170,-1982,river,0.0,unnamed waterway
105868626,-1983,river,28.4,unnamed waterway
105870159,-1983,river,0.0,unnamed waterway
105868541,-1984,river,16.8,unnamed waterway
105868626,-1984,river,16.4,unnamed waterway
105868541,-1985,river,0.0,unnamed waterway
105869725,-1985,river,0.0,unnamed waterway
105863750,-1986,river,15.6,unnamed waterway
105868391,-1987,river,18.2,unnamed waterway
105869787,-1987,river,8.4,unnamed waterway
105868838,-1988,river,21.3,Zigzag Creek
105869787,-1988,river,21.2,Zigzag Creek
105869857,-1988,river,0.0,Zigzag Creek
1507069,-1988,river,0.0,Zigzag Creek
105870159,-1989,river,0.0,unnamed waterway
105870234,-1989,river,0.0,unnamed waterway
105863793,-1990,river,4.4,Mulock Creek
105868535,-1990,river,0.0,Mulock Creek
105868171,-1991,river,16.3,unnamed waterway
1507035,-1991,river,20.1,unnamed waterway
105868258,-1992,river,19.9,unnamed waterway
105870094,-1992,river,19.4,unnamed waterway
105868384,-1993,river,0.0,unnamed waterway
105868429,-1993,river,0.0,unnamed waterway
105868700,-1994,river,0.0,unnamed waterway
105869105,-1994,river,21.4,unnamed waterway
105868764,-1995,river,26.8,unnamed waterway
105869904,-1995,river,0.0,unnamed waterway
105868377,-1996,river,0.0,unnamed waterway
105868648,-1996,river,19.7,unnamed waterway
105868307,-1997,river,20.6,unnamed waterway
105868429,-1997,river,20.8,unnamed waterway
105869857,-1998,river,0.0,unnamed waterway
105870100,-1998,river,9.9,unnamed waterway
105870504,-1999,river,9.3,unnamed waterway
1507073,-1999,river,27.0,unnamed waterway
105870305,-2000,river,16.2,unnamed waterway
436095654,-2001,river,20.5,Lone Creek
436095661,-2001,river,16.8,Lone Creek
436095664,-2001,river,20.6,Lone Creek
6465254,-2002,river,5.9,Mallard Creek
435956867,-2003,river,0.0,McKay Creek
6465253,-2003,river,0.0,McKay Creek
435956280,-2004,river,0.0,McKay Creek
435956397,-2004,river,0.0,McKay Creek
435956480,-2004,river,1.1,McKay Creek
435956867,-2004,river,28.2,McKay Creek
435956523,-2005,river,19.0,Sec Creek
435956664,-2005,river,21.9,Sec Creek
6465253,-2005,river,0.0,Sec Creek
435956618,-2006,river,16.8,Sec Creek
435956750,-2006,river,0.0,Sec Creek
435956850,-2006,river,0.0,Sec Creek
435956564,-2007,river,0.0,Turquoise Creek
435968105,-2007,river,15.5,Turquoise Creek
435956228,-2008,river,16.3,unnamed waterway
435956747,-2008,river,24.4,unnamed waterway
435956777,-2008,river,25.5,unnamed waterway
435967923,-2009,river,0.0,unnamed waterway
656629266,-2009,river,23.7,unnamed waterway
656760268,-2009,river,26.2,unnamed waterway
656760272,-2009,river,26.0,unnamed waterway
435968077,-2010,river,21.1,unnamed waterway
435956378,-2011,river,25.9,unnamed waterway
435956475,-2011,river,6.8,unnamed waterway
435956745,-2011,river,0.0,unnamed waterway
6465281,-2011,river,7.2,unnamed waterway
435956280,-2012,river,0.0,unnamed waterway
6465250,-2012,river,18.8,unnamed waterway
435956832,-2013,river,25.3,unnamed waterway
435956867,-2013,river,7.3,unnamed waterway
435956366,-2014,river,7.9,unnamed waterway
435956466,-2014,river,26.6,unnamed waterway
435956333,-2015,river,4.6,unnamed waterway
435956755,-2015,river,0.0,unnamed waterway
435956855,-2015,river,0.0,unnamed waterway
6465253,-2015,river,22.1,unnamed waterway
435968046,-2016,river,24.9,unnamed waterway
435967997,-2017,river,23.6,unnamed waterway
6474222,-2017,river,0.0,unnamed waterway
435956222,-2018,river,0.0,unnamed waterway
435956727,-2018,river,21.0,unnamed waterway
435956420,-2019,river,0.0,unnamed waterway
435956265,-2020,river,7.8,unnamed waterway
435956506,-2020,river,0.0,unnamed waterway
435956747,-2020,river,0.0,unnamed waterway
435967926,-2021,river,0.0,unnamed waterway
6474220,-2021,river,9.4,unnamed waterway
435956269,-2022,river,0.0,unnamed waterway
435956713,-2022,river,13.5,unnamed waterway
435956466,-2024,river,12.9,unnamed waterway
435956544,-2025,river,0.0,unnamed waterway
435956521,-2026,river,0.0,unnamed waterway
435956867,-2026,river,0.0,unnamed waterway
6465621,-2027,river,19.0,unnamed waterway
435956732,-2028,river,25.9,unnamed waterway
435956770,-2029,river,23.8,unnamed waterway
435956501,-2030,river,0.0,unnamed waterway
435956852,-2030,river,22.6,unnamed waterway
6465253,-2030,river,24.8,unnamed waterway
435956640,-2031,river,6.7,unnamed waterway
435956867,-2031,river,11.7,unnamed waterway
6465277,-2032,river,24.2,unnamed waterway
435956416,-2033,river,0.0,unnamed waterway
435956724,-2034,river,23.0,unnamed waterway
435956867,-2034,river,26.7,unnamed waterway
435956447,-2035,river,24.7,unnamed waterway
435956596,-2035,river,0.0,unnamed waterway
435956867,-2036,river,21.6,unnamed waterway
435956596,-2037,river,15.8,unnamed waterway
435967959,-2038,river,0.0,unnamed waterway
435968071,-2038,river,13.2,unnamed waterway
435956213,-2040,river,8.3,unnamed waterway
6465281,-2040,river,11.2,unnamed waterway
6465281,-2041,river,28.1,unnamed waterway
6465621,-2041,river,0.0,unnamed waterway
435967994,-2042,river,0.0,unnamed waterway
656760273,-2042,river,24.9,unnamed waterway
436095675,-2043,river,14.4,Ignace Creek
436095676,-2043,river,0.0,Ignace Creek
435956326,-2044,river,0.0,McKay Creek
435956376,-2044,river,1.0,McKay Creek
435956480,-2044,river,0.0,McKay Creek
435956643,-2044,river,0.0,McKay Creek
9134648,-2044,river,16.2,McKay Creek
435954589,-2045,river,28.2,Number One Creek
435956857,-2045,river,25.4,Number One Creek
436095650,-2046,river,0.0,Survey Creek
435956586,-2047,river,8.3,unnamed waterway
435956620,-2047,river,0.0,unnamed waterway
435956857,-2047,river,13.0,unnamed waterway
436095652,-2048,river,0.0,unnamed waterway
436095664,-2048,river,0.0,unnamed waterway
435956640,-2049,river,0.0,unnamed waterway
628304800,-2050,river,28.0,unnamed waterway
436095654,-2051,river,6.8,unnamed waterway
6465250,-2052,river,0.0,unnamed waterway
435956376,-2053,river,23.2,unnamed waterway
435956531,-2053,river,0.0,unnamed waterway
435956643,-2054,river,23.2,unnamed waterway
435956708,-2054,river,11.8,unnamed waterway
436095654,-2055,river,12.5,unnamed waterway
435956704,-2056,river,0.0,unnamed waterway
6474126,-2057,river,22.2,unnamed waterway
435956857,-2058,river,11.6,unnamed waterway
435954589,-2059,river,9.5,unnamed waterway
436095659,-2059,river,18.5,unnamed waterway
436095673,-2060,river,20.1,unnamed waterway
435956478,-2061,river,23.4,unnamed waterway
436095676,-2062,river,21.1,unnamed waterway
8327931,-2064,river,28.3,unnamed waterway
591047532,-2065,river,0.0,unnamed waterway
591047550,-2065,river,28.0,unnamed waterway
591064651,-2065,river,26.6,unnamed waterway
591064698,-2065,river,27.2,unnamed waterway
591047550,-2068,river,27.8,unnamed waterway
9133464,-2068,river,28.9,unnamed waterway
9133470,-2068,river,28.8,unnamed waterway
591047532,-2070,river,28.5,unnamed waterway
9133465,-2071,river,27.8,Turners Creek
591047518,-2072,river,28.1,unnamed waterway
8327931,-2072,river,27.9,unnamed waterway
591047532,-2074,river,28.0,unnamed waterway
656629271,-2074,river,28.1,unnamed waterway
591064668,-2076,river,27.6,unnamed waterway
591106658,-2076,river,27.6,unnamed waterway
591064651,-2077,river,0.0,unnamed waterway
591064676,-2077,river,2.0,unnamed waterway
591064694,-2077,river,0.0,unnamed waterway
591064617,-2078,river,23.2,unnamed waterway
8328160,-2079,river,24.1,unnamed waterway
591064694,-2080,river,25.9,unnamed waterway
591064697,-2080,river,0.0,unnamed waterway
591064696,-2081,river,26.5,unnamed waterway
8328160,-2081,river,23.2,unnamed waterway
591064697,-2082,river,26.0,unnamed waterway
591106889,-2082,river,27.7,unnamed waterway
591064678,-2083,river,20.2,unnamed waterway
8328160,-2083,river,26.3,unnamed waterway
591064694,-2085,river,24.2,unnamed waterway
656628083,-2088,river,21.5,unnamed waterway
656628091,-2089,river,22.4,unnamed waterway
656628143,-2090,river,7.0,unnamed waterway
656742643,-2090,river,21.6,unnamed waterway
656628083,-2091,river,0.0,unnamed waterway
656628134,-2092,river,26.4,Steer Creek
656742655,-2092,river,28.0,Steer Creek
656742662,-2092,river,8.4,Steer Creek
656629155,-2093,river,11.5,unnamed waterway
656628134,-2094,river,7.0,unnamed waterway
656628143,-2094,river,25.0,unnamed waterway
435967979,-2095,river,0.0,unnamed waterway
656629202,-2096,river,15.0,unnamed waterway
656629224,-2097,river,26.1,unnamed waterway
435956804,-2098,river,0.0,unnamed waterway
656629149,-2098,river,21.4,unnamed waterway
656629151,-2099,river,26.5,unnamed waterway
656629214,-2099,river,27.5,unnamed waterway
656629271,-2100,river,27.8,unnamed waterway
656629155,-2101,river,25.5,unnamed waterway
9133466,-2101,river,9.5,unnamed waterway
656629214,-2103,river,27.5,unnamed waterway
656629151,-2104,river,0.0,unnamed waterway
656629227,-2105,river,0.0,unnamed waterway
9133467,-2105,river,22.0,unnamed waterway
9133468,-2106,river,13.3,unnamed waterway
9133470,-2106,river,25.1,unnamed waterway
656629202,-2107,river,24.4,unnamed waterway
656629227,-2108,river,5.9,unnamed waterway
656629181,-2110,river,26.2,unnamed waterway
656629214,-2110,river,26.2,unnamed waterway
656629272,-2111,river,0.0,unnamed waterway
656629149,-2112,river,10.7,unnamed waterway
656629240,-2112,river,14.9,unnamed waterway
656742581,-2113,river,23.2,unnamed waterway
105868659,-2114,river,9.1,unnamed waterway
656742605,-2114,river,12.7,unnamed waterway
656742591,-2115,river,20.4,unnamed waterway
656742594,-2115,river,22.6,unnamed waterway
656742591,-2116,river,7.7,unnamed waterway
656742605,-2116,river,25.3,unnamed waterway
656742594,-2117,river,22.4,unnamed waterway
656742617,-2118,river,25.6,unnamed waterway
656742613,-2120,river,24.3,unnamed waterway
656742617,-2120,river,18.5,unnamed waterway
656742633,-2121,river,16.6,unnamed waterway
656742640,-2121,river,19.1,unnamed waterway
656742627,-2122,river,12.5,unnamed waterway
656742653,-2122,river,21.3,unnamed waterway
656742646,-2123,river,29.9,unnamed waterway
435956771,-2124,river,28.4,unnamed waterway
656742630,-2124,river,20.8,unnamed waterway
656742648,-2125,river,7.3,unnamed waterway
656760273,-2126,river,19.8,unnamed waterway
591064558,-2127,river,26.7,unnamed waterway
656760274,-2127,river,0.0,unnamed waterway
656760282,-2128,river,27.9,unnamed waterway
9135036,-2129,river,27.8,unnamed waterway
591064555,-2130,river,0.0,unnamed waterway
656760282,-2130,river,26.5,unnamed waterway
6474219,-2133,river,25.3,unnamed waterway
144554266,-2134,river,0.0,unnamed waterway
144554301,-2134,river,22.8,unnamed waterway
708348825,-2134,river,26.1,unnamed waterway
708348849,-2134,river,15.8,unnamed waterway
106573975,-2135,river,16.7,unnamed waterway
106574315,-2135,river,20.9,unnamed waterway
930579,-2135,river,12.2,unnamed waterway
59643359,-2136,river,12.9,unnamed waterway
106590966,-2136,river,13.2,unnamed waterway
59682101,-2137,river,0.0,unnamed waterway
708348839,-2137,river,19.0,unnamed waterway
1766386,-2137,river,11.3,unnamed waterway
2998019,-2137,river,24.6,unnamed waterway
59773660,-2138,river,25.5,Fassett Creek
106574312,-2138,river,14.8,Fassett Creek
921135746,-2138,river,0.0,Fassett Creek
932764,-2138,river,0.0,Fassett Creek
2997936,-2138,river,25.1,Fassett Creek
59643359,-2139,river,0.0,unnamed waterway
106582549,-2139,river,0.0,unnamed waterway
106582397,-2140,river,25.9,unnamed waterway
106582398,-2140,river,0.0,unnamed waterway
106582702,-2140,river,0.0,unnamed waterway
59772715,-2141,river,0.0,unnamed waterway
59644648,-2142,river,21.0,Raven Creek
59672364,-2142,river,0.0,Raven Creek
59842912,-2142,river,0.0,Raven Creek
59756503,-2143,river,27.3,unnamed waterway
59772715,-2143,river,20.2,unnamed waterway
106582353,-2144,river,8.4,Maple Creek
144597322,-2144,river,0.0,Maple Creek
144843176,-2144,river,0.0,Maple Creek
1959549,-2144,river,23.8,Maple Creek
2998019,-2144,river,11.0,Maple Creek
3380585,-2144,river,4.7,Maple Creek
59769712,-2145,river,28.1,unnamed waterway
59841108,-2145,river,0.0,unnamed waterway
106573823,-2145,river,22.6,unnamed waterway
2997936,-2145,river,8.1,unnamed waterway
2997936,-2146,river,25.3,unnamed waterway
59847670,-2147,river,27.0,Manabezi Creek
144082102,-2147,river,15.7,Manabezi Creek
1951871,-2148,river,6.2,unnamed waterway
105508663,-2148,river,25.2,unnamed waterway
59839910,-2149,river,18.1,unnamed waterway
59840312,-2149,river,0.0,unnamed waterway
975045678,-2150,river,24.3,unnamed waterway
932764,-2150,river,7.5,unnamed waterway
930579,-2151,river,0.0,unnamed waterway
59877459,-2152,river,0.0,unnamed waterway
932740,-2152,river,24.8,unnamed waterway
59769296,-2153,river,0.0,unnamed waterway
2998019,-2153,river,29.6,unnamed waterway
932740,-2154,river,0.0,unnamed waterway
59679646,-2155,river,15.1,unnamed waterway
59770373,-2156,river,0.0,unnamed waterway
106573819,-2156,river,19.5,unnamed waterway
106575765,-2156,river,14.7,unnamed waterway
59643359,-2157,river,0.0,unnamed waterway
106582398,-2157,river,7.5,unnamed waterway
932740,-2158,river,0.0,unnamed waterway
59681315,-2159,river,21.2,unnamed waterway
59877942,-2160,river,0.0,unnamed waterway
59878300,-2160,river,0.0,unnamed waterway
930579,-2161,river,28.3,unnamed waterway
59666724,-2162,river,0.0,Lauder Creek
59877602,-2162,river,0.0,Lauder Creek
708348827,-2162,river,0.0,Lauder Creek
708348851,-2162,river,0.0,Lauder Creek
930804,-2162,river,10.7,Lauder Creek
930824,-2162,river,0.0,Lauder Creek
920272,-2163,river,0.0,unnamed waterway
59668125,-2164,river,4.4,unnamed waterway
106574161,-2164,river,20.6,unnamed waterway
59775178,-2165,river,0.0,unnamed waterway
59769603,-2166,river,19.9,unnamed waterway
59670531,-2167,river,9.7,Kakasamic Creek
59679646,-2167,river,0.0,Kakasamic Creek
59680025,-2167,river,0.0,Kakasamic Creek
59771557,-2167,river,15.3,Kakasamic Creek
59839481,-2167,river,29.3,Kakasamic Creek
59842276,-2167,river,17.9,Kakasamic Creek
106573915,-2167,river,26.5,Kakasamic Creek
106574227,-2167,river,0.0,Kakasamic Creek
106574336,-2167,river,24.1,Kakasamic Creek
161005715,-2167,river,26.7,Kakasamic Creek
930719,-2167,river,5.7,Kakasamic Creek
2997936,-2167,river,24.0,Kakasamic Creek
106582478,-2168,river,9.9,unnamed waterway
106582702,-2168,river,24.7,unnamed waterway
59756777,-2169,river,0.0,unnamed waterway
59757317,-2169,river,0.0,unnamed waterway
161005620,-2169,river,10.6,unnamed waterway
106590884,-2170,river,25.7,unnamed waterway
106590943,-2170,river,0.0,unnamed waterway
59675724,-2171,river,0.0,unnamed waterway
975045678,-2171,river,0.0,unnamed waterway
59773660,-2172,river,12.9,unnamed waterway
59774451,-2172,river,21.0,unnamed waterway
931692,-2173,river,0.0,unnamed waterway
59772239,-2174,river,23.6,Lauder Creek
59773838,-2174,river,28.8,Lauder Creek
59847396,-2174,river,15.6,Lauder Creek
708348827,-2174,river,13.2,Lauder Creek
930577,-2174,river,0.0,Lauder Creek
932740,-2174,river,0.0,Lauder Creek
59666724,-2175,river,0.0,unnamed waterway
59839075,-2176,river,0.0,unnamed waterway
59770027,-2177,river,0.0,unnamed waterway
106580248,-2177,river,9.1,unnamed waterway
59847451,-2178,river,0.0,unnamed waterway
1764738,-2178,river,23.2,unnamed waterway
59773399,-2179,river,16.8,unnamed waterway
106574312,-2179,river,11.5,unnamed waterway
59671395,-2181,river,0.0,unnamed waterway
3210119,-2181,river,12.3,unnamed waterway
106574287,-2182,river,27.9,unnamed waterway
59681226,-2183,river,0.0,unnamed waterway
59878490,-2184,river,0.0,unnamed waterway
106574315,-2185,river,18.5,unnamed waterway
931651,-2186,river,0.0,unnamed waterway
920272,-2187,river,4.1,Keswil Creek
106573909,-2188,river,15.9,unnamed waterway
59775178,-2189,river,15.1,Mink Creek
104145649,-2189,river,8.5,Mink Creek
106590797,-2189,river,0.0,Mink Creek
106590848,-2189,river,8.4,Mink Creek
106590943,-2189,river,0.0,Mink Creek
2997936,-2190,river,29.6,unnamed waterway
104345869,-2191,river,0.0,unnamed waterway
59768876,-2192,river,0.0,unnamed waterway
59773660,-2192,river,0.0,unnamed waterway
59772038,-2193,river,0.0,Lauder Creek
932740,-2193,river,4.9,Lauder Creek
2998019,-2193,river,0.0,Lauder Creek
106580280,-2194,river,20.0,unnamed waterway
931692,-2194,river,0.0,unnamed waterway
106573795,-2195,river,11.8,unnamed waterway
106574148,-2195,river,0.0,unnamed waterway
59842140,-2196,river,23.7,unnamed waterway
59839456,-2197,river,0.0,unnamed waterway
1764738,-2197,river,29.4,unnamed waterway
59878515,-2198,river,0.0,unnamed waterway
931692,-2198,river,0.0,unnamed waterway
59673520,-2199,river,0.0,unnamed waterway
59769296,-2199,river,0.0,unnamed waterway
59770760,-2200,river,0.0,Solitaire Creek
106590943,-2200,river,0.0,Solitaire Creek
161005620,-2201,river,27.9,unnamed waterway
106582535,-2202,river,22.9,unnamed waterway
106573931,-2203,river,17.8,unnamed waterway
106574053,-2203,river,21.4,unnamed waterway
59878490,-2205,river,0.0,unnamed waterway
932764,-2205,river,0.0,unnamed waterway
931647,-2207,river,0.0,unnamed waterway
106582397,-2208,river,26.6,unnamed waterway
106582535,-2208,river,20.6,unnamed waterway
1748239,-2209,river,0.0,unnamed waterway
932740,-2210,river,0.0,unnamed waterway
59775813,-2211,river,0.0,unnamed waterway
3210119,-2211,river,25.9,unnamed waterway
106573795,-2212,river,0.0,unnamed waterway
59773660,-2213,river,10.2,unnamed waterway
59839075,-2213,river,26.1,unnamed waterway
105508700,-2214,river,13.9,unnamed waterway
144092885,-2214,river,24.1,unnamed waterway
59675085,-2215,river,22.7,unnamed waterway
59842140,-2215,river,16.7,unnamed waterway
59676249,-2216,river,16.8,Lauder Creek
59847816,-2216,river,0.0,Lauder Creek
930804,-2216,river,0.0,Lauder Creek
59775091,-2217,river,0.0,unnamed waterway
106574148,-2217,river,18.4,unnamed waterway
106574161,-2218,river,24.4,unnamed waterway
59841108,-2219,river,17.9,unnamed waterway
59775863,-2220,river,16.8,unnamed waterway
932764,-2221,river,0.0,unnamed waterway
106574287,-2222,river,6.6,unnamed waterway
106574336,-2222,river,20.8,unnamed waterway
161003380,-2223,river,13.5,unnamed waterway
2997936,-2223,river,24.6,unnamed waterway
2997936,-2224,river,12.3,unnamed waterway
975045678,-2225,river,8.4,unnamed waterway
59646714,-2227,river,0.0,unnamed waterway
105508674,-2227,river,9.1,unnamed waterway
106574161,-2228,river,24.1,unnamed waterway
59877942,-2229,river,19.7,North Sylvia Creek
104346038,-2229,river,26.6,North Sylvia Creek
59773399,-2230,river,0.0,unnamed waterway
3380586,-2231,river,27.6,Mink Creek
59681315,-2232,river,0.0,unnamed waterway
59877602,-2232,river,0.0,unnamed waterway
59848299,-2233,river,0.0,Baimwawa Creek
129481796,-2233,river,19.7,Baimwawa Creek
930719,-2234,river,23.0,unnamed waterway
59847916,-2235,river,27.8,unnamed waterway
104345838,-2235,river,19.7,unnamed waterway
106590791,-2236,river,15.5,Solitaire Creek
932753,-2236,river,0.0,Solitaire Creek
59643359,-2237,river,0.0,Mink Creek
3380586,-2237,river,15.3,Mink Creek
1764738,-2238,river,4.6,Boulter Creek
59774710,-2239,river,0.0,Thompson Creek
921170,-2239,river,12.8,Thompson Creek
104145649,-2240,river,28.7,Mink Creek
1475064,-2240,river,21.0,Mink Creek
1475064,-2241,river,0.0,unnamed waterway
59775813,-2242,river,13.2,unnamed waterway
104145778,-2242,river,13.4,unnamed waterway
104145822,-2243,river,0.0,unnamed waterway
1475064,-2243,river,0.0,unnamed waterway
104145408,-2244,river,10.7,unnamed waterway
1475065,-2244,river,29.5,unnamed waterway
59842912,-2245,river,14.4,Raven Creek
104346013,-2245,river,7.2,Raven Creek
104346018,-2245,river,0.0,Raven Creek
59666510,-2246,river,0.0,unnamed waterway
932794,-2246,river,20.6,unnamed waterway
59769893,-2247,river,21.3,unnamed waterway
144761561,-2247,river,24.7,unnamed waterway
1477514,-2248,river,0.0,unnamed waterway
104346016,-2248,river,0.0,unnamed waterway
1477514,-2249,river,0.0,unnamed waterway
104345963,-2249,river,5.0,unnamed waterway
106574382,-2250,river,21.8,unnamed waterway
1519631,-2253,river,24.1,unnamed waterway
106590867,-2255,river,22.1,unnamed waterway
1519741,-2255,river,28.4,unnamed waterway
59643359,-2256,river,0.0,Mink Creek
106590943,-2256,river,25.7,Mink Creek
106590867,-2257,river,18.8,unnamed waterway
106590877,-2257,river,8.5,unnamed waterway
106590864,-2258,river,0.0,unnamed waterway
106590867,-2258,river,0.0,unnamed waterway
106590816,-2259,river,26.7,unnamed waterway
106590864,-2259,river,0.0,unnamed waterway
59774571,-2260,river,22.7,Baimwawa Creek
105803257,-2260,river,1.2,Baimwawa Creek
129481796,-2260,river,0.0,Baimwawa Creek
129481805,-2260,river,17.0,Baimwawa Creek
161005620,-2260,river,3.2,Baimwawa Creek
129482025,-2261,river,23.1,Tyne Creek
1748239,-2261,river,15.0,Tyne Creek
129481805,-2263,river,0.0,unnamed waterway
129482201,-2264,river,27.0,unnamed waterway
129481805,-2266,river,12.7,unnamed waterway
129482201,-2266,river,0.0,unnamed waterway
129600267,-2267,river,0.0,unnamed waterway
59672512,-2268,river,7.0,unnamed waterway
59769186,-2268,river,2.1,unnamed waterway
129600151,-2268,river,0.0,unnamed waterway
129600487,-2269,river,4.0,unnamed waterway
129600384,-2270,river,23.1,unnamed waterway
129600384,-2272,river,0.0,unnamed waterway
1749143,-2272,river,0.0,unnamed waterway
1764738,-2275,river,0.0,Amable du Fond River
2998019,-2275,river,0.0,Amable du Fond River
143977699,-2276,river,19.7,unnamed waterway
1950303,-2277,river,3.2,unnamed waterway
1950325,-2277,river,6.9,unnamed waterway
2997921,-2278,river,18.5,Lorne Creek
105803255,-2278,river,4.6,Lorne Creek
143974102,-2278,river,0.0,Lorne Creek
143975465,-2278,river,4.0,Lorne Creek
1950325,-2278,river,27.2,Lorne Creek
143975457,-2279,river,3.6,unnamed waterway
143975537,-2279,river,0.0,unnamed waterway
2997921,-2280,river,22.5,unnamed waterway
2997921,-2281,river,11.2,unnamed waterway
161003231,-2281,river,0.0,unnamed waterway
2997921,-2282,river,24.2,unnamed waterway
143977699,-2282,river,0.0,unnamed waterway
143977857,-2283,river,21.2,unnamed waterway
2997921,-2284,river,0.0,unnamed waterway
143977857,-2284,river,0.0,unnamed waterway
143977857,-2285,river,17.2,unnamed waterway
143981928,-2286,river,22.7,unnamed waterway
1950354,-2286,river,28.0,unnamed waterway
1950354,-2287,river,0.0,unnamed waterway
2997921,-2288,river,13.6,Amable du Fond River
144048529,-2288,river,0.0,Amable du Fond River
144048532,-2288,river,0.0,Amable du Fond River
2997936,-2288,river,15.3,Amable du Fond River
2997921,-2289,river,0.1,unnamed waterway
144081635,-2289,river,0.0,unnamed waterway
2997921,-2290,river,3.5,unnamed waterway
2997921,-2291,river,26.0,unnamed waterway
2997921,-2292,river,26.2,unnamed waterway
144082102,-2293,river,17.7,unnamed waterway
144082102,-2294,river,27.1,unnamed waterway
144082102,-2295,river,0.0,Manabezi Creek
2997921,-2296,river,24.0,Wib Creek
144092733,-2296,river,0.0,Wib Creek
144092733,-2297,river,23.4,Wib Creek
144092885,-2297,river,0.0,Wib Creek
144092733,-2298,river,23.3,unnamed waterway
144103093,-2299,river,0.0,unnamed waterway
2997936,-2299,river,24.2,unnamed waterway
144103093,-2300,river,19.1,unnamed waterway
105508655,-2301,river,10.1,unnamed waterway
2997936,-2301,river,17.2,unnamed waterway
144103959,-2302,river,0.0,unnamed waterway
2997936,-2302,river,21.2,unnamed waterway
1952912,-2303,river,2.8,unnamed waterway
2997936,-2303,river,27.8,unnamed waterway
144179512,-2304,river,4.5,unnamed waterway
1952917,-2304,river,0.0,unnamed waterway
2997936,-2304,river,24.1,unnamed waterway
106580239,-2305,river,6.5,Parisien Creek
144179548,-2305,river,0.0,Parisien Creek
144339103,-2305,river,0.0,Parisien Creek
144339447,-2305,river,22.0,Parisien Creek
2998019,-2305,river,14.1,Parisien Creek
106580130,-2306,river,5.5,North Sylvia Creek
106580142,-2306,river,8.7,North Sylvia Creek
931647,-2306,river,15.9,North Sylvia Creek
2997936,-2306,river,23.7,North Sylvia Creek
144103873,-2307,river,17.9,unnamed waterway
144338617,-2308,river,0.0,Amable du Fond River
144338724,-2308,river,0.0,Amable du Fond River
2997936,-2308,river,0.0,Amable du Fond River
144338724,-2309,river,18.4,Amable du Fond River
2998019,-2309,river,23.2,Amable du Fond River
144338798,-2310,river,22.0,unnamed waterway
2998019,-2310,river,21.7,unnamed waterway
144338798,-2311,river,0.0,unnamed waterway
144338890,-2311,river,0.0,unnamed waterway
144338967,-2312,river,0.0,unnamed waterway
144339025,-2312,river,0.0,unnamed waterway
144338724,-2313,river,20.3,unnamed waterway
144339025,-2313,river,25.9,unnamed waterway
106580261,-2314,river,17.6,unnamed waterway
144339447,-2314,river,21.3,unnamed waterway
144339447,-2315,river,0.0,unnamed waterway
931647,-2316,river,15.9,unnamed waterway
106580101,-2317,river,8.3,unnamed waterway
144345521,-2317,river,0.0,unnamed waterway
144345521,-2318,river,28.1,unnamed waterway
59680525,-2319,river,6.4,Rainbow Creek
106580149,-2319,river,6.8,Rainbow Creek
106580207,-2319,river,8.1,Rainbow Creek
144345521,-2319,river,13.1,Rainbow Creek
144795284,-2319,river,22.0,Rainbow Creek
144345521,-2320,river,20.4,unnamed waterway
144671070,-2320,river,0.0,unnamed waterway
59671198,-2321,river,8.4,unnamed waterway
144671070,-2321,river,26.7,unnamed waterway
106580215,-2322,river,15.9,unnamed waterway
144351157,-2322,river,0.0,unnamed waterway
144351165,-2322,river,17.0,unnamed waterway
144351165,-2323,river,0.0,unnamed waterway
2998019,-2323,river,26.3,unnamed waterway
144394381,-2324,river,0.0,unnamed waterway
2998019,-2324,river,16.2,unnamed waterway
144352315,-2325,river,23.2,Kawa Creek
144352318,-2325,river,25.3,Kawa Creek
144354555,-2326,river,13.4,unnamed waterway
1954671,-2327,river,27.6,unnamed waterway
59672812,-2328,river,12.1,unnamed waterway
105508659,-2328,river,1.1,unnamed waterway
59672812,-2329,river,20.5,unnamed waterway
105508845,-2329,river,3.7,unnamed waterway
931647,-2329,river,19.3,unnamed waterway
105508717,-2330,river,24.4,Namea Creek
105508831,-2330,river,12.2,Namea Creek
144354652,-2330,river,0.0,Namea Creek
144354662,-2330,river,26.8,Namea Creek
144354686,-2331,river,20.3,unnamed waterway
931647,-2332,river,1.3,unnamed waterway
59877433,-2333,river,5.5,North Sylvia Creek
931647,-2333,river,25.0,North Sylvia Creek
144354748,-2334,river,0.0,unnamed waterway
931647,-2334,river,9.4,unnamed waterway
59877433,-2335,river,19.9,North Sylvia Creek
105508839,-2336,river,10.2,unnamed waterway
144354806,-2336,river,0.0,unnamed waterway
931647,-2336,river,14.7,unnamed waterway
59646714,-2337,river,10.9,Minnewawa Creek
59770370,-2337,river,0.2,Minnewawa Creek
105508661,-2337,river,1.2,Minnewawa Creek
931647,-2337,river,14.8,Minnewawa Creek
2998019,-2338,river,26.4,unnamed waterway
2998021,-2338,river,21.6,unnamed waterway
144394381,-2339,river,13.4,unnamed waterway
144394416,-2339,river,25.0,unnamed waterway
144394416,-2340,river,0.0,unnamed waterway
144394618,-2341,river,0.0,unnamed waterway
144394713,-2341,river,26.3,unnamed waterway
144394713,-2342,river,0.0,unnamed waterway
144438002,-2342,river,0.0,unnamed waterway
569434069,-2343,river,24.1,unnamed waterway
1955215,-2344,river,0.0,unnamed waterway
2998019,-2344,river,0.0,unnamed waterway
2998019,-2345,river,21.2,unnamed waterway
59667414,-2346,river,11.5,unnamed waterway
1955237,-2346,river,19.4,unnamed waterway
2998019,-2347,river,26.4,unnamed waterway
144396353,-2348,river,19.2,unnamed waterway
2998019,-2348,river,19.5,unnamed waterway
1955720,-2349,river,0.0,Mink Creek
2998019,-2349,river,23.8,Mink Creek
144438048,-2350,river,0.0,unnamed waterway
569434068,-2350,river,11.1,unnamed waterway
59769811,-2351,river,10.9,unnamed waterway
144438035,-2351,river,21.9,unnamed waterway
2998019,-2352,river,27.2,unnamed waterway
144450179,-2353,river,0.0,unnamed waterway
144450302,-2353,river,27.5,unnamed waterway
144450179,-2354,river,21.4,unnamed waterway
144450201,-2354,river,0.0,unnamed waterway
59675760,-2355,river,28.6,unnamed waterway
1955886,-2355,river,20.8,unnamed waterway
1955887,-2355,river,24.0,unnamed waterway
2998019,-2355,river,23.6,unnamed waterway
59675760,-2356,river,5.5,unnamed waterway
1955887,-2356,river,0.0,unnamed waterway
1956468,-2357,river,0.0,unnamed waterway
3380586,-2357,river,25.0,unnamed waterway
1956468,-2358,river,21.0,unnamed waterway
1956469,-2358,river,0.0,unnamed waterway
144554005,-2359,river,0.0,unnamed waterway
1956469,-2359,river,0.0,unnamed waterway
144537733,-2360,river,22.8,unnamed waterway
144554076,-2360,river,0.0,unnamed waterway
144537806,-2361,river,24.3,unnamed waterway
3380586,-2361,river,11.7,unnamed waterway
144554005,-2362,river,24.1,unnamed waterway
144554051,-2362,river,11.0,unnamed waterway
144554051,-2363,river,26.5,unnamed waterway
144554183,-2363,river,0.0,unnamed waterway
144554266,-2364,river,25.3,unnamed waterway
144554272,-2364,river,0.0,unnamed waterway
1956612,-2364,river,0.0,unnamed waterway
1956613,-2365,river,25.0,unnamed waterway
1956613,-2366,river,17.1,unnamed waterway
144554183,-2367,river,24.8,unnamed waterway
1956612,-2368,river,17.3,unnamed waterway
1956613,-2368,river,0.0,unnamed waterway
144554301,-2369,river,0.0,unnamed waterway
3380586,-2369,river,22.1,unnamed waterway
144597037,-2370,river,0.0,unnamed waterway
1956876,-2370,river,0.0,unnamed waterway
144575514,-2371,river,24.8,unnamed waterway
144577104,-2371,river,26.4,unnamed waterway
144577421,-2371,river,0.0,unnamed waterway
144597560,-2371,river,0.0,unnamed waterway
144577104,-2372,river,0.0,unnamed waterway
144597235,-2372,river,0.0,unnamed waterway
144597293,-2373,river,3.0,unnamed waterway
144597322,-2373,river,23.1,unnamed waterway
144575514,-2374,river,12.0,unnamed waterway
144597672,-2374,river,24.7,unnamed waterway
144795533,-2375,river,0.0,unnamed waterway
1958958,-2375,river,22.2,unnamed waterway
144576727,-2377,river,0.0,unnamed waterway
144576929,-2377,river,0.0,unnamed waterway
144576929,-2378,river,15.3,unnamed waterway
144597810,-2378,river,0.0,unnamed waterway
59643359,-2379,river,0.0,unnamed waterway
144597829,-2379,river,0.0,unnamed waterway
144597810,-2380,river,21.0,unnamed waterway
106580244,-2381,river,30.0,unnamed waterway
144352315,-2382,river,19.6,Totem Creek
1958321,-2382,river,11.2,Totem Creek
104345943,-2383,river,4.9,unnamed waterway
144352315,-2383,river,23.1,unnamed waterway
144733179,-2384,river,17.5,unnamed waterway
1958321,-2385,river,0.0,unnamed waterway
1958321,-2386,river,24.7,unnamed waterway
144733207,-2387,river,22.8,unnamed waterway
1958321,-2388,river,19.4,unnamed waterway
144733226,-2389,river,0.0,unnamed waterway
144733226,-2390,river,16.0,Judy Creek
144733234,-2390,river,0.0,Judy Creek
144733229,-2391,river,19.7,Judy Creek
932794,-2391,river,11.0,Judy Creek
144733234,-2392,river,23.0,Judy Creek
144761561,-2392,river,2.4,Judy Creek
1958552,-2393,river,0.0,unnamed waterway
1958551,-2394,river,26.4,unnamed waterway
144761561,-2395,river,0.0,unnamed waterway
1958551,-2395,river,18.4,unnamed waterway
1958551,-2396,river,24.1,unnamed waterway
144761481,-2397,river,8.2,unnamed waterway
144761561,-2398,river,17.4,unnamed waterway
144761561,-2399,river,21.3,Maple Creek
144762240,-2399,river,17.2,Maple Creek
144762348,-2399,river,0.0,Maple Creek
144762376,-2399,river,26.4,Maple Creek
1958558,-2399,river,20.1,Maple Creek
3210119,-2399,river,9.3,Maple Creek
144762376,-2400,river,0.0,unnamed waterway
1958558,-2401,river,0.0,unnamed waterway
144795284,-2402,river,21.0,unnamed waterway
144795284,-2403,river,13.3,unnamed waterway
144795332,-2403,river,0.0,unnamed waterway
144795332,-2404,river,17.5,unnamed waterway
1958959,-2405,river,16.7,unnamed waterway
1958959,-2406,river,16.5,unnamed waterway
144795478,-2407,river,0.0,unnamed waterway
1958959,-2407,river,10.0,unnamed waterway
1958959,-2408,river,20.0,unnamed waterway
1958958,-2409,river,28.4,unnamed waterway
144795597,-2410,river,14.9,unnamed waterway
1958968,-2410,river,0.0,unnamed waterway
1958958,-2411,river,17.3,unnamed waterway
1958968,-2411,river,19.2,unnamed waterway
144795682,-2412,river,5.4,unnamed waterway
1958958,-2412,river,28.1,unnamed waterway
1958958,-2413,river,28.8,unnamed waterway
3380585,-2414,river,17.0,unnamed waterway
144843181,-2415,river,25.5,unnamed waterway
144843181,-2416,river,0.0,unnamed waterway
2152737,-2417,river,28.3,unnamed waterway
2152738,-2417,river,0.0,unnamed waterway
2152737,-2418,river,1.0,unnamed waterway
2152739,-2418,river,27.1,unnamed waterway
2152739,-2419,river,21.9,unnamed waterway
161005620,-2420,river,19.3,unnamed waterway
2152739,-2420,river,22.8,unnamed waterway
161003346,-2421,river,0.0,unnamed waterway
161003380,-2421,river,5.4,unnamed waterway
161005620,-2422,river,23.9,unnamed waterway
9448577,-2423,river,26.6,Brain Creek
9448579,-2423,river,23.1,Brain Creek
680795600,-2424,river,19.2,unnamed waterway
9448586,-2424,river,23.4,unnamed waterway
680795600,-2425,river,21.1,Cauchon Creek
680795748,-2425,river,7.2,Cauchon Creek
9448581,-2425,river,13.3,Cauchon Creek
13073534,-2425,river,24.0,Cauchon Creek
680795621,-2426,river,27.9,unnamed waterway
680795811,-2427,river,23.7,unnamed waterway
680795633,-2428,river,21.5,unnamed waterway
680795724,-2428,river,0.0,unnamed waterway
13073534,-2428,river,21.5,unnamed waterway
9448586,-2429,river,20.6,unnamed waterway
680795815,-2430,river,23.8,unnamed waterway
680795621,-2432,river,22.5,unnamed waterway
680795694,-2433,river,22.0,unnamed waterway
680795788,-2433,river,23.7,unnamed waterway
680795742,-2434,river,20.2,unnamed waterway
13073534,-2434,river,21.9,unnamed waterway
680795632,-2435,river,19.7,unnamed waterway
680795811,-2435,river,26.3,unnamed waterway
9448585,-2435,river,25.1,unnamed waterway
680795815,-2436,river,0.0,unnamed waterway
9448587,-2436,river,18.3,unnamed waterway
680795600,-2437,river,0.0,unnamed waterway
680795621,-2437,river,29.1,unnamed waterway
680795600,-2438,river,23.8,unnamed waterway
680795694,-2438,river,14.4,unnamed waterway
680795600,-2439,river,21.4,unnamed waterway
9448583,-2439,river,28.0,unnamed waterway
680795621,-2440,river,24.2,unnamed waterway
681014674,-2442,river,22.2,Thompson Creek
681014761,-2442,river,22.4,Thompson Creek
1951871,-2443,river,19.7,unnamed waterway
105508649,-2443,river,0.0,unnamed waterway
707859637,-2444,river,0.0,Cauchon Creek
9843628,-2444,river,24.2,Cauchon Creek
13736908,-2444,river,22.8,Cauchon Creek
106590819,-2445,river,0.0,unnamed waterway
1353972924,-2445,river,21.5,unnamed waterway
932753,-2445,river,0.0,unnamed waterway
106590805,-2446,river,20.3,unnamed waterway
106590866,-2446,river,23.0,unnamed waterway
106590843,-2447,river,0.0,unnamed waterway
106590879,-2447,river,0.0,unnamed waterway
106590819,-2448,river,25.0,unnamed waterway
106590866,-2448,river,0.0,unnamed waterway
1519748,-2449,river,0.0,unnamed waterway
106590819,-2450,river,24.5,unnamed waterway
106590965,-2450,river,23.2,unnamed waterway
106590779,-2451,river,26.5,unnamed waterway
106590965,-2451,river,2.3,unnamed waterway
1353972924,-2453,river,10.7,Solitaire Creek
1519748,-2453,river,13.4,Solitaire Creek
78517252,-2454,river,17.8,Pukina Creek
78517786,-2454,river,27.8,Pukina Creek
2973149,-2454,river,10.5,Pukina Creek
78516848,-2455,river,0.0,unnamed waterway
78517044,-2456,river,19.9,Wendigoes Creek
78517125,-2456,river,9.9,Wendigoes Creek
2973149,-2456,river,0.0,Wendigoes Creek
78516814,-2457,river,12.9,unnamed waterway
13125164,-2457,river,0.0,unnamed waterway
78516805,-2458,river,17.9,unnamed waterway
78517233,-2458,river,25.5,unnamed waterway
78517148,-2459,river,8.8,unnamed waterway
78517233,-2459,river,6.9,unnamed waterway
2973149,-2459,river,0.0,unnamed waterway
78517279,-2460,river,22.2,unnamed waterway
2973149,-2460,river,18.6,unnamed waterway
78516834,-2461,river,13.9,Petawawa River
78516867,-2461,river,20.6,Petawawa River
104083634,-2461,river,0.0,Petawawa River
104083867,-2461,river,21.9,Petawawa River
104083889,-2461,river,0.0,Petawawa River
976161216,-2461,river,7.8,Petawawa River
1188960604,-2461,river,4.7,Petawawa River
1474454,-2461,river,8.9,Petawawa River
2973149,-2461,river,20.8,Petawawa River
13125163,-2461,river,12.9,Petawawa River
13125164,-2461,river,0.0,Petawawa River
78517108,-2462,river,28.1,unnamed waterway
78517125,-2462,river,19.2,unnamed waterway
78516895,-2463,river,14.1,Folly Creek
78517020,-2463,river,0.0,Folly Creek
78517162,-2463,river,15.6,Folly Creek
78517294,-2464,river,9.7,Nenemousha Creek
78602701,-2464,river,12.0,Nenemousha Creek
78516993,-2465,river,25.3,unnamed waterway
78516830,-2466,river,12.5,unnamed waterway
78517180,-2466,river,4.1,unnamed waterway
13125163,-2467,river,18.2,unnamed waterway
78517183,-2468,river,0.0,Waymuk Creek
104083507,-2468,river,0.0,Waymuk Creek
13125164,-2468,river,0.0,Waymuk Creek
78516993,-2469,river,0.0,unnamed waterway
78517168,-2469,river,24.4,unnamed waterway
78516846,-2470,river,15.6,Nenemousha Creek
78517294,-2470,river,23.8,Nenemousha Creek
2973149,-2471,river,0.0,unnamed waterway
78528474,-2472,river,0.0,unnamed waterway
78528182,-2472,river,0.0,unnamed waterway
78528156,-2473,river,21.8,Cap Creek
78528178,-2473,river,25.3,Cap Creek
78528233,-2473,river,22.3,Cap Creek
78528371,-2473,river,0.0,Cap Creek
78528507,-2473,river,0.0,Cap Creek
78528770,-2473,river,17.2,Cap Creek
707844603,-2473,river,26.5,Cap Creek
707845478,-2473,river,25.7,Cap Creek
707845542,-2473,river,8.1,Cap Creek
707845634,-2473,river,20.6,Cap Creek
1187437,-2473,river,10.2,Cap Creek
9843467,-2473,river,28.1,Cap Creek
78528358,-2474,river,11.8,unnamed waterway
78528671,-2474,river,9.3,unnamed waterway
78528251,-2475,river,15.9,unnamed waterway
78528377,-2475,river,22.9,unnamed waterway
78528759,-2476,river,0.0,unnamed waterway
977578619,-2476,river,10.7,unnamed waterway
78528177,-2477,river,12.5,Petawawa River
106602509,-2477,river,18.5,Petawawa River
222042186,-2477,river,5.3,Petawawa River
222042188,-2477,river,18.5,Petawawa River
977578619,-2477,river,11.6,Petawawa River
977578621,-2477,river,5.3,Petawawa River
2937418,-2477,river,26.6,Petawawa River
13140332,-2477,river,3.6,Petawawa River
18050393,-2477,river,1.1,Petawawa River
78528156,-2478,river,17.7,Plover Creek
707845077,-2478,river,20.0,Plover Creek
707845475,-2478,river,21.6,Plover Creek
1188242,-2478,river,0.0,Plover Creek
78528063,-2479,river,18.8,Battery Creek
78602339,-2479,river,12.8,Battery Creek
78602688,-2479,river,17.5,Battery Creek
18050393,-2479,river,25.8,Battery Creek
78528177,-2480,river,0.0,Pauguk Creek
78528483,-2480,river,24.7,Pauguk Creek
78602499,-2480,river,0.0,Pauguk Creek
78528182,-2481,river,16.8,unnamed waterway
78528360,-2481,river,22.5,unnamed waterway
78602571,-2482,river,25.9,Battery Creek
78602688,-2482,river,0.0,Battery Creek
78602801,-2482,river,27.7,Battery Creek
78602738,-2483,river,0.0,unnamed waterway
78602366,-2484,river,9.9,Nenemousha Creek
78602701,-2484,river,0.0,Nenemousha Creek
78602738,-2485,river,21.8,unnamed waterway
78602811,-2485,river,0.0,unnamed waterway
106602650,-2486,river,0.0,unnamed waterway
1188242,-2486,river,21.7,unnamed waterway
104083487,-2487,river,24.8,unnamed waterway
1474462,-2487,river,0.0,unnamed waterway
13125164,-2487,river,0.0,unnamed waterway
104083554,-2488,river,29.1,unnamed waterway
104083824,-2488,river,11.3,unnamed waterway
2973186,-2488,river,0.0,unnamed waterway
104083468,-2489,river,13.7,Lantern Creek
104083669,-2489,river,0.0,Lantern Creek
104083468,-2490,river,29.1,unnamed waterway
104083526,-2491,river,10.7,unnamed waterway
104083622,-2491,river,20.0,unnamed waterway
104083660,-2491,river,25.7,unnamed waterway
104083720,-2492,river,16.2,unnamed waterway
2973186,-2492,river,0.0,unnamed waterway
104083541,-2493,river,0.0,unnamed waterway
1519668,-2493,river,0.0,unnamed waterway
2973186,-2494,river,0.0,unnamed waterway
104145509,-2495,river,0.0,Belle Creek
104145705,-2495,river,0.0,Belle Creek
104145537,-2495,river,0.0,Belle Creek
104145637,-2496,river,28.8,unnamed waterway
2973186,-2496,river,29.3,unnamed waterway
104145554,-2497,river,0.0,unnamed waterway
104145810,-2497,river,0.0,unnamed waterway
104145554,-2498,river,0.0,unnamed waterway
104145564,-2498,river,9.9,unnamed waterway
104145418,-2499,river,24.1,unnamed waterway
104145734,-2499,river,0.0,unnamed waterway
104145614,-2500,river,0.0,unnamed waterway
104145736,-2500,river,15.6,unnamed waterway
104145537,-2501,river,22.7,Belle Creek
104145736,-2501,river,0.0,Belle Creek
104145577,-2502,river,0.0,unnamed waterway
2973186,-2502,river,24.2,unnamed waterway
104145676,-2503,river,8.1,unnamed waterway
104145736,-2503,river,0.0,unnamed waterway
104145434,-2504,river,19.7,unnamed waterway
104145810,-2504,river,25.9,unnamed waterway
104145418,-2505,river,25.7,unnamed waterway
104145580,-2505,river,0.0,unnamed waterway
106579734,-2506,river,21.6,Gilmour Creek
106579942,-2506,river,14.6,Gilmour Creek
106579997,-2506,river,7.2,Gilmour Creek
106580231,-2506,river,27.7,Gilmour Creek
106580237,-2506,river,18.9,Gilmour Creek
106580246,-2506,river,26.2,Gilmour Creek
106580247,-2506,river,12.2,Gilmour Creek
707859452,-2506,river,23.2,Gilmour Creek
2973149,-2506,river,18.0,Gilmour Creek
9843625,-2506,river,14.9,Gilmour Creek
106579956,-2507,river,4.2,unnamed waterway
106580375,-2507,river,24.0,unnamed waterway
106580383,-2507,river,19.8,unnamed waterway
106579990,-2508,river,0.0,unnamed waterway
106580379,-2508,river,0.0,unnamed waterway
2973149,-2508,river,0.0,unnamed waterway
707859424,-2509,river,17.1,unnamed waterway
707859454,-2509,river,7.3,unnamed waterway
707859503,-2509,river,22.5,unnamed waterway
707859612,-2509,river,25.7,unnamed waterway
707859680,-2509,river,25.4,unnamed waterway
9843629,-2509,river,29.1,unnamed waterway
106579844,-2510,river,24.4,unnamed waterway
106579990,-2510,river,0.0,unnamed waterway
106580376,-2510,river,0.0,unnamed waterway
104083545,-2511,river,17.3,unnamed waterway
1519668,-2511,river,0.0,unnamed waterway
106580012,-2512,river,0.0,unnamed waterway
106580375,-2512,river,0.0,unnamed waterway
106579981,-2513,river,0.0,unnamed waterway
106580411,-2513,river,0.0,unnamed waterway
1519741,-2514,river,0.0,unnamed waterway
106579960,-2514,river,0.0,unnamed waterway
1519668,-2514,river,14.7,unnamed waterway
106580243,-2515,river,0.0,unnamed waterway
2973149,-2515,river,22.7,unnamed waterway
106580012,-2516,river,22.4,unnamed waterway
1519668,-2516,river,12.6,unnamed waterway
106579990,-2517,river,0.0,unnamed waterway
106580404,-2517,river,0.0,unnamed waterway
1519668,-2518,river,0.0,unnamed waterway
106580384,-2519,river,0.0,unnamed waterway
21091548,-2519,river,0.0,unnamed waterway
106579989,-2520,river,0.0,unnamed waterway
106580052,-2520,river,22.6,unnamed waterway
106580015,-2521,river,10.4,unnamed waterway
106580065,-2521,river,20.0,unnamed waterway
106579961,-2522,river,28.3,unnamed waterway
106580012,-2522,river,13.2,unnamed waterway
106579949,-2523,river,20.3,unnamed waterway
2973149,-2523,river,23.4,unnamed waterway
2973149,-2524,river,0.0,unnamed waterway
106580408,-2525,river,28.7,unnamed waterway
1519668,-2525,river,8.5,unnamed waterway
106579983,-2526,river,16.9,unnamed waterway
13125162,-2526,river,12.7,unnamed waterway
106579935,-2527,river,15.1,unnamed waterway
106580012,-2527,river,0.0,unnamed waterway
106590888,-2528,river,0.0,unnamed waterway
1519668,-2528,river,0.0,unnamed waterway
106580015,-2529,river,8.0,unnamed waterway
1519668,-2529,river,21.0,unnamed waterway
106579989,-2530,river,21.7,unnamed waterway
9843628,-2530,river,0.0,unnamed waterway
106580411,-2531,river,0.0,unnamed waterway
2973149,-2531,river,0.0,unnamed waterway
106583996,-2532,river,0.0,unnamed waterway
106585176,-2532,river,6.2,unnamed waterway
1519706,-2532,river,0.0,unnamed waterway
78517038,-2533,river,0.0,Petawawa River
106583011,-2533,river,21.2,Petawawa River
106583772,-2533,river,21.0,Petawawa River
106585198,-2533,river,0.0,Petawawa River
106585232,-2533,river,8.4,Petawawa River
106585250,-2533,river,0.0,Petawawa River
106602420,-2533,river,10.3,Petawawa River
106602565,-2533,river,26.6,Petawawa River
106602605,-2533,river,15.9,Petawawa River
726383430,-2533,river,0.0,Petawawa River
977578664,-2533,river,7.1,Petawawa River
977578668,-2533,river,9.0,Petawawa River
1519902,-2533,river,6.6,Petawawa River
1519904,-2533,river,0.0,Petawawa River
2937418,-2533,river,0.0,Petawawa River
2973149,-2533,river,0.0,Petawawa River
13140333,-2533,river,8.0,Petawawa River
106583113,-2534,river,9.3,Ghost Creek
106583140,-2534,river,3.8,Ghost Creek
106583209,-2534,river,6.3,Ghost Creek
106583711,-2534,river,0.0,Ghost Creek
106583890,-2534,river,20.0,Ghost Creek
106583910,-2534,river,15.0,Ghost Creek
106584184,-2534,river,16.8,Ghost Creek
106585242,-2534,river,27.6,Ghost Creek
106585256,-2534,river,17.2,Ghost Creek
2973149,-2534,river,27.8,Ghost Creek
106583690,-2535,river,8.7,Peboan Creek
106584132,-2535,river,20.6,Peboan Creek
2973149,-2535,river,0.0,Peboan Creek
106583108,-2536,river,12.7,unnamed waterway
106583267,-2536,river,0.0,unnamed waterway
106583417,-2536,river,24.7,unnamed waterway
106583642,-2536,river,15.8,unnamed waterway
2973149,-2536,river,24.7,unnamed waterway
106585373,-2537,river,19.8,unnamed waterway
2973149,-2537,river,0.0,unnamed waterway
28821262,-2538,river,23.7,Gilmour Creek
106583940,-2538,river,12.5,Gilmour Creek
9839701,-2538,river,23.1,Gilmour Creek
1519707,-2539,river,17.2,unnamed waterway
2973149,-2539,river,0.0,unnamed waterway
106583664,-2540,river,7.0,unnamed waterway
106583772,-2540,river,19.6,unnamed waterway
2973149,-2541,river,18.3,unnamed waterway
28820855,-2542,river,24.2,Shingeris Creek
106583303,-2542,river,0.0,Shingeris Creek
106590850,-2543,river,0.0,unnamed waterway
106579985,-2544,river,0.0,unnamed waterway
106590793,-2544,river,20.7,unnamed waterway
106590841,-2544,river,0.0,unnamed waterway
106590906,-2544,river,0.0,unnamed waterway
106590763,-2545,river,9.9,unnamed waterway
106590781,-2545,river,27.1,unnamed waterway
106590897,-2546,river,0.0,unnamed waterway
1519741,-2547,river,26.4,unnamed waterway
680795666,-2547,river,25.4,unnamed waterway
9448588,-2547,river,26.0,unnamed waterway
1519741,-2548,river,0.0,unnamed waterway
106590764,-2548,river,0.0,unnamed waterway
106590826,-2549,river,0.0,unnamed waterway
106590865,-2549,river,0.0,unnamed waterway
106590865,-2550,river,0.0,unnamed waterway
106590906,-2550,river,0.0,unnamed waterway
1519741,-2551,river,0.0,unnamed waterway
680795657,-2551,river,7.6,unnamed waterway
106602608,-2552,river,25.0,Menona Creek
1519903,-2552,river,20.2,Menona Creek
106602369,-2553,river,0.0,North River
106602511,-2553,river,0.0,North River
106602574,-2553,river,26.1,North River
680569320,-2553,river,0.0,North River
1519900,-2553,river,0.0,North River
9445138,-2553,river,18.2,North River
16086962,-2553,river,14.8,North River
106602420,-2554,river,5.3,unnamed waterway
1519904,-2554,river,5.3,unnamed waterway
106602546,-2555,river,18.7,unnamed waterway
106602575,-2555,river,17.5,unnamed waterway
106602544,-2556,river,0.0,George Creek
106602606,-2556,river,17.8,George Creek
106602565,-2557,river,26.6,Kabibonoka Creek
106602600,-2557,river,0.0,Kabibonoka Creek
106602650,-2558,river,21.2,unnamed waterway
106602606,-2559,river,15.6,George Creek
1519902,-2559,river,22.1,George Creek
106602546,-2560,river,22.2,unnamed waterway
106602579,-2560,river,0.0,unnamed waterway
106602448,-2561,river,0.0,Menona Creek
106602608,-2561,river,14.8,Menona Creek
106602437,-2562,river,27.9,unnamed waterway
16086962,-2562,river,0.0,unnamed waterway
680569605,-2563,river,21.9,unnamed waterway
680569397,-2564,river,17.4,Wabimimi Creek
680569504,-2564,river,20.2,Wabimimi Creek
680569505,-2564,river,25.6,Wabimimi Creek
680569526,-2564,river,23.3,Wabimimi Creek
680569537,-2564,river,11.2,Wabimimi Creek
680569554,-2564,river,26.4,Wabimimi Creek
680569565,-2564,river,9.0,Wabimimi Creek
680569591,-2564,river,21.3,Wabimimi Creek
680569593,-2564,river,23.7,Wabimimi Creek
9445136,-2564,river,0.0,Wabimimi Creek
9445138,-2564,river,17.2,Wabimimi Creek
9733294,-2564,river,20.1,Wabimimi Creek
680569510,-2565,river,6.4,unnamed waterway
680569598,-2566,river,21.2,unnamed waterway
680569604,-2566,river,13.4,unnamed waterway
9445138,-2566,river,15.0,unnamed waterway
9445143,-2567,river,25.2,North Corbeau Creek
680569596,-2568,river,21.1,unnamed waterway
680569599,-2568,river,0.0,unnamed waterway
680569546,-2569,river,16.1,unnamed waterway
16086962,-2569,river,17.0,unnamed waterway
9733292,-2570,river,28.2,unnamed waterway
680569544,-2571,river,20.6,unnamed waterway
680569545,-2571,river,9.9,unnamed waterway
680569501,-2572,river,17.2,unnamed waterway
680569557,-2572,river,22.2,unnamed waterway
16086962,-2572,river,15.0,unnamed waterway
680569617,-2573,river,20.6,unnamed waterway
680569499,-2574,river,26.9,unnamed waterway
9733294,-2574,river,19.9,unnamed waterway
680569510,-2575,river,20.9,unnamed waterway
680569545,-2576,river,20.1,unnamed waterway
680569572,-2576,river,22.4,unnamed waterway
680569581,-2576,river,25.9,unnamed waterway
680569512,-2577,river,1.4,unnamed waterway
680569513,-2577,river,20.3,unnamed waterway
680569521,-2577,river,29.4,unnamed waterway
680569574,-2577,river,11.7,unnamed waterway
680569577,-2577,river,22.2,unnamed waterway
707845878,-2577,river,12.8,unnamed waterway
9843448,-2577,river,25.0,unnamed waterway
680569544,-2578,river,8.2,unnamed waterway
680569602,-2579,river,24.4,unnamed waterway
680569614,-2579,river,0.0,unnamed waterway
680569527,-2580,river,3.6,unnamed waterway
680569531,-2580,river,26.6,unnamed waterway
680569622,-2580,river,23.0,unnamed waterway
680569597,-2582,river,18.0,unnamed waterway
680569618,-2583,river,8.7,unnamed waterway
707418183,-2583,river,13.4,unnamed waterway
707418198,-2583,river,6.8,unnamed waterway
707418205,-2583,river,22.8,unnamed waterway
707418208,-2583,river,16.6,unnamed waterway
707418214,-2583,river,17.6,unnamed waterway
9733294,-2583,river,27.7,unnamed waterway
680569522,-2584,river,0.0,unnamed waterway
680569562,-2584,river,18.4,unnamed waterway
16086962,-2584,river,21.1,unnamed waterway
680569500,-2586,river,3.6,unnamed waterway
680569566,-2586,river,17.4,unnamed waterway
680569562,-2587,river,15.6,unnamed waterway
9843438,-2587,river,19.0,unnamed waterway
106602546,-2588,river,23.9,Wabimimi Creek
680569561,-2588,river,10.1,Wabimimi Creek
680569585,-2588,river,21.2,Wabimimi Creek
680569586,-2588,river,3.0,Wabimimi Creek
680569606,-2589,river,22.9,unnamed waterway
680569499,-2590,river,25.3,unnamed waterway
680569579,-2590,river,16.7,unnamed waterway
680569567,-2591,river,21.4,unnamed waterway
680569600,-2592,river,7.8,unnamed waterway
700512781,-2593,river,24.1,unnamed waterway
9445139,-2593,river,24.8,unnamed waterway
9733292,-2593,river,24.0,unnamed waterway
680569538,-2594,river,17.1,unnamed waterway
680569608,-2594,river,1.4,unnamed waterway
680569573,-2595,river,10.6,unnamed waterway
680569582,-2595,river,2.0,unnamed waterway
9445138,-2595,river,21.4,unnamed waterway
680569558,-2596,river,24.1,unnamed waterway
16086962,-2596,river,21.3,unnamed waterway
680569569,-2597,river,19.1,unnamed waterway
9445138,-2597,river,18.4,unnamed waterway
680569513,-2598,river,20.6,unnamed waterway
16086962,-2598,river,21.4,unnamed waterway
680569519,-2599,river,18.4,unnamed waterway
680569552,-2599,river,17.7,unnamed waterway
680569547,-2600,river,5.6,unnamed waterway
680569558,-2600,river,22.8,unnamed waterway
707845703,-2601,river,18.8,Deux Rivières Creek
680569582,-2603,river,27.0,unnamed waterway
680569587,-2603,river,8.9,unnamed waterway
680569523,-2604,river,27.3,unnamed waterway
680569554,-2605,river,20.2,unnamed waterway
680569608,-2605,river,15.2,unnamed waterway
680569531,-2606,river,24.2,unnamed waterway
680569611,-2607,river,24.4,unnamed waterway
9445138,-2607,river,26.9,unnamed waterway
680569529,-2608,river,20.1,unnamed waterway
16086962,-2608,river,22.8,unnamed waterway
680569526,-2609,river,7.2,unnamed waterway
680569612,-2609,river,19.4,unnamed waterway
680569558,-2610,river,23.4,unnamed waterway
680609845,-2612,river,13.4,Villeneuve Creek
680609974,-2612,river,29.4,Villeneuve Creek
707859121,-2612,river,0.0,Villeneuve Creek
707859161,-2612,river,11.4,Villeneuve Creek
680609946,-2613,river,28.3,Hawkesbury Creek
680610005,-2613,river,24.0,Hawkesbury Creek
680609937,-2614,river,23.6,unnamed waterway
680610074,-2614,river,15.1,unnamed waterway
680609946,-2615,river,25.6,unnamed waterway
680609990,-2615,river,26.2,unnamed waterway
680610042,-2615,river,2.8,unnamed waterway
680610090,-2615,river,21.6,unnamed waterway
9448577,-2616,river,26.2,Villeneuve Creek
680609974,-2616,river,0.0,Villeneuve Creek
680795615,-2616,river,28.2,Villeneuve Creek
680795706,-2616,river,27.7,Villeneuve Creek
680795786,-2616,river,27.0,Villeneuve Creek
681014743,-2616,river,28.6,Villeneuve Creek
707859136,-2616,river,14.4,Villeneuve Creek
707859148,-2616,river,28.2,Villeneuve Creek
680610005,-2617,river,25.4,unnamed waterway
680609990,-2619,river,26.3,unnamed waterway
707859158,-2619,river,21.9,unnamed waterway
680795706,-2621,river,22.0,unnamed waterway
680795616,-2622,river,0.0,unnamed waterway
9843627,-2623,river,25.0,unnamed waterway
680795603,-2624,river,1.1,Loxley Creek
680795685,-2625,river,23.9,unnamed waterway
9448579,-2626,river,14.3,unnamed waterway
9448584,-2627,river,21.1,unnamed waterway
680795826,-2628,river,18.0,unnamed waterway
681014777,-2628,river,16.3,unnamed waterway
9448589,-2628,river,20.6,unnamed waterway
9448579,-2629,river,27.4,unnamed waterway
680795616,-2630,river,18.6,Hurdman Creek
707859649,-2630,river,20.1,Hurdman Creek
21089651,-2630,river,10.2,Hurdman Creek
680795827,-2631,river,24.7,unnamed waterway
9448579,-2631,river,25.1,unnamed waterway
9448584,-2631,river,14.9,unnamed waterway
680795603,-2632,river,21.0,Loxley Creek
9843628,-2632,river,24.7,Loxley Creek
9843627,-2633,river,21.4,unnamed waterway
680795685,-2634,river,25.5,Hurdman Creek
9843627,-2634,river,9.9,Hurdman Creek
13158857,-2634,river,0.0,Hurdman Creek
21089651,-2634,river,14.0,Hurdman Creek
680795616,-2635,river,20.6,unnamed waterway
680795772,-2635,river,19.4,unnamed waterway
680795666,-2636,river,22.1,unnamed waterway
9448578,-2636,river,26.5,unnamed waterway
9448584,-2637,river,23.0,unnamed waterway
680795772,-2638,river,25.1,unnamed waterway
21089651,-2639,river,28.3,unnamed waterway
707859136,-2640,river,24.4,unnamed waterway
9843627,-2641,river,25.8,unnamed waterway
680795643,-2642,river,18.7,unnamed waterway
680795615,-2643,river,26.0,unnamed waterway
680795685,-2644,river,27.0,unnamed waterway
680795772,-2645,river,21.3,unnamed waterway
707859125,-2645,river,6.4,unnamed waterway
707859164,-2645,river,9.9,unnamed waterway
680795826,-2646,river,8.1,unnamed waterway
9843628,-2647,river,0.0,unnamed waterway
680795685,-2648,river,28.5,unnamed waterway
681014777,-2649,river,19.7,unnamed waterway
700512741,-2650,river,24.8,unnamed waterway
700512861,-2650,river,25.0,unnamed waterway
700512752,-2651,river,13.1,unnamed waterway
700512861,-2651,river,24.3,unnamed waterway
9733294,-2651,river,17.7,unnamed waterway
700512856,-2652,river,9.9,unnamed waterway
700512865,-2652,river,24.8,unnamed waterway
9733292,-2652,river,25.0,unnamed waterway
700512877,-2653,river,12.5,unnamed waterway
707400399,-2653,river,19.2,unnamed waterway
700512766,-2654,river,15.6,unnamed waterway
700512787,-2654,river,10.4,unnamed waterway
700512814,-2654,river,27.8,unnamed waterway
700512829,-2654,river,11.2,unnamed waterway
700512834,-2654,river,15.9,unnamed waterway
700512838,-2654,river,25.0,unnamed waterway
700512874,-2654,river,28.3,unnamed waterway
700512903,-2654,river,7.8,unnamed waterway
707417941,-2654,river,25.2,unnamed waterway
707418027,-2654,river,26.2,unnamed waterway
9733294,-2654,river,28.8,unnamed waterway
700512855,-2655,river,9.2,unnamed waterway
700512866,-2655,river,9.5,unnamed waterway
700512769,-2657,river,26.0,unnamed waterway
700512865,-2657,river,12.8,unnamed waterway
106584184,-2659,river,23.2,unnamed waterway
700512852,-2659,river,23.1,unnamed waterway
700512880,-2659,river,15.8,unnamed waterway
707400367,-2659,river,16.0,unnamed waterway
700512805,-2660,river,20.5,unnamed waterway
9733294,-2660,river,26.4,unnamed waterway
700512904,-2661,river,24.1,unnamed waterway
9839703,-2661,river,18.8,unnamed waterway
28821262,-2662,river,26.3,Little Gilmour Creek
707400375,-2662,river,26.1,Little Gilmour Creek
707400402,-2662,river,8.0,Little Gilmour Creek
707400422,-2662,river,21.4,Little Gilmour Creek
707418079,-2662,river,9.2,Little Gilmour Creek
707400370,-2663,river,28.3,Little Gilmour Creek
707400399,-2663,river,18.9,Little Gilmour Creek
9839703,-2663,river,2.0,Little Gilmour Creek
28820855,-2664,river,20.1,unnamed waterway
28821262,-2665,river,25.1,unnamed waterway
707400400,-2665,river,13.9,unnamed waterway
28820855,-2666,river,26.3,unnamed waterway
28821262,-2667,river,25.3,unnamed waterway
28821262,-2668,river,24.1,unnamed waterway
28821262,-2669,river,23.2,unnamed waterway
707400398,-2669,river,21.2,unnamed waterway
707418045,-2669,river,27.2,unnamed waterway
707400400,-2670,river,22.6,unnamed waterway
707418045,-2671,river,12.4,unnamed waterway
707418075,-2671,river,22.0,unnamed waterway
707418075,-2672,river,15.6,unnamed waterway
707826899,-2676,river,22.5,unnamed waterway
707826827,-2677,river,11.5,unnamed waterway
707826871,-2677,river,7.1,unnamed waterway
707826893,-2681,river,4.4,unnamed waterway
707826936,-2681,river,10.3,unnamed waterway
707826844,-2682,river,27.7,unnamed waterway
707826929,-2682,river,20.0,unnamed waterway
707845473,-2682,river,17.5,unnamed waterway
707826871,-2685,river,28.0,unnamed waterway
707826827,-2686,river,27.0,unnamed waterway
707844786,-2687,river,20.9,Deux Rivières Creek
707826893,-2688,river,24.8,Little Bissett Creek
707844688,-2689,river,21.4,Plover Creek
707845765,-2689,river,1.4,Plover Creek
9843462,-2689,river,25.5,Plover Creek
707844185,-2690,river,25.2,unnamed waterway
707845301,-2690,river,24.7,unnamed waterway
707845108,-2691,river,26.0,unnamed waterway
707845318,-2692,river,12.2,Blackbass Creek
707845346,-2692,river,0.0,Blackbass Creek
707845423,-2692,river,0.0,Blackbass Creek
707845491,-2692,river,14.0,Blackbass Creek
707845524,-2692,river,23.7,Blackbass Creek
707845847,-2692,river,18.8,Blackbass Creek
707845872,-2692,river,4.0,Blackbass Creek
1519900,-2692,river,27.2,Blackbass Creek
707844538,-2693,river,28.2,unnamed waterway
9843467,-2693,river,22.2,unnamed waterway
707845087,-2694,river,26.9,unnamed waterway
707845616,-2694,river,26.4,unnamed waterway
707844321,-2695,river,19.9,unnamed waterway
707844583,-2695,river,11.0,unnamed waterway
707845911,-2695,river,20.3,unnamed waterway
707845075,-2696,river,4.0,unnamed waterway
707845425,-2696,river,15.8,unnamed waterway
9843472,-2696,river,22.4,unnamed waterway
707845693,-2697,river,25.8,unnamed waterway
707845751,-2697,river,20.9,unnamed waterway
680569613,-2698,river,26.9,unnamed waterway
707845431,-2698,river,23.0,unnamed waterway
9843440,-2698,river,20.8,unnamed waterway
707844231,-2699,river,11.2,North Bissett Creek
9843449,-2699,river,24.4,North Bissett Creek
707844209,-2700,river,9.8,North Bissett Creek
707844231,-2700,river,13.4,North Bissett Creek
707844827,-2700,river,23.7,North Bissett Creek
707844853,-2700,river,8.5,North Bissett Creek
707845011,-2700,river,23.2,North Bissett Creek
707845385,-2700,river,22.2,North Bissett Creek
707845782,-2700,river,9.8,North Bissett Creek
707845793,-2700,river,19.0,North Bissett Creek
707844238,-2701,river,24.7,Bissett Creek
707845207,-2701,river,27.7,Bissett Creek
707845616,-2701,river,25.8,Bissett Creek
707845748,-2701,river,27.5,Bissett Creek
707844339,-2702,river,16.2,unnamed waterway
707844540,-2702,river,21.6,unnamed waterway
707844185,-2703,river,25.3,unnamed waterway
707844677,-2703,river,0.0,unnamed waterway
680569613,-2704,river,23.1,unnamed waterway
707845367,-2704,river,0.0,unnamed waterway
707844302,-2705,river,0.0,unnamed waterway
707844625,-2705,river,11.2,unnamed waterway
707845011,-2706,river,24.5,North Bissett Creek
707845664,-2706,river,17.5,North Bissett Creek
9843472,-2706,river,27.0,North Bissett Creek
707844479,-2707,river,4.6,unnamed waterway
707845703,-2708,river,7.1,unnamed waterway
707845837,-2708,river,23.6,unnamed waterway
707845011,-2709,river,23.7,unnamed waterway
707845561,-2709,river,20.1,unnamed waterway
9843465,-2709,river,22.1,unnamed waterway
707844355,-2710,river,24.7,unnamed waterway
707844771,-2710,river,18.4,unnamed waterway
707844688,-2711,river,0.0,Plover Creek
707845475,-2711,river,28.4,Plover Creek
707844778,-2712,river,18.4,unnamed waterway
707845225,-2712,river,21.9,unnamed waterway
707845445,-2712,river,23.7,unnamed waterway
707844185,-2713,river,29.0,unnamed waterway
707844246,-2713,river,27.2,unnamed waterway
707845449,-2713,river,24.0,unnamed waterway
707844457,-2714,river,25.6,unnamed waterway
707845087,-2714,river,0.0,unnamed waterway
707844857,-2715,river,22.1,unnamed waterway
707845631,-2715,river,11.7,unnamed waterway
707844866,-2716,river,7.6,Alco Creek
707845288,-2716,river,23.8,Alco Creek
707845507,-2716,river,22.8,Alco Creek
707845557,-2716,river,7.8,Alco Creek
680569512,-2717,river,22.8,unnamed waterway
680569521,-2717,river,21.9,unnamed waterway
707845878,-2717,river,21.9,unnamed waterway
9843461,-2717,river,21.9,unnamed waterway
707845275,-2718,river,26.0,unnamed waterway
707845449,-2718,river,0.0,unnamed waterway
707845908,-2718,river,23.5,unnamed waterway
9843441,-2719,river,24.8,unnamed waterway
707844771,-2720,river,22.1,unnamed waterway
707845392,-2721,river,12.6,unnamed waterway
9843467,-2721,river,15.2,unnamed waterway
707845301,-2722,river,27.1,unnamed waterway
707844197,-2723,river,26.2,unnamed waterway
707844885,-2723,river,22.5,unnamed waterway
707844684,-2724,river,0.0,unnamed waterway
707844771,-2724,river,16.7,unnamed waterway
707844757,-2725,river,21.6,unnamed waterway
707844458,-2726,river,15.7,Deux Rivières Creek
707844786,-2726,river,19.7,Deux Rivières Creek
707845096,-2726,river,20.4,Deux Rivières Creek
707844494,-2727,river,17.5,unnamed waterway
707844270,-2728,river,12.2,unnamed waterway
707845077,-2728,river,24.4,unnamed waterway
707845748,-2729,river,14.3,unnamed waterway
707844246,-2730,river,15.0,unnamed waterway
707845693,-2730,river,24.1,unnamed waterway
707844494,-2731,river,9.0,unnamed waterway
707844716,-2731,river,26.4,unnamed waterway
707845108,-2731,river,9.0,unnamed waterway
707844866,-2732,river,21.9,Alco Creek
9843467,-2732,river,13.9,Alco Creek
707844937,-2733,river,26.4,unnamed waterway
707845895,-2733,river,25.2,unnamed waterway
707844182,-2734,river,8.6,unnamed waterway
707845392,-2735,river,26.3,unnamed waterway
707845631,-2736,river,25.1,unnamed waterway
707859158,-2737,river,22.5,unnamed waterway
707859136,-2738,river,25.3,unnamed waterway
707859642,-2739,river,25.3,unnamed waterway
707859687,-2739,river,22.5,unnamed waterway
707859052,-2740,river,24.8,unnamed waterway
707859139,-2740,river,23.7,unnamed waterway
707859148,-2740,river,22.9,unnamed waterway
707859047,-2741,river,24.0,unnamed waterway
707859105,-2741,river,3.0,unnamed waterway
707859625,-2741,river,21.2,unnamed waterway
707859070,-2742,river,25.6,unnamed waterway
707859079,-2742,river,23.4,unnamed waterway
680609845,-2743,river,25.0,unnamed waterway
707859047,-2744,river,25.0,unnamed waterway
707859161,-2745,river,20.6,Villeneuve Creek
9843608,-2745,river,24.8,Villeneuve Creek
707859093,-2746,river,21.2,unnamed waterway
707859048,-2747,river,23.3,unnamed waterway
707859643,-2747,river,22.2,unnamed waterway
707859060,-2748,river,26.1,unnamed waterway
707859136,-2748,river,25.2,unnamed waterway
707859048,-2749,river,19.4,unnamed waterway
707859390,-2749,river,20.1,unnamed waterway
707859402,-2750,river,0.0,Villeneuve Creek
9843608,-2750,river,23.3,Villeneuve Creek
707859058,-2751,river,20.6,unnamed waterway
707859125,-2751,river,24.8,unnamed waterway
707859161,-2752,river,23.2,unnamed waterway
707859305,-2753,river,21.3,unnamed waterway
707859382,-2753,river,23.7,unnamed waterway
707859358,-2754,river,21.2,unnamed waterway
707859392,-2754,river,2.2,unnamed waterway
707859402,-2756,river,24.1,Villeneuve Creek
707859404,-2756,river,24.1,Villeneuve Creek
9843615,-2756,river,25.1,Villeneuve Creek
707859257,-2757,river,21.6,unnamed waterway
707859232,-2758,river,22.5,unnamed waterway
9843609,-2758,river,21.6,unnamed waterway
707859281,-2759,river,22.6,unnamed waterway
9843615,-2759,river,23.6,unnamed waterway
9843618,-2760,river,22.4,unnamed waterway
9843617,-2761,river,23.5,unnamed waterway
9843617,-2762,river,27.8,unnamed waterway
707859240,-2763,river,25.0,unnamed waterway
9843615,-2765,river,24.7,unnamed waterway
707859240,-2766,river,24.6,unnamed waterway
707859248,-2766,river,26.5,unnamed waterway
707859406,-2766,river,12.0,unnamed waterway
707859494,-2766,river,12.1,unnamed waterway
707859291,-2767,river,26.6,unnamed waterway
707859361,-2767,river,12.2,unnamed waterway
707859404,-2769,river,23.8,unnamed waterway
707859232,-2770,river,25.0,unnamed waterway
707859248,-2770,river,26.5,unnamed waterway
707859318,-2770,river,20.0,unnamed waterway
707859521,-2771,river,23.3,unnamed waterway
707859555,-2771,river,23.1,unnamed waterway
106579734,-2772,river,12.5,unnamed waterway
707859438,-2772,river,21.2,unnamed waterway
707859511,-2772,river,23.7,unnamed waterway
707859551,-2772,river,11.1,unnamed waterway
707859555,-2772,river,23.4,unnamed waterway
707859433,-2773,river,15.3,unnamed waterway
707859558,-2773,river,23.8,unnamed waterway
707859503,-2774,river,23.0,unnamed waterway
9843620,-2774,river,23.6,unnamed waterway
707859523,-2775,river,21.1,unnamed waterway
9843625,-2775,river,27.3,unnamed waterway
707859425,-2776,river,22.0,unnamed waterway
9843624,-2776,river,25.8,unnamed waterway
707859459,-2777,river,21.6,unnamed waterway
707859461,-2777,river,26.9,unnamed waterway
707859465,-2778,river,21.6,unnamed waterway
707859558,-2780,river,8.0,unnamed waterway
9843618,-2780,river,22.7,unnamed waterway
707859523,-2781,river,24.4,unnamed waterway
707859494,-2782,river,22.3,unnamed waterway
707859496,-2782,river,24.8,unnamed waterway
28820855,-2783,river,22.2,unnamed waterway
707859465,-2783,river,24.0,unnamed waterway
707859502,-2784,river,24.4,unnamed waterway
707859521,-2784,river,18.3,unnamed waterway
9843618,-2785,river,25.9,unnamed waterway
707859438,-2786,river,26.6,unnamed waterway
707859496,-2786,river,20.6,unnamed waterway
707859623,-2787,river,29.2,unnamed waterway
13736910,-2787,river,28.3,unnamed waterway
9843630,-2788,river,22.0,unnamed waterway
707859677,-2789,river,24.8,unnamed waterway
9843627,-2789,river,1.2,unnamed waterway
9843630,-2789,river,22.0,unnamed waterway
707859047,-2790,river,22.3,unnamed waterway
707859059,-2791,river,26.6,unnamed waterway
707859628,-2791,river,21.0,unnamed waterway
707859654,-2791,river,5.7,unnamed waterway
707859667,-2792,river,22.8,unnamed waterway
9843629,-2792,river,23.0,unnamed waterway
707859612,-2793,river,0.0,unnamed waterway
707859628,-2794,river,20.4,unnamed waterway
707859660,-2794,river,21.3,unnamed waterway
707859628,-2795,river,14.4,unnamed waterway
9843627,-2795,river,16.1,unnamed waterway
707859654,-2796,river,23.7,unnamed waterway
707859673,-2797,river,22.7,unnamed waterway
707859625,-2798,river,22.9,unnamed waterway
707859652,-2798,river,22.0,unnamed waterway
9843627,-2799,river,22.6,unnamed waterway
707859630,-2800,river,22.8,unnamed waterway
707859655,-2801,river,22.4,unnamed waterway
707859672,-2801,river,20.2,unnamed waterway
707859605,-2802,river,23.7,unnamed waterway
707859630,-2802,river,25.1,unnamed waterway
104083468,-2803,river,24.5,Lantern Creek
2973149,-2803,river,24.8,Lantern Creek
1519903,-2804,river,18.2,North River
106579734,-2805,river,21.9,Gilmour Creek
9843624,-2805,river,26.3,Gilmour Creek
977578619,-2806,river,24.4,Petawawa River
977578620,-2806,river,22.7,Petawawa River
9843627,-2808,river,6.4,Hurdman Creek
13736908,-2808,river,6.0,Hurdman Creek
13736910,-2808,river,6.0,Hurdman Creek
974825081,-2809,river,3.8,Cauchon Creek
13125162,-2809,river,6.8,Cauchon Creek
13736908,-2809,river,3.8,Cauchon Creek
104083545,-2810,river,0.0,unnamed waterway
104083669,-2811,river,19.3,unnamed waterway
28820855,-2812,river,24.0,Gilmour Creek
28821262,-2812,river,13.5,Gilmour Creek
28820855,-2813,river,29.3,Gilmour Creek
707859451,-2813,river,0.0,Gilmour Creek
9843624,-2813,river,23.8,Gilmour Creek
2973149,-2814,river,27.5,unnamed waterway
106584071,-2815,river,27.2,unnamed waterway
104083449,-2816,river,11.9,unnamed waterway
104083486,-2816,river,15.9,unnamed waterway
1187447,-2818,river,16.3,unnamed waterway
1187447,-2821,river,21.4,unnamed waterway
1187447,-2823,river,0.0,unnamed waterway
78588425,-2831,river,9.4,unnamed waterway
104812202,-2875,river,26.7,unnamed waterway
105855254,-2886,river,16.8,Louie Creek
105855277,-2886,river,0.0,Louie Creek
105855286,-2888,river,17.5,unnamed waterway
105855112,-2892,river,21.0,Beaverlea Creek
603110501,-3004,river,24.0,Cartier Creek
603110509,-3006,river,20.0,unnamed waterway
603110509,-3010,river,0.0,unnamed waterway
603110556,-3010,river,0.0,unnamed waterway
603110477,-3013,river,0.0,Louie Creek
602977428,-3014,river,0.0,Louie Creek
603110477,-3014,river,11.2,Louie Creek
603110477,-3016,river,21.7,unnamed waterway
707845646,-3091,river,16.5,unnamed waterway
105855573,-3144,river,13.6,Petawawa River
1506903,-3144,river,0.0,Petawawa River
105855061,-3145,river,23.9,unnamed waterway
105855064,-3145,river,0.0,unnamed waterway
105855072,-3145,river,15.1,unnamed waterway
105855573,-3145,river,0.0,unnamed waterway
105855454,-3146,river,20.8,unnamed waterway
105855455,-3146,river,21.9,unnamed waterway
105855635,-3146,river,19.0,unnamed waterway
105855140,-3147,river,13.8,Louie Creek
105855254,-3147,river,16.4,Louie Creek
105855177,-3148,river,0.0,unnamed waterway
105855613,-3148,river,0.0,unnamed waterway
105855635,-3148,river,9.9,unnamed waterway
105855213,-3149,river,0.0,unnamed waterway
105855289,-3149,river,0.0,unnamed waterway
105855414,-3150,river,5.8,unnamed waterway
105855615,-3150,river,20.4,unnamed waterway
105855454,-3151,river,0.0,unnamed waterway
105855607,-3151,river,17.8,unnamed waterway
105855414,-3152,river,0.0,unnamed waterway
105855573,-3152,river,0.0,unnamed waterway
105855141,-3153,river,11.2,unnamed waterway
105855075,-3154,river,15.9,Cartier Creek
105855128,-3155,river,29.4,unnamed waterway
105855279,-3155,river,0.0,unnamed waterway
105855573,-3156,river,21.1,unnamed waterway
105855699,-3156,river,0.0,unnamed waterway
105855289,-3157,river,19.6,unnamed waterway
435953829,-3157,river,0.0,unnamed waterway
105855225,-3158,river,18.8,unnamed waterway
105855289,-3158,river,24.5,unnamed waterway
105855286,-3159,river,21.6,unnamed waterway
435953829,-3161,river,20.2,unnamed waterway
435953829,-3162,river,23.6,unnamed waterway
603006205,-3164,river,15.3,Cartier Creek
603110482,-3164,river,27.6,Cartier Creek
603110539,-3166,river,21.6,unnamed waterway
603121428,-3167,river,0.0,unnamed waterway
603110663,-3168,river,0.0,unnamed waterway
8415358,-3168,river,24.2,unnamed waterway
603006205,-3169,river,28.1,Cartier Creek
603110494,-3169,river,16.3,Cartier Creek
603110478,-3170,river,23.9,unnamed waterway
662224343,-3171,river,26.5,Cartier Creek
603006226,-3172,river,0.0,unnamed waterway
603110505,-3172,river,26.7,unnamed waterway
603110477,-3173,river,28.6,unnamed waterway
602977428,-3174,river,22.3,unnamed waterway
603110494,-3175,river,0.0,unnamed waterway
603110501,-3176,river,4.2,unnamed waterway
603110492,-3177,river,0.0,unnamed waterway
603110509,-3177,river,25.2,unnamed waterway
603110493,-3178,river,27.6,unnamed waterway
603110499,-3178,river,3.0,unnamed waterway
603110499,-3179,river,24.8,unnamed waterway
603110489,-3180,river,3.0,unnamed waterway
603006226,-3181,river,25.4,unnamed waterway
603110605,-3183,river,23.9,unnamed waterway
603006226,-3184,river,28.4,unnamed waterway
603006226,-3185,river,10.5,unnamed waterway
603110499,-3186,river,23.0,unnamed waterway
603110501,-3186,river,25.9,unnamed waterway
8415352,-3187,river,2.4,unnamed waterway
603110605,-3188,river,9.3,unnamed waterway
603110527,-3189,river,0.0,unnamed waterway
603110605,-3189,river,25.2,unnamed waterway
74647337,975803919,channel,0.0,shared shore
74647357,78033335,channel,0.0,shared shore
82610307,181035384,channel,0.0,shared shore
82616108,181014547,channel,0.0,shared shore
82616570,181034002,channel,0.0,shared shore
180739422,180739446,channel,0.0,shared shore
180739422,2411726,channel,0.0,shared shore
180739446,2411732,channel,0.0,shared shore
180740045,2411732,channel,0.0,shared shore
180740045,2998118,channel,0.0,shared shore
180740253,2998118,channel,0.0,shared shore
180740253,6463477,channel,0.0,shared shore
180752809,2998118,channel,0.0,shared shore
180764793,2412306,channel,0.0,shared shore
180764860,2412306,channel,0.0,shared shore
181014547,181020704,channel,0.0,shared shore
181014547,2412306,channel,0.0,shared shore
181020704,181020709,channel,0.0,shared shore
181033274,2412306,channel,0.0,shared shore
181033676,2412306,channel,0.0,shared shore
181033717,2412306,channel,0.0,shared shore
181033730,2412306,channel,0.0,shared shore
181034811,181034813,channel,0.0,shared shore
181035396,181069992,channel,0.0,shared shore
181069954,181069957,channel,0.0,shared shore
975803921,1182171,channel,0.0,shared shore
1152997388,1152997389,channel,0.0,shared shore
1152997389,2998120,channel,0.0,shared shore
1532448641,2998118,channel,0.0,shared shore
2412306,2998118,channel,0.0,shared shore
6463476,181285159,channel,0.0,shared shore
6463477,180753051,channel,0.0,shared shore
58461252,80565551,channel,0.0,shared shore
58461712,1042373089,channel,0.0,shared shore
58461712,1150566327,channel,0.0,shared shore
80505575,80507116,channel,0.0,shared shore
80505683,82422170,channel,0.0,shared shore
80505697,1208470,channel,0.0,shared shore
80507003,1239538,channel,0.0,shared shore
80507086,80507874,channel,0.0,shared shore
80507766,80561778,channel,0.0,shared shore
80507847,80561493,channel,0.0,shared shore
80507923,80561509,channel,0.0,shared shore
80556585,1043308526,channel,0.0,shared shore
80561508,80562603,channel,0.0,shared shore
80561528,1046241887,channel,0.0,shared shore
80561613,80565944,channel,0.0,shared shore
80561764,80565942,channel,0.0,shared shore
80562603,80566341,channel,0.0,shared shore
80562603,80566403,channel,0.0,shared shore
80565523,80566076,channel,0.0,shared shore
80565564,80565920,channel,0.0,shared shore
80565627,80565921,channel,0.0,shared shore
82450466,82452032,channel,0.0,shared shore
82450466,82452085,channel,0.0,shared shore
82450526,82451759,channel,0.0,shared shore
82450685,82451965,channel,0.0,shared shore
166123407,166123502,channel,0.0,shared shore
166189583,166189657,channel,0.0,shared shore
166189604,166189614,channel,0.0,shared shore
166189608,166189609,channel,0.0,shared shore
166189657,2214853,channel,0.0,shared shore
166189657,2974053,channel,0.0,shared shore
166311002,166311005,channel,0.0,shared shore
181590616,2421874,channel,0.0,shared shore
181938475,181938493,channel,0.0,shared shore
182190740,2427708,channel,0.0,shared shore
1042373089,1042373090,channel,0.0,shared shore
1182607035,1208433,channel,0.0,shared shore
1152943,6498256,channel,0.0,shared shore
2214853,166237910,channel,0.0,shared shore
2216559,2216562,channel,0.0,shared shore
2216561,2216562,channel,0.0,shared shore
2216561,166310997,channel,0.0,shared shore
2422026,2422027,channel,0.0,shared shore
2425117,2974053,channel,0.0,shared shore
2425117,6498256,channel,0.0,shared shore
2974053,6549546,channel,0.0,shared shore
59666146,143841835,channel,0.0,shared shore
59672245,1152504908,channel,0.0,shared shore
59847283,931721,channel,0.0,shared shore
74717316,78028001,channel,0.0,shared shore
74717346,78028355,channel,0.0,shared shore
74719546,78028278,channel,0.0,shared shore
74719599,78027169,channel,0.0,shared shore
74719611,78028712,channel,0.0,shared shore
75195802,77890703,channel,0.0,shared shore
77847780,77849549,channel,0.0,shared shore
77847858,77849625,channel,0.0,shared shore
77890612,180993089,channel,0.0,shared shore
78033415,78039970,channel,0.0,shared shore
78040082,78046400,channel,0.0,shared shore
78040273,78046500,channel,0.0,shared shore
78133259,78168247,channel,0.0,shared shore
104140481,1474908,channel,0.0,shared shore
104198902,104217633,channel,0.0,shared shore
105808680,1948767,channel,0.0,shared shore
105808798,143846987,channel,0.0,shared shore
180902866,2411957,channel,0.0,shared shore
180903574,180904163,channel,0.0,shared shore
180903574,2415347,channel,0.0,shared shore
180904163,2413882,channel,0.0,shared shore
180904956,180904983,channel,0.0,shared shore
180991153,180991174,channel,0.0,shared shore
180992759,2415474,channel,0.0,shared shore
181010290,2415347,channel,0.0,shared shore
976130940,1475590,channel,0.0,shared shore
976130940,15577464,channel,0.0,shared shore
1151346315,2998117,channel,0.0,shared shore
1184537353,1180932,channel,0.0,shared shore
1948730,1948731,channel,0.0,shared shore
2411957,2416860,channel,0.0,shared shore
2413882,2416860,channel,0.0,shared shore
2415090,2415347,channel,0.0,shared shore
2415474,2415475,channel,0.0,shared shore
2990354,2990355,channel,0.0,shared shore
2997921,144048550,channel,0.0,shared shore
6462741,6462738,channel,0.0,shared shore
6463261,13125166,channel,0.0,shared shore
74163235,74889166,channel,0.0,shared shore
74384822,2221713,channel,0.0,shared shore
74891615,1151865,channel,0.0,shared shore
75033793,2974045,channel,0.0,shared shore
75033874,180603728,channel,0.0,shared shore
75034247,78413131,channel,0.0,shared shore
75034292,75034828,channel,0.0,shared shore
75034396,2974045,channel,0.0,shared shore
75083194,2214856,channel,0.0,shared shore
75083199,75097670,channel,0.0,shared shore
75196319,77847629,channel,0.0,shared shore
75204725,77848807,channel,0.0,shared shore
75251541,78510047,channel,0.0,shared shore
75257857,161491521,channel,0.0,shared shore
75257890,161491749,channel,0.0,shared shore
75258072,75475490,channel,0.0,shared shore
75258084,75475490,channel,0.0,shared shore
75356078,161485981,channel,0.0,shared shore
75356255,161485981,channel,0.0,shared shore
75403363,180562725,channel,0.0,shared shore
75403391,78631221,channel,0.0,shared shore
75403526,180388820,channel,0.0,shared shore
75403526,2406676,channel,0.0,shared shore
75403527,78631108,channel,0.0,shared shore
75430901,78510057,channel,0.0,shared shore
75430901,2406676,channel,0.0,shared shore
75430901,2408816,channel,0.0,shared shore
77847715,6462738,channel,0.0,shared shore
77847969,77848779,channel,0.0,shared shore
77848686,180700567,channel,0.0,shared shore
78509860,78631157,channel,0.0,shared shore
78510057,2406676,channel,0.0,shared shore
78510057,2408816,channel,0.0,shared shore
78510462,2408816,channel,0.0,shared shore
104082107,976161222,channel,0.0,shared shore
104082107,976161226,channel,0.0,shared shore
104082151,976161222,channel,0.0,shared shore
104130787,104136120,channel,0.0,shared shore
104136061,976161236,channel,0.0,shared shore
104136089,6529609,channel,0.0,shared shore
160624877,160624908,channel,0.0,shared shore
160624908,2974045,channel,0.0,shared shore
160652679,160652731,channel,0.0,shared shore
160652679,6529634,channel,0.0,shared shore
160652731,2148867,channel,0.0,shared shore
161484740,2163081,channel,0.0,shared shore
161484740,6529634,channel,0.0,shared shore
161485976,2163081,channel,0.0,shared shore
161491521,161491523,channel,0.0,shared shore
161492017,161492047,channel,0.0,shared shore
161492047,180625690,channel,0.0,shared shore
161496073,2974045,channel,0.0,shared shore
161496527,161496528,channel,0.0,shared shore
161499980,2163193,channel,0.0,shared shore
161500961,2163205,channel,0.0,shared shore
166079367,2212857,channel,0.0,shared shore
166079367,2212875,channel,0.0,shared shore
166089545,166089547,channel,0.0,shared shore
166089949,2212997,channel,0.0,shared shore
166090010,2213003,channel,0.0,shared shore
166090027,166090028,channel,0.0,shared shore
166122577,2213666,channel,0.0,shared shore
166125392,166187140,channel,0.0,shared shore
166125419,166187171,channel,0.0,shared shore
166184303,2221711,channel,0.0,shared shore
166189528,166189529,channel,0.0,shared shore
166189537,166189538,channel,0.0,shared shore
166189545,2214849,channel,0.0,shared shore
166307949,166307951,channel,0.0,shared shore
166307949,166307953,channel,0.0,shared shore
166308014,166308015,channel,0.0,shared shore
180388820,2406676,channel,0.0,shared shore
180562725,6529634,channel,0.0,shared shore
180569520,2409417,channel,0.0,shared shore
180569520,2409418,channel,0.0,shared shore
180569536,180569539,channel,0.0,shared shore
180569686,2409423,channel,0.0,shared shore
180569686,2974105,channel,0.0,shared shore
180625690,2974105,channel,0.0,shared shore
180689693,2410187,channel,0.0,shared shore
180700567,2410185,channel,0.0,shared shore
180700567,2410187,channel,0.0,shared shore
180752934,180752943,channel,0.0,shared shore
181022852,2415716,channel,0.0,shared shore
181688957,2423130,channel,0.0,shared shore
181688957,2973296,channel,0.0,shared shore
976161226,976161230,channel,0.0,shared shore
976161230,13125165,channel,0.0,shared shore
976161236,1474867,channel,0.0,shared shore
976161236,13125166,channel,0.0,shared shore
1040595828,13927973,channel,0.0,shared shore
1040595830,1186076,channel,0.0,shared shore
1040595830,13927973,channel,0.0,shared shore
1041319640,1186076,channel,0.0,shared shore
1188735226,2974045,channel,0.0,shared shore
1474988,15577463,channel,0.0,shared shore
2163171,2974045,channel,0.0,shared shore
2163174,2974045,channel,0.0,shared shore
2212856,2212857,channel,0.0,shared shore
2212875,2212997,channel,0.0,shared shore
2212875,6159440,channel,0.0,shared shore
2212997,2213666,channel,0.0,shared shore
2406676,2408816,channel,0.0,shared shore
2406676,6529634,channel,0.0,shared shore
2408816,2409417,channel,0.0,shared shore
2409418,2409423,channel,0.0,shared shore
2410185,2974045,channel,0.0,shared shore
2973184,2973185,channel,0.0,shared shore
2973184,2973187,channel,0.0,shared shore
2973184,13125164,channel,0.0,shared shore
75356200,78557668,channel,0.0,shared shore
75356210,78557735,channel,0.0,shared shore
75364180,75484053,channel,0.0,shared shore
75489665,78577900,channel,0.0,shared shore
78412698,3376432,channel,0.0,shared shore
78413002,78414094,channel,0.0,shared shore
78414230,78415171,channel,0.0,shared shore
78415263,78427523,channel,0.0,shared shore
78557746,78567698,channel,0.0,shared shore
78557747,1186134,channel,0.0,shared shore
78558058,1187859,channel,0.0,shared shore
78567712,104794214,channel,0.0,shared shore
78567737,78578446,channel,0.0,shared shore
78567760,104793900,channel,0.0,shared shore
78567853,1187857,channel,0.0,shared shore
78567924,78577814,channel,0.0,shared shore
78567955,1187944,channel,0.0,shared shore
78567980,78578228,channel,0.0,shared shore
78568075,78578446,channel,0.0,shared shore
78568246,78578579,channel,0.0,shared shore
78568246,78578594,channel,0.0,shared shore
78568256,78578580,channel,0.0,shared shore
104741973,104747979,channel,0.0,shared shore
104742006,104748199,channel,0.0,shared shore
104742299,104743237,channel,0.0,shared shore
104748023,104792259,channel,0.0,shared shore
104748060,104791711,channel,0.0,shared shore
104748120,104793862,channel,0.0,shared shore
104748329,104792779,channel,0.0,shared shore
104748440,104748443,channel,0.0,shared shore
104791709,104800039,channel,0.0,shared shore
104793062,104802534,channel,0.0,shared shore
104793062,104802565,channel,0.0,shared shore
104794661,104803232,channel,0.0,shared shore
104800180,104803927,channel,0.0,shared shore
104803232,1137099261,channel,0.0,shared shore
105868484,1483831,channel,0.0,shared shore
251662777,3376431,channel,0.0,shared shore
251662778,3376428,channel,0.0,shared shore
427364431,6358257,channel,0.0,shared shore
427364654,427364773,channel,0.0,shared shore
427364846,427364955,channel,0.0,shared shore
1190940455,1190940456,channel,0.0,shared shore
1187447,977578620,channel,0.0,shared shore
3376429,3376430,channel,0.0,shared shore
3376429,3376431,channel,0.0,shared shore
105863506,435954587,channel,0.0,shared shore
105868258,656629227,channel,0.0,shared shore
105869876,656629155,channel,0.0,shared shore
435954587,436095662,channel,0.0,shared shore
435956220,435956748,channel,0.0,shared shore
435956220,435956770,channel,0.0,shared shore
435956228,435956777,channel,0.0,shared shore
435956265,435956747,channel,0.0,shared shore
435956278,6465281,channel,0.0,shared shore
435956328,435956749,channel,0.0,shared shore
435956369,6465281,channel,0.0,shared shore
435956378,6465281,channel,0.0,shared shore
435956482,435956559,channel,0.0,shared shore
435956523,435956664,channel,0.0,shared shore
435956526,435956748,channel,0.0,shared shore
435956526,435956770,channel,0.0,shared shore
435956529,435956570,channel,0.0,shared shore
435956529,435956738,channel,0.0,shared shore
435956551,435956770,channel,0.0,shared shore
435956570,435956738,channel,0.0,shared shore
435956612,435956772,channel,0.0,shared shore
435956618,435956750,channel,0.0,shared shore
435956671,435956747,channel,0.0,shared shore
435956675,435956754,channel,0.0,shared shore
435956698,6465254,channel,0.0,shared shore
435956704,435956839,channel,0.0,shared shore
435956727,656629163,channel,0.0,shared shore
435956749,435956838,channel,0.0,shared shore
435956754,435956772,channel,0.0,shared shore
435956854,6465253,channel,0.0,shared shore
435968010,435968084,channel,0.0,shared shore
435968195,435968196,channel,0.0,shared shore
591047518,656629270,channel,0.0,shared shore
591064517,656760276,channel,0.0,shared shore
591064558,656760274,channel,0.0,shared shore
591064621,591064695,channel,0.0,shared shore
591064663,591064698,channel,0.0,shared shore
591064667,591064695,channel,0.0,shared shore
591064668,591106658,channel,0.0,shared shore
656629266,656760268,channel,0.0,shared shore
6465234,435953829,channel,0.0,shared shore
6465277,6465281,channel,0.0,shared shore
59667414,1955237,channel,0.0,shared shore
59672187,59775654,channel,0.0,shared shore
59675760,1955887,channel,0.0,shared shore
59770373,930579,channel,0.0,shared shore
104345865,1958552,channel,0.0,shared shore
105508752,144081824,channel,0.0,shared shore
106573995,2997936,channel,0.0,shared shore
106582376,144597293,channel,0.0,shared shore
144338617,2997936,channel,0.0,shared shore
144795284,1958959,channel,0.0,shared shore
161005620,161005715,channel,0.0,shared shore
975045678,930579,channel,0.0,shared shore
1519741,13073534,channel,0.0,shared shore
1764738,2998019,channel,0.0,shared shore
28820855,707859451,channel,0.0,shared shore
78516948,78602577,channel,0.0,shared shore
78517231,78602798,channel,0.0,shared shore
78528063,78602339,channel,0.0,shared shore
78528671,78602802,channel,0.0,shared shore
104083507,104083526,channel,0.0,shared shore
104083821,2973186,channel,0.0,shared shore
104145525,2973186,channel,0.0,shared shore
106583011,13140333,channel,0.0,shared shore
106590843,106590920,channel,0.0,shared shore
106602369,1189008580,channel,0.0,shared shore
106602420,1519904,channel,0.0,shared shore
106602509,222042188,channel,0.0,shared shore
222042186,222042188,channel,0.0,shared shore
222042186,977578621,channel,0.0,shared shore
222042186,1188242,channel,0.0,shared shore
222042188,2937418,channel,0.0,shared shore
680569320,9445138,channel,0.0,shared shore
680569320,16086962,channel,0.0,shared shore
680569512,707845878,channel,0.0,shared shore
680569521,707845878,channel,0.0,shared shore
680569533,680569563,channel,0.0,shared shore
680569567,9843440,channel,0.0,shared shore
680569574,680569592,channel,0.0,shared shore
680795859,9448584,channel,0.0,shared shore
707826929,707845473,channel,0.0,shared shore
707845414,707845521,channel,0.0,shared shore
707859102,707859132,channel,0.0,shared shore
707859107,707859168,channel,0.0,shared shore
707859274,707859382,channel,0.0,shared shore
707859294,707859363,channel,0.0,shared shore
707859433,9843620,channel,0.0,shared shore
707859441,707859489,channel,0.0,shared shore
707859441,707859531,channel,0.0,shared shore
707859448,9843619,channel,0.0,shared shore
707859451,9843624,channel,0.0,shared shore
707859680,9843631,channel,0.0,shared shore
974825081,13125162,channel,0.0,shared shore
974825081,13736908,channel,0.0,shared shore
977578619,977578620,channel,0.0,shared shore
977578619,13140332,channel,0.0,shared shore
977578621,18050393,channel,0.0,shared shore
977578664,1519904,channel,0.0,shared shore
977578664,13140333,channel,0.0,shared shore
977578668,1519904,channel,0.0,shared shore
1188960604,1474454,channel,0.0,shared shore
1189008580,8485316,channel,0.0,shared shore
1519903,2937418,channel,0.0,shared shore
1519903,8485316,channel,0.0,shared shore
1519904,2937418,channel,0.0,shared shore
2973149,2973186,channel,0.0,shared shore
2973149,13125162,channel,0.0,shared shore
2973149,13125163,channel,0.0,shared shore
2973149,13140333,channel,0.0,shared shore
9445136,9445138,channel,0.0,shared shore
9843627,13736910,channel,0.0,shared shore
13140332,18050393,channel,0.0,shared shore
13736908,13736910,channel,0.0,shared shore
105855213,9135125,channel,0.0,shared shore
105855573,977660225,channel,0.0,shared shore
105855573,1506903,channel,0.0,shared shore
435953829,977660225,channel,0.0,shared shore
